1776677654.719569 | 1 1 1 1 10 40.900046223327415 -72.3500164156019 1.873857619887351 0.18421010303321728 0.42561070211532237 8.041156998166533 -0.7153652188438819 1.0350077346155837 0 14.07499366054526 1013.8665700879959 11.789207510648305 14.308058366489536 37.44516885483894
1776677654.8215675 | 1 1 1 1 11 40.90000303726906 -72.35001384642537 4.028416794535615 0.9330044972341336 0.6624747305027026 8.333487911492227 -1.2011603385710234 2.6602676112280434 0 14.961345416246381 1012.1168944439686 7.644959105436469 15.292721627924795 37.66544512155627
1776677654.9225664 | 1 1 1 1 10 40.90004531550035 -72.34997004127074 4.90508944206007 0.08648121091007255 0.3364808748261203 9.013944074076411 -0.4487989341004708 1.1461742376378483 0 15.105327360632986 1012.5608118854897 2.293348682089582 14.783644197667453 37.36442564601908
1776677655.023565 | 1 1 1 1 12 40.900026057036676 -72.34998853770111 0.47985810205126267 0.9188035637937524 -0.5733124386524027 9.632997023443108 3.4094916790333265 -1.2157656173376208 0 15.790267285892996 1012.2899538694124 17.46653291894418 15.799537634595655 63.38183238711029
1776677655.1245637 | 1 1 1 1 12 40.90007413116988 -72.35001020452877 1.133480080366327 0.15225621441782566 -0.2892857273165854 9.264970253379449 4.829011098368884 2.594664424716485 0 14.491126830949256 1012.5267509300608 0.06720042899613565 14.893416342206926 45.69172410716568
1776677655.2285624 | 1 1 1 1 9 40.900090981980924 -72.35005810912597 2.814234088612273 -0.8959854075392981 0.42633090368294435 9.18079841435376 1.2738698997912188 4.869272593018074 0 15.96115446665246 1013.5392512722693 8.869816503231611 16.18797133990146 35.113519403576404
1776677655.3345613 | 1 1 1 1 8 40.90009680690858 -72.35010473998308 1.2822782476040195 0.4781859641327306 -0.4488876578971661 9.829029773917444 0.03421884705252154 1.178537266682281 0 15.713087414373346 1012.9987212639767 13.131365688495954 15.834161688469582 69.61555370634325
1776677655.4415598 | 1 1 1 1 10 40.90011680638349 -72.3501032105449 2.393781371983957 -0.8362087293608911 0.05611074261496962 8.496874335466254 -3.286138252840831 -1.627524077596071 0 15.140346231134227 1012.5160577684727 -0.5639612967154211 14.684980085905956 59.78211857750182
1776677655.5425587 | 1 1 1 1 7 40.900128054195726 -72.35012116181049 2.1989600727148932 -0.12029739249135551 -0.1526061262204812 8.956601431993018 -2.0501253514739446 -4.544975908635109 0 15.917605210070953 1012.2574408514786 11.963211287285777 15.77650640958099 51.060480221001285
1776677655.6445572 | 1 1 1 1 9 40.90016920584157 -72.35009569448223 2.521996456722066 -0.5453465253951622 0.09683449235902852 8.505299545228585 3.289926438456103 3.7623057058956473 0 14.784598111194931 1013.6213694022069 -17.428272858033573 14.494233500508805 64.29630010367342
1776677655.7455559 | 1 1 1 1 10 40.900207613118475 -72.35014411003363 3.366766534468846 0.18278882509684036 0.5293102102252287 9.69491318391666 -3.3848502751149647 1.7255679837530815 0 15.00259208556909 1013.5810318085056 12.639305281539096 15.267939820931431 52.1093359547126
1776677655.8455548 | 1 1 1 1 8 40.900252294447036 -72.35011100439927 0.34449275081157027 -0.006306038708989714 0.23634502849122718 9.065862490010497 -1.9396640745528848 0.8300162244035167 0 14.346198236241184 1012.7124268152119 1.0965492620567743 14.417755853470991 37.74525679951029
1776677655.9445536 | 1 1 1 1 6 40.90020276525708 -72.35010239848481 1.505268096403423 0.9176610098248255 -0.5027805019469738 8.968607840353558 2.9284042923666656 -4.537297035916101 0 15.085406754536026 1013.3108814835477 19.969193034050985 14.916260440288076 36.95394724755739
1776677656.0475523 | 1 1 1 1 7 40.90024222129158 -72.35010045318454 0.045653593588030894 -0.09531742767803375 -0.5684930926545408 9.873247955411376 2.543501943448666 2.0302288891925944 0 15.562911422584442 1012.1056227595091 1.1732148319766038 15.366482813188519 59.2534055382101
1776677656.1575508 | 1 1 1 1 8 40.90022254757058 -72.35006775330666 2.3585894614143648 -0.7648108810107528 -0.5032286687240901 9.02132806543347 0.6330170144718785 2.4405971510850595 0 14.212375004044368 1013.0222130625007 21.131160402497525 14.415657014389542 69.81502294373334
1776677656.2565496 | 1 1 1 1 9 40.900214043183844 -72.35010456850013 0.5400344951444047 -0.9301333305287218 0.9687057851246765 8.889292106162626 3.2540057661118684 4.565386545337823 0 15.217665954663378 1012.5887874818687 -4.618925027074764 15.364852056967534 52.717789975648
1776677656.3555484 | 1 1 1 1 10 40.90018564725175 -72.35014523013143 0.8038446232760216 -0.6936656082408441 -0.6498582715666448 9.640529541150926 -3.9929456916360637 -3.746952486534969 0 15.734630051538987 1012.9489028961798 19.994791313741302 15.728112164327856 51.57042591560386
1776677656.4545472 | 1 1 1 1 8 40.900207242041596 -72.3501243720013 2.158719098660508 0.5408494390885723 0.9741479257081993 8.629714866293769 1.1936169844965328 -0.49645671297314564 0 14.08420123184873 1013.8475148335727 -10.363254257392445 14.168128907732159 39.63133636038259
1776677656.5545459 | 1 1 1 1 10 40.90023005004862 -72.3501005900116 3.5943455521932055 -0.597451908413243 0.6768576221938103 9.148983357120391 -0.8240491427042773 1.0171918073101764 0 15.903757318511573 1013.6782119885501 22.502064783067574 16.30690819663087 59.70033666780621
1776677656.6555448 | 1 1 1 1 10 40.900210119701605 -72.35005106422733 2.2960418657506274 -0.31920921629084487 -0.23897917476399244 9.10227731725115 -3.178319985034419 -0.8784897957810136 0 15.945369014104482 1012.4468948517751 -17.180075968537 15.782583711846671 58.77138853659873
1776677656.7555435 | 1 1 1 1 10 40.90019787399576 -72.35009958183855 117.08686633669448 0.656142664562078 0.5046321235573612 11.47291391606868 3.326842488824612 4.776630095057824 120 14.036911813464446 1009.6004867808964 123.19108603090784 13.628156992577248 53.69645297226919
1776677656.8545423 | 1 1 1 1 12 40.900152670031424 -72.35014067431203 241.46159240189604 0.6202586593922392 -0.45317674586821677 14.759512624374223 -3.204328548284252 -3.7196109786254183 120 14.700801348099507 1004.7630317187154 251.79935717200445 14.634838877887773 31.4986599263825
1776677656.954541 | 1 1 1 1 9 40.90019575840187 -72.35009458316684 366.127735816205 0.6550815751139147 0.7272344816361944 11.153074957384534 0.35567462241101033 -4.933458352257633 120 13.3884307933532 1001.4614562682581 352.4229106510143 13.882731769845375 61.317170399424725
1776677657.0545397 | 1 1 1 1 12 40.90021123113718 -72.3501258202263 482.5148472030801 0.34508439880685415 -0.19537219133989758 11.225553192616744 -2.571057731791454 -3.1153068127613412 120 13.902032876219627 998.5973912654218 472.5873496818667 13.788565310940681 60.04558878360728
1776677657.1545384 | 1 1 1 1 7 40.9002317523822 -72.350108121638 598.7980378028666 -0.42733319902372147 0.16196214103359652 13.542809924027083 -0.8575444280044255 0.6097036579473656 120 14.703220192850697 995.3834132166678 616.5228345367643 14.275796945571502 64.92383617170164
1776677657.2555375 | 1 1 1 1 11 40.90020815455521 -72.3501466811167 715.4251121776035 0.8898498844692029 -0.9518158696816412 10.913735652852711 3.0922373415646245 -0.4937727999839989 120 13.218854727854815 991.4154314166636 730.5980431440419 13.093341055525318 59.259697203914016
1776677657.3555362 | 1 1 1 1 12 40.90025216081972 -72.35018592453088 841.2978355780203 0.38385016059888355 0.27662930527053975 13.06043127793475 3.3415852405220576 -0.3136197373532612 120 12.932699216568702 987.6420603698076 858.0902225959624 12.718400649379634 44.58914232758977
1776677657.455535 | 1 1 1 1 6 40.900254940140975 -72.3501897984148 956.3677111256776 0.5412618013007202 0.8846863546408557 13.562226764749042 4.834270948548086 3.582642281745855 120 12.246864255793932 984.2981867590272 956.8957348080231 12.601960271542392 60.82619934202418
1776677657.5675333 | 1 1 1 1 12 40.90026667374865 -72.350232000631 1081.2043416037486 0.7252595924591638 -0.050655329646274616 11.876376490230903 0.06606349398070588 4.813195914119142 120 13.532262278983403 980.6545119118925 1093.7244185948023 13.754855176628503 48.44378824405698
1776677657.676532 | 1 1 1 1 7 40.90024345579769 -72.35024763532402 1193.3433048805896 -0.28491989391724304 0.6217777204932617 9.376142146721731 4.504744894548034 -2.7817302930181818 120 11.94855351422387 976.9315903767615 1202.9069614107984 12.1546965501249 49.54770533737076
1776677657.7785308 | 1 1 1 1 8 40.900205418883566 -72.35025053394739 1305.5618670692895 0.7775303614391011 -0.7871395711697897 11.342144656373348 -3.122002208879974 1.4508446252182141 120 11.593325042024905 973.9806273725112 1299.9471666609147 11.280580147269992 42.89086555148481
1776677657.8805294 | 1 1 1 1 8 40.90016949543062 -72.3502401939668 1422.4944557996143 0.9731198981822178 0.8513507657502535 9.120134896746032 -1.848297330879424 -3.4932656234546275 120 11.337737533751053 969.5420759148055 1424.486426697095 11.1909721974064 52.95247465162853
1776677657.9795282 | 1 1 1 1 7 40.90015679455942 -72.35025582455303 1552.4002849626338 -0.10519772185282017 0.8747356904802575 14.351276030053224 -1.4793190085145556 -4.916281562308575 120 11.574320364311472 966.4697360332431 1569.128535571507 11.608423196046882 61.221059648187975
1776677658.079527 | 1 1 1 1 10 40.900125380683285 -72.3502666098891 1682.1999420123027 0.9050313242362686 0.5805870573996987 10.29107215857602 -2.027306206274951 1.429596835651493 120 10.840758260335305 961.5928387569469 1680.4409682953683 10.451780675132177 31.099966643558435
1776677658.1795259 | 1 1 1 1 10 40.9001131751724 -72.35025717014159 1807.4766554226544 0.42298334136772 0.5226305555975814 11.725674514593917 -3.956935810114075 1.9550034292645826 120 11.897966968759157 958.1916368231041 1794.797599573137 11.861236961592377 45.54741357889503
1776677658.2795246 | 1 1 1 1 8 40.90014985115825 -72.35020770231183 1919.3912661632276 0.005871944666141049 -0.6664560072926042 11.32034662657501 -3.3239815519563596 -3.2518393878166374 120 10.33755381862792 955.3628027051464 1913.030244705153 10.602750095434658 53.202262355969
1776677658.3785233 | 1 1 1 1 8 40.9001132300505 -72.35018043722165 2036.7092274053684 0.36993275605285114 0.5573190832364714 10.839602146204866 -4.738146759043018 4.229488349084127 120 11.398404159065983 951.2094772045022 2056.557430939313 11.572709887223196 65.86697912977691
1776677658.480522 | 1 1 1 1 11 40.900085182618014 -72.35019668362237 2148.7860307868823 0.0730834180309623 0.9825255622630056 12.981824939138239 -3.7887548893774934 2.2941903258636733 120 11.665379141042898 948.6965125557357 2147.7571104388862 11.453384809481056 39.022117819989305
1776677658.5795207 | 1 1 1 1 10 40.90006681536892 -72.35015610801025 2268.2538597349517 0.2930002362006947 0.21432031796662598 11.850173341933658 -3.670915220726595 -1.342464580987346 120 9.68250484653969 945.4101670477464 2281.2553857112557 9.18552436265839 69.56949143761005
1776677658.7095191 | 1 1 1 1 11 40.900042584602915 -72.35016690351297 2385.434338768941 0.5824730637233486 -0.07379078135278472 13.633627900558261 0.9724413463699939 -0.1286756314879236 120 9.951435999486797 941.85965667563 2400.2841150708487 9.753031083014676 64.15692275975678
1776677658.8285177 | 1 1 1 1 11 40.90009064808824 -72.35016795833866 2498.3876485722362 -0.37361724571069566 -0.39309429564424003 14.495669524237657 -3.3791003982161696 0.43820507824134136 120 10.352354757592266 938.2018332592061 2500.3896757933007 10.434742787860486 69.94803271596979
1776677658.9315164 | 1 1 1 1 7 40.90004296714252 -72.35013940111337 2616.1999772144236 0.025741477521237677 -0.012393863951607909 11.33407154603443 -4.715380567901929 2.9482073294262348 120 9.455964677528288 934.3934421858659 2603.960322535277 8.975727029148796 67.10336409095734
1776677659.048515 | 1 1 1 1 11 40.90005710430274 -72.35016262807227 2728.997318014133 -0.19672871402825853 -0.9413413146000631 9.187565885681481 -2.803231473604859 -4.857484979659121 120 9.437825749960263 930.7624785739358 2710.0615264336 9.416101498670399 43.225646689454095
1776677659.1635137 | 1 1 1 1 10 40.900077758020586 -72.35012175620324 2843.00487182732 -0.3626376590931073 0.4002400889818649 13.526393050960554 -0.5490731321114595 1.1011850413856692 120 10.187247424256979 927.726116825538 2825.077618556985 10.563299168797963 36.81664859672936
1776677659.274512 | 1 1 1 1 8 40.9000964254872 -72.35014285044856 2954.160058285845 0.2374142288796539 -0.14363427340174106 11.639639105885657 3.6353594271160503 3.013418508368556 120 9.789363692470884 923.7000598325162 2941.118763392534 9.685510624457908 62.204786630448254
1776677659.4005105 | 1 1 1 1 11 40.90007480827959 -72.35015501855078 3077.6865456331225 0.340802434969532 -0.6780380188310626 11.095890957310964 -0.699438669328635 -1.5542162823308159 120 9.439064252774545 920.1628595511736 3068.8475067697746 9.83209564517582 52.356674154032504
1776677659.5045092 | 1 1 1 1 9 40.900099035922906 -72.35012179798458 3197.1143116878447 0.9446894099431455 -0.6455947123804686 10.477964571929135 3.7590769277841822 -0.6062180960879271 120 8.82521596318333 916.4840757600505 3203.8339652802924 8.3489412100724 42.931705784987955
1776677659.617508 | 1 1 1 1 6 40.90012516283196 -72.35011194392295 3319.11535533686 0.7894949484875255 0.24963977790759917 12.428419479754181 -0.3953680133774915 -0.5552877384180217 120 9.243340574351723 912.7163497101315 3300.2440650987924 9.150014430143415 63.05775667846862
1776677659.7425063 | 1 1 1 1 11 40.90014258685099 -72.35007525402659 3448.275071490752 -0.49789788367757604 -0.35861883627316926 11.321168396853533 1.7945398521836884 -2.0412910819329255 120 7.922853365748985 909.4089792326781 3429.3863773500925 8.374648527244766 50.15950176876317
1776677659.845505 | 1 1 1 1 11 40.90012304237142 -72.35003358447291 3573.6910334516415 -0.05283646208408155 0.6539080027609112 14.394699575913183 3.2123407064531424 4.4940447071587375 120 7.856408945992181 905.8733313716477 3565.5402387148206 8.276074964625483 50.75922518763521
1776677659.9595037 | 1 1 1 1 12 40.90010825900982 -72.35007286958086 3692.7908737680323 -0.1718094693323995 0.13739247298454238 9.007032126129275 -3.776729583353239 -1.1121568465859202 120 8.450615778719184 902.501160205697 3695.1745652452255 8.493171320945462 40.38070305968924
1776677660.087502 | 1 1 1 1 10 40.900096841128374 -72.35009916612644 3822.006853696043 -0.39666417566666534 0.35752071869871593 10.696954445023714 -0.629892857555463 3.137451480747444 120 7.369355855723272 897.6848987343533 3831.1789573087276 7.574598176543478 51.24629982081673
1776677660.1885006 | 1 1 1 1 6 40.90009709213724 -72.35006605760114 3951.478937120557 -0.6453711986698056 0.8588386578503024 9.92285797337089 -4.502000993703308 -2.2423151184965384 120 6.8202641838118625 893.888749768061 3945.031044374828 6.518957866095031 67.65619797528325
1776677660.2884994 | 1 1 1 1 9 40.90013474216568 -72.35005371878846 4066.335200955813 -0.09140192692122096 -0.844536415238422 10.022334464298039 4.434737708092413 1.3449429030282358 120 6.123784795616656 890.8361776915069 4072.467682963649 6.2040451741388525 41.92558837768931
1776677660.388498 | 1 1 1 1 7 40.90013138361246 -72.35008404402129 4191.884787724361 0.2989575685692194 -0.6741055653161983 12.269591204370714 -3.7477645485867503 -0.13147956322963417 120 6.298319567905332 887.3026252026322 4176.625387078406 5.810917533316002 53.60351794050367
1776677660.4874969 | 1 1 1 1 11 40.900132571701484 -72.35010547144088 4305.3149099323455 -0.29404199777411866 0.9706940846780052 11.382004608544232 3.0689873922489603 4.833115515369428 120 6.298073029005481 884.1063085637215 4291.269407430912 6.153002553440014 66.13748595653055
1776677660.5874956 | 1 1 1 1 10 40.90012192452062 -72.35006584474213 4426.146115379649 -0.27570977274683317 -0.4173320854698852 13.57922338140714 -2.863329135322127 -0.737129269979401 120 6.8672152425093005 879.4823054910391 4430.261931963304 7.162858065759541 54.386475735881604
1776677660.6884947 | 1 1 1 1 6 40.90015110025754 -72.35007864515704 4542.856974050546 -0.2777193961745654 -0.4570732103345514 13.335501995580502 -4.048326139555219 4.344606499884412 120 6.015634812693344 875.7751407520202 4555.655007140213 5.626024260256023 36.98970298028672
1776677660.7884934 | 1 1 1 1 11 40.90011455562289 -72.35003465072532 4661.110372124555 -0.5012350325539978 -0.16346566167848775 11.420215860225092 0.7228100268658046 -1.521341684294205 120 4.800401363122236 872.3885165218658 4649.722385441582 4.6392334577132175 58.411874492653986
1776677660.888492 | 1 1 1 1 7 40.900105866776435 -72.35004210958567 4785.18001927585 0.5032365890262778 -0.9646054532853636 9.84078042476042 -1.1864364473196884 -4.883312850843037 120 5.452478639475035 870.0227237051544 4770.937063866058 5.441340584532806 64.63476444990329
1776677660.9884908 | 1 1 1 1 8 40.900139671069354 -72.35005436373373 4911.5079480640825 0.2283976407834245 0.8562719835478498 10.121774502580658 -2.055726842197271 -3.638098253001579 120 6.1174421663916165 865.2609234164512 4921.318370200602 5.784309990740886 31.68874486730698
1776677661.130489 | 1 1 1 1 10 40.90011508391335 -72.35004202580726 5031.408416738306 -0.5758285008142521 0.14280700946931613 14.796984077979912 -2.77483182077411 4.373370110732695 120 4.279365817968916 862.9102947861471 5011.615333187734 4.670425862487007 62.30642138392328
1776677661.2314878 | 1 1 1 1 6 40.90015500263567 -72.35000652108059 5143.250473075148 -0.7688641330320041 -0.8074127866831473 12.460514542384788 2.729668343619915 -2.5714750456211766 120 3.9739315513653732 859.4383999582205 5147.711720518498 3.8538667526065753 52.87763429323048
1776677661.3324864 | 1 1 1 1 10 40.90017579437335 -72.35003515993056 5270.447523129375 -0.16211719155148074 -0.2819643584319662 10.173837399848697 2.2058654538630247 -4.635377881533004 120 5.071455606455194 855.2785533662568 5268.899577951109 4.982974412441746 35.132099651928456
1776677661.4344852 | 1 1 1 1 6 40.900154515056656 -72.35003798944274 5391.726832891601 -0.855946880810672 0.8878940067530523 11.382206730541954 3.8599304555749043 2.7433729915662823 120 4.259473515251841 850.2934548568657 5373.914648654327 4.6364864030111255 37.762877142456325
1776677661.5364838 | 1 1 1 1 11 40.900156406724754 -72.35006450483438 5511.352671036096 -0.2643860156216322 0.7340234208579284 10.948384210753233 1.239123557699128 3.8830352695087917 120 4.851739512671852 848.5398833560253 5522.881228860328 5.087372183427384 67.26013183384805
1776677661.6434827 | 1 1 1 1 9 40.90019801315956 -72.35005125100624 5629.032916943091 0.7337625728416737 0.34656150967474275 12.281696875659181 -2.956624205778906 -0.5985130238820595 120 3.6524532095312474 844.1102790499043 5618.773099021295 3.615746085952966 36.83570177710238
1776677661.7434814 | 1 1 1 1 9 40.90016354037449 -72.35008086822286 5750.93378070043 0.03941008990242878 0.6458355395131505 9.27245669534428 2.7980491682779673 -4.583778092451512 120 4.137521938231061 840.3398793854383 5768.833357882714 4.416229357148929 43.280931131835445
1776677661.84548 | 1 1 1 1 10 40.900212085977444 -72.35009098415338 5869.472787709621 0.8070828735605045 -0.806591823942348 13.012565854467226 -1.0009224975344253 -2.7583890891707807 120 3.2156501714951817 837.1974931924357 5877.866009371491 2.7367913339303795 42.0384818161895
1776677661.945479 | 1 1 1 1 8 40.900206455384094 -72.35012224534766 5994.398933498386 0.8147559562157072 -0.6276193852431973 12.463485943631435 -2.947741886792583 1.6546702976376828 120 3.2930013436699768 832.7237507054601 5989.2614645719095 3.350795959478204 31.90563019733589
1776677662.0454776 | 1 1 1 1 9 40.90016415184503 -72.35008134239004 6123.110114788941 -0.5784199924205933 0.9665529922163134 12.768297162627142 -4.029833985207186 -0.3022911289688839 120 2.1334037655854976 828.586764008631 6110.311526670627 2.2519006415470946 65.49360841156128
1776677662.1454763 | 1 1 1 1 8 40.90015433857687 -72.3501145455312 6252.454543051902 -0.5500251538530878 0.37663738805361713 12.828117423082315 0.18262402922437726 2.88915572140265 120 1.9744892112994463 825.4179484269133 6242.713280028335 1.9048098500004977 54.552050457715055
1776677662.256475 | 1 1 1 1 10 40.90011404205721 -72.35008097443085 6364.849002841429 0.36742176484919953 -0.6632117660511845 10.954114726179004 -2.597525885804519 4.0485557981453795 120 2.370906216753853 823.0487832695222 6346.704210659752 2.743500758965294 40.3497026302644
1776677662.3654735 | 1 1 1 1 10 40.900153119582285 -72.35009268451661 6476.690152562794 0.5184980240988404 -0.36462191438422153 9.671755859533523 -3.694208869966593 -3.9034931403792763 120 1.1385370791160065 818.3518885183137 6466.688051557814 1.1900751244320715 50.70741222665795
1776677662.4684722 | 1 1 1 1 11 40.90014088783697 -72.35011387292757 6592.197187847742 -0.5535275625212694 -0.11321603259268498 10.231209501400011 0.25919647411543956 0.11535053583552024 120 2.395641335560079 815.3961662940741 6596.90134788627 2.2021377630915526 67.64402455733679
1776677662.5704708 | 1 1 1 1 6 40.900110099137976 -72.35014786808782 6708.349424874161 -0.45729394483432384 0.9019388587913846 11.291206861142602 -2.3327529831524374 -1.4671583976940927 120 1.1103464100980893 811.4031694923827 6702.754618053009 0.7402665774896593 39.08373458270577
1776677662.67147 | 1 1 1 1 11 40.900076065628646 -72.35013335206796 6831.683310211883 -0.5149243222057731 0.09492592517582477 11.491755019095867 3.136511029896969 -4.474598490697192 120 1.17050371066596 807.4205387300108 6850.313457125572 1.166786062889447 41.87028624908824
1776677662.7724686 | 1 1 1 1 9 40.90003696043978 -72.35011823904682 6944.0718949002785 0.4149369321547123 -0.4148810958447373 11.747468301980987 -1.284713303808246 -2.0255425917878602 120 0.4722719752481499 805.4967740481246 6956.304661139793 0.12910233178608765 69.75216688142484
1776677662.8724673 | 1 1 1 1 11 40.90003875633983 -72.3500711964747 7055.101087636647 -0.5274751542586225 0.8152830468780159 9.165932665498982 0.5808982092892387 4.346693904982066 120 0.2791145153266066 801.2360933960673 7073.216694897755 0.05202490903386736 37.98111738068896
1776677662.971466 | 1 1 1 1 9 40.900001906657145 -72.35007322763398 7171.261417723446 -0.9980151555506902 -0.887351668197141 9.48865514001697 3.4694880659615936 3.6436583163356406 120 -0.05517981044462461 798.347455254588 7162.2170771624005 0.15068924821407736 64.34234613838998
1776677663.0714648 | 1 1 1 1 8 40.90003066553429 -72.35003416714132 7288.7917201269665 0.5558413354976817 0.7678336714044283 13.312507392043688 -1.2609174657211284 -2.7139663635818243 120 1.1379039806565485 794.3193810033374 7272.171987269083 0.7631465730076287 66.09279215863032
1776677663.1724634 | 1 1 1 1 9 40.9000361190816 -72.3500477233262 7399.916981830586 0.5583730244227596 -0.37350296403116556 10.462261374091575 0.203209608288196 -1.9369232636905198 120 -0.7535206562217025 791.731064236993 7393.910359902174 -0.7578748970721163 40.20634235766251
1776677663.2734623 | 1 1 1 1 11 40.90007912556183 -72.35009295590974 7529.42030586828 -0.5217808164077289 -0.5293784168273912 9.82100842199796 -0.0018375754159283275 2.774687313195999 120 0.4668374511007123 787.505731999192 7542.15443324019 0.8275663862183088 47.777906549701456
1776677663.3814607 | 1 1 1 1 12 40.90012589098898 -72.35013565765179 7652.21542955111 -0.6906871531848715 0.28058289835589467 14.199603156347894 -3.058938566745547 3.737661322125714 120 -0.04995995743185033 783.6890581922214 7638.25151001783 0.41638985060462297 68.10674835100258
1776677663.4874597 | 1 1 1 1 11 40.90012514532316 -72.35016991293317 7767.761131397342 0.7691638838513297 0.4087407917786414 13.987267270622386 -0.36635828992537256 -0.759283022401414 120 -0.33477121746351735 780.2359334589092 7749.566095166833 -0.14421331708624563 69.52130501026707
1776677663.5894582 | 1 1 1 1 10 40.900078516426085 -72.35011999243213 7883.083742347076 0.0065646551743914205 -0.10300941074738912 9.709797873656898 1.7923056066955434 -2.2120267682102357 120 -0.8018387835227214 776.1700621938068 7878.007676993499 -1.019448752885157 66.372832758116
1776677663.692457 | 1 1 1 1 8 40.90007891966637 -72.3501205254682 8010.770603280433 0.8746905504790985 0.8970360004904061 11.691805765484462 -1.203619726329329 -4.34997639549075 120 -1.0681444921938559 773.4389938525204 8025.922471476156 -1.4380513656020675 42.51051265725702
1776677663.7944558 | 1 1 1 1 10 40.900113102719345 -72.35016978061788 8135.422397955431 -0.09521839854769465 0.293685775261211 13.20156541630535 1.6249556819976387 3.88689286806043 120 -1.7131084222647917 769.0163060531307 8141.5570926459295 -2.0260604196381293 30.95199569654017
1776677663.8954544 | 1 1 1 1 9 40.90010058569259 -72.35014237180485 8247.247188640204 0.6818537355864336 0.006500756128464902 9.76302981023547 2.259995462595538 1.4576228325531924 120 -0.6469818964560885 766.0886046440687 8241.082315719299 -1.0666685527680144 35.45464484378763
1776677663.9984531 | 1 1 1 1 11 40.900141975352085 -72.35015080547518 8362.147032973597 -0.9112833639845757 0.8937088105253228 14.125942654171247 -4.511384158505098 -1.994257152979404 120 -1.8030929494691759 762.4650851202039 8349.445779146594 -2.229234143717259 47.38625272363291
1776677664.0984519 | 1 1 1 1 10 40.90016626555233 -72.35010852473043 8487.665830788383 -0.4575591946102493 0.02748506375103954 11.649467073013238 -0.2537044057807414 3.7256679252203657 120 -2.884070661699817 757.9428244411529 8489.404430059742 -2.7783307794311436 42.04268733888354
1776677664.1984508 | 1 1 1 1 7 40.90020620292109 -72.35009767313053 8607.358693601744 0.5599509725709064 -0.24644256293188938 9.991928311542956 -3.209362199673005 0.8938007295729102 120 -1.5830422492654943 754.7495492272596 8609.15131468079 -1.329715023771143 37.69862668694394
1776677664.2994494 | 1 1 1 1 6 40.90023240972295 -72.35006536196269 8717.778641668367 -0.39932537007920166 -0.46832077072098977 11.790118039319225 1.832792812056578 -1.5115345272364387 120 -1.6998227676028448 751.8532775326803 8726.7040391117 -1.9292199488464883 54.28996648585439
1776677664.3994482 | 1 1 1 1 10 40.90018461608312 -72.35007899195907 8844.677447779777 0.7796509888561358 0.48968329475288064 12.907647951245908 4.790154565348045 -2.223789911873142 120 -2.2979320077221885 748.1729808350481 8831.595649631225 -1.8331300908809185 32.33835401503661
1776677664.501447 | 1 1 1 1 9 40.90014244776531 -72.35009892710771 8968.604647937085 0.9770325179805539 -0.45681859785167966 13.467049045634031 2.0274150174235714 2.9613809884952866 120 -3.7519568926707634 744.1287698913474 8974.826643438348 -4.157838514740579 38.73005057474755
1776677664.6034455 | 1 1 1 1 10 40.90017674673772 -72.35010304990207 9083.462556681914 -0.2784460906469459 0.9582149439535885 9.969753445592845 -4.272434683461569 -1.3986141883666159 120 -3.6535854123031744 740.2360369745907 9067.559720092991 -3.455289777136709 41.34144815219343
1776677664.7024443 | 1 1 1 1 6 40.90018535046713 -72.35009170450364 9200.687919911945 0.2868343325053302 0.7247340802120272 12.440249176660473 2.0783767733438765 3.276300021825591 120 -2.7230066151949712 737.7559064666186 9216.271797142095 -3.0385409279402475 54.348127200583626
1776677664.803443 | 1 1 1 1 11 40.90015453268368 -72.35007422400568 9325.471398264259 -0.32576929890241413 0.6272539753534982 14.64150249588997 3.569670955498399 -3.7850400178310393 120 -3.8879127939155853 732.4700449323864 9342.222310567035 -3.961288788570342 49.78436165642691
1776677664.903442 | 1 1 1 1 9 40.90018196771644 -72.35010002586036 9437.476283756492 -0.23837296661027962 0.281731065498773 10.164842661271601 4.397682657989627 -1.878768188446176 120 -4.527025181497828 730.1127816009013 9432.696055197039 -4.667805683997124 32.314412814358874
1776677665.0024405 | 1 1 1 1 12 40.900203981002775 -72.3501050120478 9550.09677862208 -0.8824304212740273 0.8583371452338018 12.079786455040491 -4.637590311963392 4.030250331556099 120 -3.4535802738517516 727.2648110844412 9561.183769330453 -3.6652754498726963 65.30932204778142
1776677665.1044393 | 1 1 1 1 6 40.90021367789671 -72.35013075880835 9663.744666696493 0.0421499086883359 0.011035296876775291 11.968232531450312 -1.1860922063590085 -2.832476354372162 120 -4.493602500640964 722.3504137987477 9678.064583708072 -3.994767176890295 56.264604319339746
1776677665.208438 | 1 1 1 1 6 40.90017708106326 -72.35010301768966 9781.217474479863 0.17434736281700092 -0.7402303142070079 14.656725188756162 4.163254112543136 3.849666089918916 120 -4.679067713981573 719.1451962642332 9791.627555538262 -4.423735560039751 32.475372760370306
1776677665.3084366 | 1 1 1 1 12 40.90018351774036 -72.35013165441985 9905.861532485917 -0.25505013022949785 -0.8018810998722361 11.962675685707731 0.9441009840477035 2.5977635273455277 120 -5.260071108308814 715.4140287528508 9893.319015948315 -5.7178596399309845 53.49053481010607
1776677665.4094355 | 1 1 1 1 6 40.900209649606055 -72.35012685880795 10026.39278814958 -0.6662162328756176 0.8408536140927285 11.342094342508975 -2.192950630106508 2.785590370621833 120 -5.14863157592883 711.5315177077047 10035.21686631514 -5.282870594982248 68.42951629945459
1776677665.508434 | 1 1 1 1 6 40.90021265694665 -72.3501250821198 10150.423348808868 -0.44925111660992223 -0.337334231579973 12.34406341538794 0.9511842444291707 -4.487216038828009 120 -4.718362294180122 709.4630357520809 10140.707098588173 -4.765274237573165 30.237895465936653
1776677665.6094332 | 1 1 1 1 9 40.90018188595097 -72.35013742657611 10263.386777174233 -0.67635364675051 -0.9839466848991711 9.195826564543863 3.5200065498114856 3.4120796481619013 120 -5.611721227868802 705.0007100929818 10252.629757113504 -5.906969786768581 30.263903849978256
1776677665.709432 | 1 1 1 1 12 40.90016128327418 -72.35014172758859 10385.55047612093 0.6866523776107323 -0.3350189694439687 11.315701837545266 -0.751406643731082 -2.7159005058512076 120 -5.911848049748136 701.9699474023861 10380.710143972106 -5.705983169251918 51.01401764031581
1776677665.8094306 | 1 1 1 1 12 40.90012713406101 -72.35011693751717 10505.229149730249 -0.44542137682664107 -0.1947542996459537 10.381270060420904 -3.858358601874298 -0.8950682750105692 120 -5.5212998889827105 698.7892606757332 10496.672233877978 -5.615067734827337 60.44548444699056
1776677665.9084294 | 1 1 1 1 6 40.900130333910454 -72.35013291710511 10634.436131586792 -0.31803229849659287 0.40260837433544205 9.658029299796649 -0.930191729091133 -1.2728879582872832 120 -6.748924897885717 693.8166614262823 10623.697512718692 -6.901649690196027 61.16127980906473
1776677666.008428 | 1 1 1 1 6 40.90009191929513 -72.35010821930604 10760.839451747308 0.9786762080513924 -0.3256480219360922 12.356141048803607 0.9446559364474725 -3.6356407164086613 120 -6.00560057777664 690.539326033761 10767.040813003909 -6.0689788050402775 33.34607865860844
1776677666.1084268 | 1 1 1 1 7 40.90008669474058 -72.35006175422376 10889.715047990403 -0.5294559582674796 0.817287460578473 13.343355299196984 -4.493340032741921 1.5070896819899646 120 -7.3819320342292025 685.5095729833606 10906.752086028926 -7.302488293219435 67.20273950991316
1776677666.253425 | 1 1 1 1 9 40.90012364209477 -72.35003169811472 11017.22413610568 0.5265307545184346 0.8562642368246931 10.563350295621193 1.7322120494715199 0.029003484510591093 120 -6.706825340120609 682.1319471929644 11001.415484904197 -6.9922421777859185 50.1456372009019
1776677666.3544235 | 1 1 1 1 7 40.900168537481754 -72.34999050755657 11130.239949741965 -0.5515006526230697 0.060515828874119215 12.142069539436992 4.564230828327789 -2.1190012435153784 120 -7.374235147982105 679.3069642900416 11139.434906576998 -7.465082831458984 38.66520291765832
1776677666.4544222 | 1 1 1 1 9 40.90012728276764 -72.35002997987809 11260.023464467642 -0.29328455274305854 0.16621960875184372 10.809177816813206 -4.8093145965121975 -4.570490527176676 120 -8.135172537681218 675.3717152512361 11258.01494636236 -8.407789980313488 43.160540792079175
1776677666.5544212 | 1 1 1 1 11 40.900154228202624 -72.35005343865816 11379.257630649758 -0.394177970240182 0.30522157148260987 9.302089028686611 1.6323183239771053 1.8623925842440912 120 -8.280943495554075 671.6558440511425 11360.291452167543 -8.651093632495183 31.592557735149327
1776677666.6554198 | 1 1 1 1 8 40.900124735308495 -72.35001238784113 11505.845200918026 0.7567123006534506 -0.23211273201014482 12.325961589596313 1.5709053114108817 3.1707966091821795 120 -7.846673800355061 668.0864948466449 11505.928538123137 -7.3619866916006815 55.5145799222194
1776677666.7614186 | 1 1 1 1 8 40.90010609197183 -72.34996558452366 11622.217091543382 -0.2028851952241617 0.8920081900929901 10.64377345197857 4.242516219390366 -2.0564496143417332 120 -7.800154069838594 663.6165341976749 11624.744471749984 -7.713395745142383 38.333991688507176
1776677666.8794172 | 1 1 1 1 9 40.90010112474669 -72.34994209712312 11741.457709095102 -0.7890394875618247 0.801703107001345 10.567781709360386 2.2527133164106283 -0.9493282235555345 120 -9.468735734552341 660.479745229693 11752.180278197813 -9.54290652806411 65.43508463818944
1776677666.979416 | 1 1 1 1 6 40.90007435395008 -72.34996435843719 11862.130423939678 -0.62902253146531 -0.8017990936262793 11.768592508789292 3.7637762738096363 4.96099302649251 120 -9.36587585604454 656.5204292670226 11862.896110452542 -8.896450001913754 44.593140885103814
1776677667.0804145 | 1 1 1 1 11 40.90009597469146 -72.34992768121124 11980.066053141869 -0.8200638206798265 0.3633149286882855 11.883719627519618 -4.971512316097803 -2.3207603889340334 120 -9.827168245168426 653.0576704285677 11971.882621060102 -9.997572604673728 47.62562911447089
1776677667.1794133 | 1 1 1 1 12 40.90009530210029 -72.34994538965746 12104.057014942178 0.5890875345975084 0.563361876296397 11.896971694495758 3.7854281476744163 4.905689025319052 120 -9.683930453307095 649.2576171921012 12088.94545339277 -9.534142035352941 56.66776616493718
1776677667.279412 | 1 1 1 1 10 40.90005445973996 -72.34997339287396 12231.48577193775 0.15438227100721558 -0.4831302467473264 12.890861170128002 0.4390602276885627 3.671821065141758 120 -9.969592067199786 645.1550871612901 12239.601767107557 -9.528098529856006 33.72669335484574
1776677667.380411 | 1 1 1 1 7 40.90010294571708 -72.35001997535014 12361.336339680012 -0.5867237891355759 0.32784211280271003 13.822435701177024 -0.12725024420985687 -0.7336314809669533 120 -10.076935022921264 641.5468473753026 12350.945194140548 -10.542729043083547 41.20737882389784
1776677667.4804096 | 1 1 1 1 9 40.900134992419844 -72.35000380300188 12477.111411999605 -0.3342963030035344 -0.5289129042788083 14.056193357460165 -2.2684812853733707 -3.252068306091255 120 -10.230151672232088 638.6527785321698 12471.5051319764 -9.793526641151205 39.42709036280112
1776677667.5804083 | 1 1 1 1 10 40.900111741449564 -72.34996113832246 12600.294299278301 -0.4399663739340185 -0.6544697092605312 10.388114432592468 0.3353081036884076 -4.559756111933484 120 -9.31555072130793 635.6227593880793 12617.828538130176 -9.389112889780906 68.82974533631705
1776677667.683407 | 1 1 1 1 6 40.90006391308495 -72.34991268640947 12718.869156180546 -0.1700409889017862 -0.42641243819611185 14.737381501812965 0.9724332829780877 -2.6850731201889735 120 -10.58724894546414 631.8367061352884 12726.388259773632 -10.844288812527923 47.065658679304086
1776677667.7894056 | 1 1 1 1 6 40.90010424713284 -72.34994616021928 12837.320179175877 0.6122108838048059 0.8339407275195512 11.258904304387839 -2.0239125196663252 -2.164094549739355 120 -10.414084232581867 627.8156568221897 12854.871165824721 -10.31608854112537 53.71559737543747
1776677667.9134042 | 1 1 1 1 10 40.90013434597013 -72.34996053058944 12950.719568554727 -0.9468152018585945 -0.33463044960826593 9.766793532463813 1.8985446353685562 2.8576375118889263 120 -10.2106468703038 624.8087201565053 12955.677453200627 -10.287997501126863 33.4628824235338
1776677668.0184028 | 1 1 1 1 9 40.90016169298402 -72.34996138105318 13078.122160872914 0.8906086718574213 0.7300803444318091 14.891638057765707 -0.6296895675377652 -2.095939199096791 120 -11.744388363222502 621.1512967568965 13077.662370335458 -11.848732372018482 42.28963147675924
1776677668.1224015 | 1 1 1 1 7 40.90016361935676 -72.34998388304288 13204.797473177632 0.8999331346884931 0.580110507369173 11.481307848926072 -2.7107593255836426 4.851394977139336 120 -11.327621392070894 615.8726483959067 13198.0650234602 -11.309057017021528 61.84402289739138
1776677668.2284002 | 1 1 1 1 11 40.90011595807533 -72.349977211226 13325.59040090905 -0.3754957648346815 0.9893848813962394 10.484393875490637 4.250779495903194 1.2603575239666434 120 -11.588867399551834 613.480235732274 13333.999573380366 -12.005623860742094 58.67720721706725
1776677668.331399 | 1 1 1 1 12 40.900151980228834 -72.34998096152528 13455.429296122313 -0.6864789202478458 -0.9938968033626137 12.613275032143694 1.6365716190692714 -0.7683632821706432 120 -12.775089730271247 608.7641098083498 13467.727797457657 -12.481670963214073 68.71085506790205
1776677668.4343977 | 1 1 1 1 10 40.900128148306884 -72.3499566334878 13570.011357677202 0.8421233640771812 -0.9404914442470085 12.823234480613735 -0.8452223915637411 4.0370068809679385 120 -11.530678254043425 606.3328710359799 13584.829304279625 -11.54984554911648 69.33639155963054
1776677668.5713959 | 1 1 1 1 7 40.90012011545796 -72.3499166351197 13691.840640643619 -0.8020314308181511 0.7856941936924746 12.665140334389164 -4.172227303219662 -4.562481438976826 120 -13.23276337151296 601.510637814359 13695.006622438028 -13.116962471490957 37.73144735555408
1776677668.6763945 | 1 1 1 1 6 40.900133088591765 -72.34992908712461 13805.483998219432 -0.045264043802377474 -0.3389651182267508 13.302712172945778 3.3246208537536965 -4.921072578685983 120 -13.188909710265783 599.3631608802283 13803.569929702648 -13.661540435267725 58.05084865098896
1776677668.7803931 | 1 1 1 1 7 40.90011296312869 -72.34992705442473 13925.646824033645 0.09991814925502629 0.46122686823298786 9.86683437656526 -3.9387055453365183 0.9452268633669991 120 -12.892928041504867 595.5492151561242 13945.160126016537 -13.072250718540307 68.78197655830243
1776677668.885392 | 1 1 1 1 8 40.90010022497827 -72.34995881795919 14042.10323007965 -0.9055473206935905 0.5393469246702176 14.578436501649808 -1.758793028026131 3.3435640404501026 120 -12.670644366464723 591.5031998916911 14058.944003761182 -13.146428447600817 46.91421263367205
1776677668.9883907 | 1 1 1 1 9 40.9000758696769 -72.34992332569031 14165.428326105322 -0.41408399372145244 -0.1665856622692503 13.43867814125312 -4.46999054965487 3.7571011368974574 120 -14.076937484535128 587.9690345069718 14182.013813464115 -14.28738201436924 38.095014771285705
1776677669.0903893 | 1 1 1 1 6 40.90010120198282 -72.34992161755912 14292.240085650212 -0.6209274990454752 0.6043012672759251 14.263347407602222 -2.084830072817484 3.894245458333481 120 -13.06259454576805 585.105768197092 14280.838906270596 -12.758878995546194 59.12691955836298
1776677669.192388 | 1 1 1 1 9 40.90011496645001 -72.34991179205288 14422.123336781402 -0.020640456206823643 0.500544155335549 12.940841938073834 -4.212329683625024 2.109555764262855 120 -14.314548482001538 580.6534675376598 14441.471052642963 -13.896342070626078 45.63048390032819
1776677669.2933867 | 1 1 1 1 9 40.900110746929684 -72.34986609401622 14534.667755136823 -0.511080003565727 0.39413706502052737 10.754412784978642 0.7790254420075353 -0.07191366462369153 120 -14.320677530457353 577.6321004311525 14514.80079614797 -14.650473805466234 50.64219787972413
1776677669.3933854 | 1 1 1 1 8 40.900107151167155 -72.34988031986289 14661.97735209185 -0.657417025956839 -0.996474196668258 11.990638445523587 0.38471268230428457 1.6852544866565013 120 -14.314140081247423 572.7378912641858 14653.15506941774 -14.755863144631897 50.22190978205194
1776677669.4933841 | 1 1 1 1 10 40.90007348912835 -72.3498811046208 14777.21700285176 -0.22110186007448163 0.2625998907156448 13.874375818212403 4.270552295082977 1.3000085506526897 120 -15.540630093982118 569.5351082392591 14783.416618418767 -15.471636415177793 46.976671252779994
1776677669.604383 | 1 1 1 1 7 40.900121024211444 -72.34992548305803 14890.684497650243 -0.8951569247402191 -0.1469014574869183 11.389657671534001 2.8681992145872304 -3.75545766406273 120 -14.677464235098938 566.8386341276935 14903.806634585335 -14.508327960764575 69.82804214853704
1776677669.7093816 | 1 1 1 1 10 40.90011228945483 -72.34988005867763 15010.737848901972 0.40164092202854196 -0.8982201504166865 9.185158841886675 4.736134505573448 -0.5831696421995547 120 -15.524310457505633 563.3987841954685 15001.567839189354 -15.852695072989782 69.64501529901615
1776677669.81238 | 1 1 1 1 9 40.900094206467486 -72.34987339104237 15135.187360200607 0.9932629693022312 0.8389099758757057 9.722158508233726 0.01175937505055824 -2.096500110965076 120 -15.115339087933627 559.867045065337 15139.081243643102 -15.14381823847654 33.1698488018038
1776677669.9173791 | 1 1 1 1 9 40.90011818840751 -72.34982661590396 15246.589656308237 -0.5125938677351345 0.7876137448909963 9.171680165161106 -4.451871538373828 -2.3618198483866895 120 -15.87448712296809 556.3858722185212 15259.337773977175 -15.51070276266811 49.41692854448567
1776677670.0193777 | 1 1 1 1 7 40.90008584388008 -72.34984750711591 15359.679782915511 -0.953372539642569 0.5372007913683654 13.356335555194022 2.757616636807536 -0.18750172573064283 120 -16.238156114391323 552.3690033871065 15350.381522217154 -16.184283913382384 53.62084289980634
1776677670.1213765 | 1 1 1 1 7 40.90004075988799 -72.34982144319991 15474.88110269823 -0.128379614214005 0.24617335622462289 9.303632533039387 3.0763399308889774 -2.3417456706462856 120 -16.131247783506986 549.5143586465035 15459.013078118856 -16.536579692211784 56.05582316183088
1776677670.225375 | 1 1 1 1 7 40.90003220399133 -72.34979295405135 15602.461897511017 -0.7601433527497701 -0.47825104534181584 13.824306644877584 -2.7653154514381817 0.9146637836652403 120 -15.355093355678976 544.4555532559851 15612.410589028705 -14.99485967600353 43.27199776184826
1776677670.3283737 | 1 1 1 1 9 40.90007739870245 -72.3497443141986 15729.210124900845 0.08738838005203942 0.4202238179126361 9.451882866154966 0.9663385073437158 1.046135682818969 120 -15.916351156656123 541.542663045672 15733.489591420595 -16.1063464347913 62.961209030927606
1776677670.4323726 | 1 1 1 1 12 40.900092212693075 -72.34969573329816 15844.882495240481 -0.6466986938645953 0.4599835657171889 12.595771581747954 -0.6304978866228055 0.2853832469065001 120 -17.598670388844496 537.6445290681095 15827.840162575461 -17.980789260852738 51.894034319912656
1776677670.5353713 | 1 1 1 1 10 40.90008072438482 -72.34967919510572 15959.28087485708 -0.6369929839866355 -0.3128312440649508 13.283880662055925 -0.3047502495214296 -4.790267257751175 120 -17.075938248290434 534.223024269822 15970.021817055678 -17.09514466936038 57.690474191074365
1776677670.6373699 | 1 1 1 1 11 40.9000367563929 -72.34971344289744 16070.063562585618 0.10068147592792664 -0.08613948226746193 13.349915427992466 3.6285909974408277 -0.2421425070658758 120 -17.244277894370303 531.79872251868 16063.65607133408 -17.652321314370006 52.44126443885574
1776677670.7393687 | 1 1 1 1 9 40.89999250329632 -72.34967487397739 16188.137051766962 0.5095292767466484 -0.752615962599404 13.339416462532316 -1.6964121687100264 -3.090913378207972 120 -17.706112090785453 527.9563222613981 16175.714610565205 -17.38793242641655 57.36476273277611
1776677670.8533673 | 1 1 1 1 7 40.899988783342266 -72.3496641130228 16298.732577336834 -0.05378586319734224 0.02946437672060931 14.846474722686523 0.8581239553064606 -4.827393585921222 120 -16.986904353158216 523.0940079998435 16292.000422152554 -16.920521126897604 41.5649445879922
1776677670.954366 | 1 1 1 1 12 40.89999322441747 -72.34962974733489 16424.670679070925 -0.8250716567035201 0.6351029297834965 12.134423439933387 1.971392305460963 4.511251133671147 120 -17.07842849734072 521.2544244662593 16405.18566292481 -17.258108807607815 56.240006009599625
1776677671.0553646 | 1 1 1 1 7 40.89996469673961 -72.34966520905674 16544.68237670931 -0.4239669935055397 0.9288060500221789 10.950226386355391 4.589848985313916 -4.828691737269377 120 -18.844607348161126 516.6506107267215 16547.272770092266 -18.49418641923683 58.07000970137278
1776677671.1543634 | 1 1 1 1 8 40.8999201956428 -72.34966364392062 16656.090449417658 0.7569050997133124 -0.9268520438069128 10.89032298084261 2.6422681310666984 -2.738201322699622 120 -18.564802333286544 512.8716495823 16660.78210397266 -18.365534342883777 59.26187130544143
1776677671.254362 | 1 1 1 1 10 40.899941911987824 -72.34969709720292 16779.603701192267 0.21772788265734078 0.20197531621770493 14.097370359151208 -2.652658562631145 -4.898350187194759 120 -19.256428466254217 508.67036010510617 16785.25100573754 -18.81643970866954 39.88976638887351
1776677671.355361 | 1 1 1 1 6 40.899964595808896 -72.3497223215144 16687.554395017203 -0.5765047035896405 0.19675201834314304 9.321532279586208 2.9197916498733196 -1.4603214164893972 -90 -17.625136354461493 511.57189881282204 16679.210098158597 -18.1138791178226 56.982739991658626
1776677671.4543595 | 1 1 1 1 6 40.899936291727855 -72.34971108045028 16591.448842384085 -0.7177113497744279 0.09962748509349262 9.84593580292889 3.7090272983441093 -2.7827146035236194 -90 -18.94944629350045 515.5947096032564 16589.01787151738 -18.717091225797944 37.10337687271285
1776677671.5553584 | 1 1 1 1 11 40.89993708256882 -72.34974159257638 16505.506740472072 0.3013961827856815 -0.24489654642732184 9.46180973042299 -1.7973248998150937 2.905556514879965 -90 -17.0679486518163 517.6690786025089 16498.361576571217 -16.864803876893856 62.797865624524704
1776677671.6773567 | 1 1 1 1 9 40.89998374388621 -72.34974429123002 16410.246396705636 0.14957483636757285 0.28621471482440475 8.140076277672776 -4.291673836465183 -4.9880305457536975 -90 -18.666443831689616 520.8251409540172 16415.862330927277 -18.585029172851826 38.960555155364865
1776677671.7763555 | 1 1 1 1 6 40.9000205943029 -72.34972120618846 16314.108362757399 -0.5906059372452754 0.37748213823319277 8.436643014883602 3.689984202436614 4.560831658347269 -90 -17.636010529426642 523.2997488079435 16321.220280517126 -17.602690284405504 30.55402599192737
1776677671.8773541 | 1 1 1 1 9 40.900031206102234 -72.3496899473442 16217.903109562656 -0.3408658624779841 0.5654103844923042 9.233292748873804 -0.8496897283741109 -1.3808045026692972 -90 -16.83659522566511 527.2838893476904 16199.229772814946 -16.826912093620003 65.68428872936082
1776677671.976353 | 1 1 1 1 12 40.90004352665442 -72.3497258627889 16133.788207995913 0.7168150580249859 -0.5737850194587337 9.796731286220174 -2.760810648346511 3.8823424253372902 -90 -17.162708659310514 529.841320603267 16116.532492586493 -17.526570281434026 61.9547034116934
1776677672.0753517 | 1 1 1 1 12 40.90003745017276 -72.34973737465276 16047.100340259072 0.7764905083403812 -0.7804482847675849 8.348304159385957 -3.5592281832897465 -1.0480510240045602 -90 -16.198345965064206 531.6090003349788 16042.690721763047 -16.120647995434364 33.6957643470484
1776677672.1773508 | 1 1 1 1 6 40.9000317403038 -72.34975025867242 15963.71511282397 -0.12812787752417032 0.16229648209183556 8.222836315516446 0.22557183739412867 -2.1429588373743904 -90 -16.74843594698228 533.1173733591844 15944.379178976802 -17.239484010386036 61.46863780462401
1776677672.2783494 | 1 1 1 1 11 40.90000707162059 -72.34977233726725 15881.688651922224 -0.6930825162843897 -0.5035102686061557 9.167234391862372 4.921153464678763 0.09859475716680244 -90 -17.506222921186694 537.4864240833466 15874.331112286694 -17.09661972478521 50.69113857830054
1776677672.380348 | 1 1 1 1 11 40.899999152919 -72.34976487699997 15796.9724630462 0.2532304180501448 -0.3755094432563606 8.665603183072875 2.451557240764223 -1.55625424741027 -90 -16.56437793577004 538.4743201246621 15778.287123033497 -16.528625728953028 61.53647600342049
1776677672.4813468 | 1 1 1 1 6 40.90004439181177 -72.34980837234545 15712.98309212311 0.7925915516924082 0.3834817786932301 9.620653465802652 -2.7951949214970018 -3.250816495644653 -90 -17.3810350783811 541.9529227072624 15700.025738966011 -17.637442104122318 41.146775568574455
1776677672.5843453 | 1 1 1 1 11 40.900052213603615 -72.34985044128872 15625.561490170414 -0.41563380854879894 0.21950755429061952 8.125817607180002 0.8950561640463626 -1.4148261422486796 -90 -15.761931081384825 543.4995713916384 15627.950191143107 -16.19328364109324 60.253917296097356
1776677672.6863441 | 1 1 1 1 12 40.90006472856957 -72.34988701686994 15545.323077123365 0.09307366272315609 -0.45142537674794614 9.737998725322168 3.689995623395067 2.5259507252351145 -90 -15.340072626047895 545.9564575658151 15536.592461862458 -15.481504950674857 55.91060409471561
1776677672.7903428 | 1 1 1 1 7 40.90006428144685 -72.34991105727097 15453.675063583176 0.07698548713221665 0.35360331514584353 9.95119257457072 1.6435830406355159 -2.002424227038965 -90 -15.310098250580506 549.2389560292714 15463.761856158128 -15.285034440853142 41.40246977556072
1776677672.8913417 | 1 1 1 1 9 40.90010811092002 -72.34987590410815 15368.197461462642 -0.5355265916113492 0.20092760869575543 9.353691866780654 -3.7897052050195814 -3.2316541601498616 -90 -16.661943012738796 552.8212155081131 15372.732558091024 -16.874513898813987 52.32133695638055
1776677672.9973402 | 1 1 1 1 12 40.90010861485892 -72.34983804807807 15283.603681840685 -0.6368616109526022 -0.13233168243991922 8.38900167292012 3.972859106794493 1.466881729274081 -90 -14.66402336454634 554.1732326448564 15288.89027339373 -14.511130672034856 54.7594652836228
1776677673.100339 | 1 1 1 1 7 40.900156332379346 -72.34983540938295 15200.863800977553 -0.36717981377932585 -0.6599944662420558 8.543827131806507 -2.262365432212178 3.5035616208498315 -90 -15.371540344269302 556.3233589655117 15211.60681310765 -15.022621230498848 57.24151368154817
1776677673.2013376 | 1 1 1 1 11 40.900131071953496 -72.34987036618666 15113.99551176631 0.3709913397150342 -0.3648833923212762 9.77306082640755 1.4195902225139552 2.1665139409558787 -90 -15.336048461587712 560.2709066540115 15117.185400538994 -15.63276449767163 58.27819448378388
1776677673.3073363 | 1 1 1 1 12 40.90011694188344 -72.34984000727701 15016.83667384921 -0.49710971843856067 -0.4674986882546881 9.76796803204128 -4.694417516984829 -2.6857922432950443 -90 -14.389835653612149 561.9337551814248 15009.204478768068 -14.37472464743948 57.25922194810723
1776677673.4083352 | 1 1 1 1 9 40.900136938646256 -72.34982141328607 14917.302624732287 0.6724025454688731 0.6176379107884749 9.26632022239849 -4.86297768148315 3.0985597282265527 -90 -13.97876344280262 566.0804368468685 14901.283826529683 -13.701306455854922 42.90124614835592
1776677673.5103338 | 1 1 1 1 9 40.90010838890636 -72.3497971897332 14828.702930685145 -0.6522028109722671 -0.8274038906304639 8.623057924568629 1.0496230560307795 -1.9084156562696175 -90 -15.64841584922173 567.7453276862517 14814.403514805086 -15.98473711046298 38.038872491764565
1776677673.6113327 | 1 1 1 1 12 40.90012489373439 -72.34978985046688 14734.386085010132 0.5438990831775687 -0.0027903299284537386 9.968786363496289 4.038983570073308 4.365478238778488 -90 -15.363273599689858 570.0228148951439 14722.812966479656 -15.32445788265911 68.11140022971881
1776677673.7123313 | 1 1 1 1 8 40.900090980889246 -72.34981706704286 14644.209414935365 0.7465592826626384 0.5226091725535618 9.052696591604922 -3.996388861836495 4.415260926515982 -90 -14.391791116600881 574.1614690694173 14659.780077250884 -14.819006757538917 48.6193904319441
1776677673.8143299 | 1 1 1 1 10 40.90005186480843 -72.34986033193135 14559.565176101076 -0.22231075019956625 -0.3970853713617184 8.338548929165647 2.352929424103083 0.4434977080811162 -90 -13.658758198174299 575.9827763243576 14550.395935656212 -14.018707106586143 50.051065045632605
1776677673.9183285 | 1 1 1 1 6 40.90002857147402 -72.34989800315337 14462.542295383979 0.19638528719708148 -0.75762003655978 8.842642122346206 1.4893963302268158 -4.6659366495201215 -90 -13.492573752028541 579.3627559083975 14462.575105318687 -13.216373687024099 64.07869742668773
1776677674.0213273 | 1 1 1 1 8 40.90006292755298 -72.34991799973902 14379.823847842968 0.2326331234189476 -0.6034292436066828 8.307682444233986 -4.240794711376071 -4.329759638622459 -90 -13.967708288644053 581.2451167910664 14378.655162953639 -13.626956769701874 51.35165741222569
1776677674.1523256 | 1 1 1 1 11 40.90002411563543 -72.34992140704819 14284.924731942856 -0.545948092695905 0.19002075701158905 9.165381214521252 2.860821735794282 3.361972379063115 -90 -13.352978032624302 585.1867664670082 14289.578448276876 -13.073347722364243 56.41076951371083
1776677674.2573242 | 1 1 1 1 12 40.90006339862416 -72.34992207406253 14196.189124537595 0.9861263344277076 0.7747161217642091 8.803704106943318 -3.5218727394254525 -2.3440280400802083 -90 -13.590856640998583 588.0433637691802 14199.030871156887 -13.54820299707336 50.98092678765825
1776677674.358323 | 1 1 1 1 6 40.90011132325192 -72.34991242964746 14101.3811595629 -0.48401267857076347 -0.5566128313862995 8.39209743969868 -1.3176495334201688 4.542334338624244 -90 -13.204032405037088 589.4421980400508 14083.628210167988 -13.327256937013638 60.18580819145389
1776677674.457322 | 1 1 1 1 10 40.900150724723396 -72.34991130892166 14019.846955682495 0.22149150062468403 0.052326197958832976 8.189199651631533 -3.1530253275105435 -1.1161277273210346 -90 -12.067278264053886 592.8583173902923 14006.885254916553 -12.556317151995996 63.7628572463182
1776677674.5583205 | 1 1 1 1 12 40.90019087751575 -72.34992326257564 13936.707603082612 0.5806238314119887 -0.9233339485675192 8.415362283709161 3.432698357299561 3.25935911567554 -90 -12.857392847133815 595.5520221880192 13919.591172632883 -12.443677457406956 35.68631579879889
1776677674.6583195 | 1 1 1 1 7 40.90018551405282 -72.34996874288947 13837.538080988525 0.423005610243564 -0.5171152237472108 8.618428878196415 3.715188813976342 -1.190073841179724 -90 -12.291385830053382 597.2320762873313 13850.6937151998 -12.106061539365127 49.08882081673106
1776677674.760318 | 1 1 1 1 10 40.900195825999305 -72.34997224589836 13752.740224843516 -0.9025592872671089 0.7111342189066296 9.477528026175092 -1.0931192597032213 -2.1255367081839216 -90 -12.68598231912005 600.1467396418426 13746.451096264556 -12.43724004023507 49.584587391731056
1776677674.8693166 | 1 1 1 1 7 40.900220968298164 -72.34993899527193 13659.09004354473 0.5881414310476503 0.7976836160996748 8.942861934514314 3.4539211932847618 3.8407004224174877 -90 -12.088926279297862 603.2476277075998 13641.236822740817 -12.38375280982652 42.2908225831962
1776677674.9703155 | 1 1 1 1 12 40.9002669957885 -72.34993333271788 13570.42667171883 -0.6684841030028743 0.3774198264546764 8.335500431093088 4.042246644722869 -3.76804166781879 -90 -11.579913183299624 606.6749850669678 13587.329955057772 -12.079680235158843 31.80343566653006
1776677675.0703142 | 1 1 1 1 9 40.900281001988674 -72.34992125727307 13471.60173138028 -0.9206063253294106 0.3571579570867809 8.317025686233247 -0.4779487317131892 -0.3224349632368382 -90 -11.83668520162421 607.8704098140994 13475.952297578611 -12.14075374221321 40.86123652572621
1776677675.170313 | 1 1 1 1 8 40.90030083987138 -72.34991165267577 13377.53707918886 0.7130843680809142 -0.7667236619543385 9.20575322642186 -4.358035406081772 -2.338115282326525 -90 -10.952110304839392 612.4809950864818 13393.739265501805 -11.269743058291194 57.600715192202685
1776677675.3183112 | 1 1 1 1 6 40.90034116140151 -72.34996068912763 13280.335354796627 -0.570621619737046 0.5244415338726569 9.389594689101777 0.6463149931047871 4.160958563012533 -90 -10.849147150538997 614.1700356812529 13261.535182307423 -11.273581944935424 52.512162788822344
1776677675.4213097 | 1 1 1 1 6 40.90032807018418 -72.34991645527317 13194.966738087636 0.6915030385324987 0.3456988455063026 8.291063453166249 -3.8261980828338515 3.9120188376376053 -90 -11.163256684973613 616.8309432475311 13199.90642736105 -10.97204341917396 53.67566732818465
1776677675.5213084 | 1 1 1 1 8 40.900341010976454 -72.3499276922988 13103.463768527852 -0.7278740291815269 0.444825621364362 9.92505089166379 -4.799703207742006 0.044150755868984426 -90 -12.147358647432442 619.4284940743148 13109.101802528607 -12.334458534672455 50.624089379125905
1776677675.6203072 | 1 1 1 1 11 40.90035595559244 -72.34993231294989 13016.899192177632 -0.27481061826046127 0.6858341140733386 8.557210420173924 2.934307646872556 0.8871843107494657 -90 -10.50520131411748 621.8730507714954 13011.01801937998 -10.008873443043365 47.1039320914352
1776677675.720306 | 1 1 1 1 12 40.90034025337036 -72.34989307652597 12932.65837603834 0.11385178615527547 0.5000169596940862 9.087048200421275 2.6087662949179684 4.324713701814403 -90 -10.723743336431651 625.9221409944498 12918.242196619707 -10.287508662974787 53.61098150572988
1776677675.8213048 | 1 1 1 1 6 40.900324970501764 -72.34988754206529 12844.965035316864 -0.2246864614160311 -0.1493434574870791 9.379623599063459 0.12735733125095372 -3.4342874527707545 -90 -10.632685565533967 628.0885826797095 12849.645969604653 -10.370486766825499 67.85098331648194
1776677675.9213035 | 1 1 1 1 12 40.900294179131784 -72.3498952014028 12760.583514080621 -0.18536837477032098 -0.04851483424989822 8.117341311751376 1.794438809940278 -1.4534231592117228 -90 -10.531908046176873 629.7488372193817 12754.20661503929 -10.89670822434857 53.75035526442209
1776677676.0213022 | 1 1 1 1 7 40.900255178907834 -72.34990894662812 12661.518723997979 0.5550839375005707 0.6039706688743882 8.045434041764594 -2.902199254446457 0.5389300206684524 -90 -9.771784533987326 633.0763879611744 12656.523861539188 -9.800794068675401 56.15317500883317
1776677676.120301 | 1 1 1 1 12 40.90020880119209 -72.34987132893642 12565.781719081522 -0.17593928923113267 -0.3204176192060515 9.870469109284931 3.200223978271559 0.22565306481102176 -90 -10.005142123547044 636.7782549042499 12548.11242892885 -10.22134428467199 39.903882504112346
1776677676.2212996 | 1 1 1 1 12 40.90022708056394 -72.34989417999125 12478.727501975685 -0.643330754816847 -0.1227147337436274 9.935394010779671 1.093305885010155 -0.01743929226160823 -90 -9.589505733320099 639.1076697288878 12491.401056785367 -9.114122727418108 39.11938529525794
1776677676.3232982 | 1 1 1 1 11 40.90021933397141 -72.34993339229824 12390.831635513996 -0.1374204344077774 0.48704216109577203 9.127170192559968 -4.553348414420676 4.854410521362535 -90 -9.612141388088732 641.0305228676236 12402.276278327132 -9.856647484552832 55.0909123753633
1776677676.4252973 | 1 1 1 1 11 40.90025988489179 -72.34992537705276 12296.063836462525 -0.660540823352552 -0.560077505119055 8.069325696770278 4.168706741804259 2.170598921917647 -90 -8.902206638752103 643.2427128753773 12298.716550655448 -8.809204023481701 47.29773662676057
1776677676.5332956 | 1 1 1 1 6 40.900227166057284 -72.34994222891501 12206.30484627974 0.9196650391861603 -0.9891993165227424 8.300359886485792 -1.2167575337193504 3.67207003676398 -90 -9.483770362461247 647.2138719885108 12216.346081829282 -9.215621157669146 33.46931757477402
1776677676.6332946 | 1 1 1 1 12 40.900209818167 -72.34996157983404 12108.42365435889 -0.9453711227322352 -0.6534793730444937 8.056880764139478 -3.286984146593311 3.491450313814795 -90 -8.700390624344974 649.8331178905951 12122.98335517495 -8.54518639936699 50.28484754584045
1776677676.7342932 | 1 1 1 1 12 40.9002217276683 -72.3499764006767 12013.358136866 0.8083371291431931 0.417421569246172 9.177680605767868 3.7933726087207535 0.11636613186135758 -90 -8.305116181911579 652.0496037435798 12002.645408862287 -7.930979424824416 38.411045320566785
1776677676.8352919 | 1 1 1 1 7 40.90023207170296 -72.3499418123572 11920.255535382199 0.12408788565498097 0.19366598561897264 8.362411979521264 1.3578243252042865 3.528857032725446 -90 -9.317838018199614 656.2890928099736 11910.937135032867 -9.462883502093753 53.929746339114516
1776677676.9342906 | 1 1 1 1 11 40.90021754948103 -72.34991408508735 11839.234809818949 -0.04729683463907697 -0.08424007296431668 9.755273134202785 -1.1379681588075066 -0.005177953947369751 -90 -8.82700459423019 658.4765136296503 11836.077096189012 -9.045798396451662 55.41995642048283
1776677677.0342894 | 1 1 1 1 8 40.900238399637864 -72.34990605236075 11753.331905019304 -0.41655026345913093 -0.4340453893737548 9.961182654294586 -3.7983153544834583 -4.247544917031222 -90 -8.519370152799794 660.7562998986648 11735.276421067838 -8.548770993065537 58.53770760262906
1776677677.134288 | 1 1 1 1 6 40.90020074244385 -72.34986394302827 11653.874504386931 0.4314743406208783 0.5945966852108244 8.862830881377832 -0.24090592148122614 -3.5398121054940814 -90 -8.957497020644176 662.6512210290306 11634.340723320383 -8.73733152690254 35.77669918746269
1776677677.2382867 | 1 1 1 1 9 40.900200296208425 -72.34984852374751 11559.897363255533 -0.2045183523682088 0.22653861559879762 8.678875263267175 -0.015036036929134688 1.1014297553466248 -90 -8.594162245486665 665.5141409000156 11540.119470566424 -8.419742313916498 42.64023752258757
1776677677.3402855 | 1 1 1 1 7 40.90022695028099 -72.34988200541687 11474.134616587682 0.34701921938527747 0.233338939637884 8.194080262522762 -2.0961390135480364 -0.5867039142290782 -90 -7.096065495940033 668.3488939280877 11472.617991719879 -7.189044687524026 41.36058210622424
1776677677.4422843 | 1 1 1 1 6 40.90019587782532 -72.34989955171075 11374.526073021634 0.38575711528009804 0.46513520463404 9.32573201264676 -1.0418372139878738 3.903375387209959 -90 -8.062010728403475 671.9105245600691 11387.541833679992 -8.483507543604702 40.5724306727947
1776677677.550283 | 1 1 1 1 10 40.90020592972221 -72.34988014008844 11292.209088663572 0.26087057214587905 0.7255384193909622 9.126792334270496 0.5113362686353682 -4.754004387509225 -90 -8.162691118428974 673.5353053810063 11272.745889108053 -8.415831946625465 64.632394778359
1776677677.6512816 | 1 1 1 1 8 40.90021494470979 -72.34983619991176 11203.137238846166 0.09098290204808457 0.6059609838322797 9.751110459830759 4.117885798313193 -4.922614542885513 -90 -6.7741573362124345 676.9807713456488 11183.619894513338 -6.769574744449525 47.621494411031236
1776677677.7512803 | 1 1 1 1 9 40.900171798933215 -72.34984934284486 11117.602421545565 -0.29815211713170564 0.05865263424724687 8.62969630153446 0.2957604890971801 2.667584142875759 -90 -7.597291176697773 680.4573513780609 11130.571801050204 -7.1466346552503275 51.76632072300969
1776677677.852279 | 1 1 1 1 9 40.900122996633314 -72.34987742859025 11026.174861879892 0.3675776894373004 0.06370034761080312 9.260150801593264 0.6803646189572596 -1.6616562037472504 -90 -6.157597932486004 682.4916072083089 11010.919070844695 -6.36232102268073 30.731980159205136
1776677677.9522777 | 1 1 1 1 9 40.90012037028763 -72.34991443107258 10929.327335948943 0.8166021379428419 0.5505792460191281 8.66121178230654 -2.621851938294796 -3.1002230779647078 -90 -7.680007883394943 684.7500831274173 10922.273840691494 -7.386242903531752 33.7658777079595
1776677678.0532768 | 1 1 1 1 10 40.90014303962127 -72.34994557287185 10838.356548023425 0.7932601337789593 0.7944603793635805 9.386857432944216 -2.3960714551582516 -0.4073491249058927 -90 -6.57623463851546 688.0421324792184 10842.818323376181 -6.079655675671983 45.73359038613514
1776677678.1532755 | 1 1 1 1 7 40.90017731449534 -72.34990230634645 10740.7455992024 0.22569412745025508 -0.4915797910757185 8.505429309176053 -1.6327050311948934 -3.9234664967796773 -90 -7.435365976058922 689.9393209844048 10732.146672789837 -7.020834998450044 69.27181854979446
1776677678.2532742 | 1 1 1 1 7 40.90015263816683 -72.34989513703006 10644.122035813358 0.4570966125175189 -0.38904557603073586 9.77528766142959 -2.550136510486972 0.23410005956217095 -90 -6.3786493887753775 694.3488628057767 10646.672159200089 -6.198903670805002 31.857439015363997
1776677678.353273 | 1 1 1 1 7 40.90016840117347 -72.34992922866836 10560.932311800905 0.5085489266007099 -0.1316808879678939 8.677890611382567 -4.674516062711901 3.685955306464498 -90 -6.424160183282826 695.8783733876696 10541.509706097911 -6.348335100705141 59.84870690543801
1776677678.4522717 | 1 1 1 1 6 40.90012684301587 -72.34991161647858 10469.689310324236 -0.5327723738708441 -0.7940670921459174 9.623101285669433 -1.1885650296155417 4.726330138309638 -90 -6.029751723091445 699.2916085515245 10483.936692200454 -6.428495358608429 67.14151515846677
1776677678.5512705 | 1 1 1 1 10 40.900160453359064 -72.34991401125522 10379.278047084475 0.44327499695812866 -0.5565453465964854 9.723717069375086 -0.4543058532087496 -4.364050265666897 -90 -6.273255803374385 701.8534922095355 10383.634910105167 -5.873352763513417 54.10726123663465
1776677678.6692688 | 1 1 1 1 12 40.90011790116024 -72.34987731033831 10281.18570167966 0.13516876730232408 0.2656283273721496 9.969750906798392 0.022419024819996025 -1.7741850976559101 -90 -6.141576184660341 703.9759869120568 10277.280985676525 -5.7587158353918815 68.56709544914415
1776677678.7702677 | 1 1 1 1 6 40.90012311366621 -72.34989131984354 10183.158812097226 0.9526844916026644 -0.18355197320202166 8.05907565291563 4.204122248013375 -0.5885522912449392 -90 -4.5353903285492585 707.1574166176594 10177.19247599295 -4.530624776929483 40.66506410982754
1776677678.8702664 | 1 1 1 1 10 40.900113800659895 -72.34987656543946 10099.922854809063 0.9693752937777449 0.9478818671460896 9.911808321584394 -3.608738350937073 -0.7833466553350155 -90 -4.401660682186764 710.6648657508825 10100.833318536012 -3.998240741877214 50.50759344095654
1776677678.969265 | 1 1 1 1 7 40.90014477384037 -72.3499248650511 10019.042948697206 0.7133240202662166 0.9076177602080284 9.021094320725126 4.17020872703649 2.534925861902268 -90 -5.614826564238322 712.8465055045335 10029.283960155282 -5.713273230929829 63.31659372147172
1776677679.069264 | 1 1 1 1 11 40.90017840472744 -72.34997348580906 9938.757717877334 -0.6966708142026345 -0.30463039808221537 8.978382495218687 -1.340574039644824 4.996110615270002 -90 -4.785460138183863 714.767152936605 9946.489959395853 -4.798805593595601 34.835831287307315
1776677679.1702626 | 1 1 1 1 9 40.90014864939545 -72.35001659488408 9852.798824510188 -0.06372410971601594 -0.8201151920250633 8.893948615350828 0.26846710691132536 -1.6948960718575288 -90 -4.363914626074287 718.2367165114713 9869.246260231075 -4.419553409577116 31.47633117002203
1776677679.273261 | 1 1 1 1 7 40.900175330273655 -72.35000029234612 9753.821886791779 0.2602627909205182 -0.7666058022036737 9.256666205386557 -3.1622485972021352 2.255430689711819 -90 -5.284943871294291 720.5698653506778 9746.798549992416 -5.599863792816086 48.219032970209355
1776677679.37426 | 1 1 1 1 9 40.90019413117069 -72.34996282952045 9654.482719138832 0.17335056910352886 0.343163134019699 8.86020090536685 4.246043308340843 -1.5285568775070124 -90 -4.581553330602993 723.2225601896791 9642.290159125849 -4.493168534066776 43.674710780346004
1776677679.4742587 | 1 1 1 1 11 40.90019933493511 -72.34995795196905 9560.908270407203 0.3737350208077044 0.5537415211080967 8.583517909759435 -1.2142744014990257 -0.5309339578149448 -90 -4.378413056988919 726.3687411546636 9546.734331300366 -4.869808808701265 63.24068698300201
1776677679.5732574 | 1 1 1 1 10 40.90024638286649 -72.34996350265858 9463.231633062653 0.7319913053788338 0.6903959616931306 9.779594911089326 1.9009504194501652 1.1986012334598461 -90 -3.1179012111648596 728.4393030952342 9478.36239968695 -2.903891317063424 59.53534239474716
1776677679.674256 | 1 1 1 1 10 40.90026022307408 -72.34994799996028 9382.175647465927 -0.7207200548634807 0.49522083136245354 8.635102233202009 3.5074268106987123 -2.9032943574166037 -90 -4.008941985287688 731.6658681550048 9385.327415689471 -4.469314166771633 54.56344993936324
1776677679.7752547 | 1 1 1 1 11 40.900299037737994 -72.34999535568825 9294.037964775189 -0.8826857912079118 -0.23603254900840454 8.038409203527937 1.749924944770294 2.573480003946292 -90 -3.8640171218460986 734.5750287476175 9302.34373421204 -4.309563235006873 37.48059043225775
1776677679.8762534 | 1 1 1 1 12 40.90032321110664 -72.35000433608242 9195.413299763542 -0.8695468603762617 0.8598652283376684 8.669225636584352 2.139806942363035 -1.4739304149764996 -90 -2.936886482861956 736.5506516947614 9204.27421156486 -2.931827120023327 66.99234461557728
1776677679.9762523 | 1 1 1 1 8 40.900339642269465 -72.34999542735959 9112.86353253232 -0.5168126434456382 -0.6891433746182769 9.391002270854493 -4.351578052002505 0.5821776257368239 -90 -3.0855417920334824 740.4869800273487 9113.239486108847 -2.6556163760919658 33.01246471916003
1776677680.076251 | 1 1 1 1 12 40.90029626090603 -72.34994765621879 9021.593652767608 0.3071927029597892 0.9794463034427656 8.069222645746132 -4.045332971739269 0.3745292449149451 -90 -2.0985811272961543 741.4480610267 9018.758598806977 -2.3276120498328643 65.11670224901152
1776677680.1752496 | 1 1 1 1 12 40.90029967961275 -72.34998693995996 8937.77520078554 0.9820293757355107 -0.35560898581736433 8.772472950668483 3.0944829760091626 4.4895367018435195 -90 -3.427216055679372 744.8297398030359 8937.517759880799 -3.7507450674257696 33.567360411203424
1776677680.2752485 | 1 1 1 1 6 40.900256187336 -72.34995526282827 8844.426177316323 0.7892597348726282 0.13911277505342268 8.802026435518648 -0.16195477046105022 1.3585158119927385 -90 -2.1404948118328275 747.7617802475885 8830.28227838457 -2.0553184319080646 34.35173722610261
1776677680.392247 | 1 1 1 1 12 40.90022244111004 -72.34995844921534 8762.191342045964 -0.33569641200363276 0.7071211383641269 9.399855172666149 -4.301203750079847 -3.016139915872661 -90 -2.994974383630951 749.9927097229316 8758.447435733076 -2.527678769997272 61.55840217042781
1776677680.5002458 | 1 1 1 1 8 40.90025291497154 -72.34995757707334 8677.313255903804 -0.4137274044117938 -0.5994565825886049 8.161134123233614 2.586413057140935 4.053249355826727 -90 -2.3849590227703645 753.3658185254293 8667.112226240437 -2.259139042185371 54.977818166676215
1776677680.6022444 | 1 1 1 1 11 40.90020554663114 -72.34994232284505 8594.602520267568 0.7249845081642701 -0.732632836003716 9.099224196166608 -3.9507944988723676 4.900251188112728 -90 -1.4113035299777004 754.2248457545478 8610.114355600905 -1.0473683245222767 53.02897474878432
1776677680.7042432 | 1 1 1 1 8 40.900199168801194 -72.34991253768766 8509.681152334631 -0.8893425028767445 -0.14325273582914377 9.083690320015512 4.809468159449388 3.8349831059901565 -90 -1.212166186884529 758.3928689955992 8522.294420196295 -0.9206348231143275 31.043474439228508
1776677680.804242 | 1 1 1 1 8 40.9002425907456 -72.34995484596027 8410.44059470897 -0.3900259184868544 -0.999013595012626 9.438773796807759 2.171618494672268 3.1536152549101484 -90 -2.1802163634264375 760.7400745720056 8413.638162945977 -1.848464626199054 64.85007370259663
1776677680.9052405 | 1 1 1 1 7 40.90019636512823 -72.34994719423787 8315.662568310807 0.23083397407081008 -0.8019765682528375 9.747806619582425 -4.895624756681212 -3.684428116379178 -90 -0.8296262534763363 762.9889809034444 8311.994861167295 -0.4116921555711357 42.258924774370215
1776677681.0062392 | 1 1 1 1 12 40.90022872590993 -72.34989992390635 8230.917136078944 0.8691957184240471 0.23924134175649758 8.105184887885056 -4.833670241209914 2.631870396650772 -90 -0.7418303809900599 766.1860112382633 8244.609064749156 -0.5674850779308085 40.68621298664631
1776677681.1072378 | 1 1 1 1 9 40.90026565317984 -72.34992326454768 8131.731892343735 0.8799718445722764 -0.17856429580180033 9.72993251614053 2.4023359404518896 1.4125857652937022 -90 -2.219021895246567 768.1379468919621 8123.673655732616 -2.4860538203827605 55.266286197147885
1776677681.2082367 | 1 1 1 1 6 40.90026871735923 -72.34989255792264 8046.327745701782 -0.1953156268547671 0.9190248145564228 9.531181660194088 -4.545160650916809 1.879366875838321 -90 -1.202820698214283 771.4877573132405 8063.724494347141 -1.1790371410966243 67.77705721158381
1776677681.3072355 | 1 1 1 1 11 40.900291850975606 -72.34988902480062 7957.212509950763 0.23758921796549015 -0.30023046111453655 9.788268871315715 2.6456812455376255 -4.084657411235806 -90 -0.8760227625254073 775.0813677594116 7948.085120897577 -1.1978604094511307 48.7432360790773
1776677681.4082344 | 1 1 1 1 8 40.9002773729527 -72.34985776711292 7863.415981827495 0.6466406801488538 0.8650125317172341 9.338165986730342 1.165777466683413 -2.549057118236584 -90 -1.0716726309417792 776.3466175320941 7878.307105810671 -1.4811826096882996 59.28001752927369
1776677681.5482326 | 1 1 1 1 9 40.900283223897084 -72.34983761354017 7768.595887272428 -0.8665591976231666 0.9888748276206885 8.33877718885483 -0.751669098596591 -4.761821048219382 -90 -1.2261682154806641 780.3223359454447 7749.583320764672 -1.1160264874385923 57.21842041047657
1776677681.6522312 | 1 1 1 1 6 40.90030789417703 -72.34981818046742 7677.247693055508 -0.4985460544292404 -0.9231136672930345 9.276425419893108 -0.5475834899559162 -4.405454213944626 -90 0.2015659786909676 782.1484518394453 7674.356149944208 -0.12701295474096252 64.08151483363238
1776677681.75223 | 1 1 1 1 6 40.900320255950774 -72.34982881657896 7592.059468115548 -0.4218099509421631 0.3782037069820987 8.321962230266 0.058667629991711046 2.2375645117912217 -90 -1.097543013731966 784.946170802221 7603.103970734131 -0.9826841461246449 42.04743125408061
1776677681.8542285 | 1 1 1 1 6 40.90036138758417 -72.34986385630945 7508.435255622529 0.7409890177080607 -0.9810264088663545 8.415420177965041 -0.12053147033488187 2.7311577125660325 -90 0.8550819572167621 786.8247235649826 7511.198055612095 0.5443013571926851 45.68797459327406
1776677681.9562273 | 1 1 1 1 10 40.90039848856227 -72.34986425191151 7415.135806721319 -0.29201486179829095 0.7622923561489177 8.619551186874643 2.9508150165040536 -3.835904278936014 -90 0.038122136716300714 791.4200264556031 7401.4976870457685 -0.05834615221570094 50.47531962610115
1776677682.057226 | 1 1 1 1 10 40.90044066472852 -72.34981621667679 7323.907523193318 0.9270602578409273 -0.8778597669166681 9.843547793490615 -1.1734514410081545 3.756274116503377 -90 0.5246146721163247 792.505691321275 7329.652528305519 0.9202980793871856 60.73084677702094
1776677682.1602247 | 1 1 1 1 9 40.900404990142285 -72.34978247244976 7232.263786701367 -0.3866751807147262 0.7730605287008443 9.828747955239102 0.7627918871318933 3.428865219737114 -90 1.0162305936672553 795.6548014459481 7229.6471080403735 0.806444185393238 61.766753949795095
1776677682.2642236 | 1 1 1 1 10 40.90037198050021 -72.34979727374335 7147.771416237503 0.9383430497957719 -0.17509636200797885 9.903638421527567 3.9667156491148923 -3.5980398745461653 -90 -0.22629467219575683 798.8969599504478 7148.103608525175 0.0410395461934977 54.14419599319462
1776677682.3662221 | 1 1 1 1 7 40.90033792397775 -72.34984336562663 7057.410418196501 -0.8327989623947436 0.9450718027028835 9.756661335349676 -3.8812276758967923 4.807134423617253 -90 0.06576746137169232 801.5600413036104 7039.227371898095 -0.13078632776088117 36.34303514196649
1776677682.465221 | 1 1 1 1 9 40.90031436097434 -72.34984356456873 6969.390021563709 -0.007466356130497953 -0.06346938449561024 9.420878743402227 4.762329380739866 0.8134791101269254 -90 1.2738175999008468 804.5446694239403 6971.913571393399 1.0342027134290945 49.53299209216988
1776677682.5662196 | 1 1 1 1 10 40.900265833343525 -72.34983386848131 6872.61229667819 0.20182511721305385 0.250456459204641 9.95486637889508 1.9009424979792247 3.7458003873741745 -90 1.6077612587423444 806.4567557628077 6885.040777446153 1.618574618223974 62.30125030944767
1776677682.6702182 | 1 1 1 1 11 40.90030828523643 -72.34986500944869 6779.930346020589 0.1656568784043715 -0.045441339369169276 9.013470269380994 -4.472024356271827 -1.6105557828956552 -90 0.52985491805085 809.5312689489612 6763.247105633481 0.5040815249113686 46.22174742424322
1776677682.777217 | 1 1 1 1 6 40.9003420288084 -72.34991380781162 6694.312083460069 0.6653046640849052 0.8045726297686362 8.617386742601381 2.427748526917151 -2.4760019826379507 -90 1.181681742331324 812.5699979546615 6690.588354863557 1.0211983467619403 31.18669313082102
1776677682.8802156 | 1 1 1 1 6 40.900350404769256 -72.34987069006138 6598.840044722854 -0.9533458533490657 0.7972863873955247 9.998969147335616 -0.10360002317842376 1.010682163104435 -90 2.644056346487604 814.7484268394302 6601.701410183355 2.4929708634993095 61.8824861075278
1776677682.9822145 | 1 1 1 1 10 40.90034105121646 -72.34991952091869 6499.255472436405 -0.023711622517244013 0.00843004894461341 9.902879677974385 1.9017194149552585 -1.092787554137531 -90 1.9481988401008823 817.2425647796556 6496.3610214200235 2.232745868135329 34.57817622371583
1776677683.084213 | 1 1 1 1 11 40.90036777646725 -72.34996702009578 6403.046537245222 0.553167842117789 -0.7764458583946205 9.31403385559318 -0.7141718689941765 -4.02689292323121 -90 2.3541226033226783 821.3092079698357 6418.890262735765 2.5167417295106698 55.345769183997085
1776677683.1862118 | 1 1 1 1 10 40.90036481888988 -72.3499773273464 6322.429908517836 -0.49080475635969467 -0.06394762631181616 8.881585786131563 2.865943423159618 0.45898433001034356 -90 1.773573288500611 822.3427344180578 6307.532876766347 2.16034712330971 32.485014021319685
1776677683.2872105 | 1 1 1 1 12 40.90035194102412 -72.35002067585373 6240.685640835014 0.2664409431896382 -0.9912108026072244 8.998242145744399 -4.307467062291814 2.8961484870973155 -90 2.2309850859599063 824.8311912921108 6242.336210501886 2.150689415245754 47.37251433541256
1776677683.3872092 | 1 1 1 1 6 40.90037189341212 -72.34998472461756 6154.0863897015215 -0.6310267845060029 -0.24382394201404023 9.841419555323704 0.8158424730797078 -4.232494687812167 -90 2.3922373911664474 827.7464701952549 6142.713743475349 2.2261979720832823 42.26532783829663
1776677683.486208 | 1 1 1 1 11 40.900407115448296 -72.34994014946056 6066.431068042332 -0.4396669058070979 -0.32959158584412385 9.583955745409627 1.088478759246927 0.676327090115616 -90 2.206378268985178 831.5690280866455 6078.4348153798255 2.416475388179372 63.74955215464838
1776677683.5862067 | 1 1 1 1 8 40.90037570654142 -72.34998199969615 5980.404581210077 0.6648092939535191 0.6204219885117181 9.702415256777833 -2.5873786477434866 -2.5776634082754333 -90 2.6105345037032563 833.4965763157393 5964.965005747978 2.8284080561932354 30.64224142178623
1776677683.6852055 | 1 1 1 1 12 40.9003847027753 -72.34999669238925 5890.104452040042 -0.6509848704032313 0.09857223793448444 8.91372890689616 -0.25130295706166006 0.9046991836937623 -90 3.773321972896628 837.1591840691539 5877.496613072731 3.7442815551735187 37.68212986681195
1776677683.784204 | 1 1 1 1 7 40.90039975183349 -72.34999721847757 5794.030237997149 -0.1209018522727443 -0.01216895688225561 8.684305320751632 -2.16665012626011 0.29886093309235484 -90 3.2545036619905066 839.8743131010293 5791.044268752573 3.7333825811735624 43.50973208344225
1776677683.9112027 | 1 1 1 1 10 40.90037912510982 -72.34996630459968 5700.357322864732 -0.43326823500048683 -0.4547670154440373 8.993251962540798 2.556484462092227 0.1529200566711335 -90 2.823329664679945 841.5145770374423 5704.414083233794 2.716933541965849 38.52117607701155
1776677684.0142014 | 1 1 1 1 8 40.90041668796847 -72.34998522104759 5611.402138033711 -0.8052841262974235 0.8147386414715747 9.574326025831903 2.867517321522394 -4.656013282621338 -90 4.0201217306783885 843.9960079763607 5611.859071852555 4.14446410769568 57.945007455960315
1776677684.1152 | 1 1 1 1 9 40.900399288004614 -72.349993168787 5514.80080359108 0.008881314149649544 -0.44090053411765084 9.709227404178744 -1.3936667009296135 1.8456564748576252 -90 3.9882148064911984 848.2096598708418 5534.650198171821 3.584868835900404 42.39921424873431
1776677684.2171986 | 1 1 1 1 12 40.90039077110878 -72.3500383826631 5424.839104297495 0.34606978676146705 0.7747910484575642 9.601873144132409 1.5898789026096205 3.513382761618903 -90 3.60829759354636 850.4663456459599 5439.718859052961 3.5857253512942235 33.78809323555607
1776677684.3201973 | 1 1 1 1 9 40.90037333347481 -72.35006293200327 5341.833939497928 -0.5942573586812339 0.9751667362088818 9.069167993025493 -0.1475438725594671 -2.960474478458891 -90 5.017788564175739 852.3490485931734 5323.5761886490545 4.931426133424554 39.445098855144515
1776677684.423196 | 1 1 1 1 6 40.900333821636806 -72.35008199661583 5259.415036189687 -0.8020024175192917 -0.18662812888353564 9.530302833460578 0.19648768469419764 3.097486479909474 -90 5.0475767399368365 855.9764527683898 5260.92530628532 4.986787902673573 59.32656771603768
1776677684.5231948 | 1 1 1 1 7 40.900374328907915 -72.35011663390898 5168.970080121081 0.5420764190884546 0.7928018767035903 9.06042886551089 4.9196794155656445 -4.2687021606853515 -90 4.586779488544912 858.7436397254922 5185.25452581932 4.128165262231718 54.67185092854095
1776677684.6221936 | 1 1 1 1 9 40.900367715822796 -72.35008992627328 5069.8216304420885 -0.197021486497585 -0.8679102837831882 9.154624070412822 -1.2670867974771927 4.801058652307642 -90 4.010026317092122 861.0204628406892 5052.722197709317 3.779672906564665 66.31562863124424
1776677684.7231922 | 1 1 1 1 8 40.90038201635148 -72.35013142517028 4988.252630947028 -0.02138796459380954 0.4259449385064986 9.253196282260765 4.012270893542546 -2.181218822740382 -90 5.1004134366794265 862.9796471024061 4991.618432712057 5.225076902667408 56.96907997924557
1776677684.823191 | 1 1 1 1 7 40.90036414209703 -72.35010840693134 4890.742919529945 -0.2441232561739819 -0.6924851759758557 9.081806257377412 1.4967191868397434 0.4266816086999148 -90 5.028447317839949 865.8851446968439 4897.431236495817 4.72631895233313 56.72818497776007
1776677684.9561894 | 1 1 1 1 7 40.9003208306189 -72.35011211070922 4803.823469374675 -0.8812507968116932 0.7423261340484804 8.25629744396589 -0.44841126633763295 4.225562477976295 -90 5.644599689492111 869.2940808668335 4796.823869443752 5.400804296620795 66.38522991142207
1776677685.057188 | 1 1 1 1 12 40.90033218399238 -72.3500675646494 4705.846720587531 -0.38160465691642065 0.8311956535271945 8.068115372456784 -4.605357249530413 2.0844049038480117 -90 5.609476443966367 872.4680369130875 4688.379814319987 5.236249006390015 69.20145811447995
1776677685.1571867 | 1 1 1 1 10 40.900341337636775 -72.350056248508 4617.60846743499 0.2699295659752978 -0.990425404299716 8.340084016662683 -0.7917068527843876 -4.673966266001257 -90 6.7533220130720615 875.4209525991846 4615.30375485985 7.12595822003103 38.052468621905845
1776677685.2581854 | 1 1 1 1 12 40.900303244087134 -72.35007985701874 4524.547292120576 0.9911554343997306 0.22881641061096314 9.247939998686581 2.8109488286230624 -3.5771228825007673 -90 5.176751218695398 876.8921891260034 4521.677901691595 4.9469707734089825 64.94488175754245
1776677685.358184 | 1 1 1 1 8 40.90027354771708 -72.35010704148037 4443.020906720932 -0.4102021065088757 0.6965225628539069 9.98254219826119 0.40659383431368745 2.1587374945277427 -90 6.663965058627372 879.4649071457956 4450.528611953102 6.636521231759671 64.62532844456295
1776677685.457183 | 1 1 1 1 9 40.90029505936131 -72.35007436188377 4347.130505697715 -0.6042748457440896 0.5609780683729328 8.802224224934076 -0.5232772252917268 -2.4124575949364124 -90 7.171050804775011 883.5832362680578 4329.04095743888 7.573115974558949 32.51223186767979
1776677685.5571816 | 1 1 1 1 9 40.90030939616775 -72.35009721715242 4252.081815238068 -0.8474870733264668 -0.5282153228464672 9.950655577094404 -1.531469417377017 4.95075519189707 -90 7.281989332003666 886.1895793964849 4253.157710827827 7.715130940741711 37.271415641901996
1776677685.6561804 | 1 1 1 1 9 40.90032841748829 -72.35009210265211 4166.113185747606 0.8508302170970226 0.12705606786788914 8.50011707695469 0.9395039791660036 0.36247421580664785 -90 6.58171278273086 887.6781687658513 4150.903567828424 6.26279717777981 54.88884177157536
1776678298.2877154 | 1 1 1 1 10 40.900046223327415 -72.3500164156019 1.873857619887351 0.18421010303321728 0.42561070211532237 8.041156998166533 -0.7153652188438819 1.0350077346155837 0 14.07499366054526 1013.8665700879959 11.789207510648305 14.308058366489536 37.44516885483894
1776678298.5997107 | 1 1 1 1 11 40.90000303726906 -72.35001384642537 4.028416794535615 0.9330044972341336 0.6624747305027026 8.333487911492227 -1.2011603385710234 2.6602676112280434 0 14.961345416246381 1012.1168944439686 7.644959105436469 15.292721627924795 37.66544512155627
1776678298.7027092 | 1 1 1 1 10 40.90004531550035 -72.34997004127074 4.90508944206007 0.08648121091007255 0.3364808748261203 9.013944074076411 -0.4487989341004708 1.1461742376378483 0 15.105327360632986 1012.5608118854897 2.293348682089582 14.783644197667453 37.36442564601908
1776678298.808708 | 1 1 1 1 12 40.900026057036676 -72.34998853770111 0.47985810205126267 0.9188035637937524 -0.5733124386524027 9.632997023443108 3.4094916790333265 -1.2157656173376208 0 15.790267285892996 1012.2899538694124 17.46653291894418 15.799537634595655 63.38183238711029
1776678298.9097064 | 1 1 1 1 12 40.90007413116988 -72.35001020452877 1.133480080366327 0.15225621441782566 -0.2892857273165854 9.264970253379449 4.829011098368884 2.594664424716485 0 14.491126830949256 1012.5267509300608 0.06720042899613565 14.893416342206926 45.69172410716568
1776678299.0127048 | 1 1 1 1 9 40.900090981980924 -72.35005810912597 2.814234088612273 -0.8959854075392981 0.42633090368294435 9.18079841435376 1.2738698997912188 4.869272593018074 0 15.96115446665246 1013.5392512722693 8.869816503231611 16.18797133990146 35.113519403576404
1776678299.1197033 | 1 1 1 1 8 40.90009680690858 -72.35010473998308 1.2822782476040195 0.4781859641327306 -0.4488876578971661 9.829029773917444 0.03421884705252154 1.178537266682281 0 15.713087414373346 1012.9987212639767 13.131365688495954 15.834161688469582 69.61555370634325
1776678299.2237017 | 1 1 1 1 10 40.90011680638349 -72.3501032105449 2.393781371983957 -0.8362087293608911 0.05611074261496962 8.496874335466254 -3.286138252840831 -1.627524077596071 0 15.140346231134227 1012.5160577684727 -0.5639612967154211 14.684980085905956 59.78211857750182
1776678299.3247004 | 1 1 1 1 7 40.900128054195726 -72.35012116181049 2.1989600727148932 -0.12029739249135551 -0.1526061262204812 8.956601431993018 -2.0501253514739446 -4.544975908635109 0 15.917605210070953 1012.2574408514786 11.963211287285777 15.77650640958099 51.060480221001285
1776678299.426699 | 1 1 1 1 9 40.90016920584157 -72.35009569448223 2.521996456722066 -0.5453465253951622 0.09683449235902852 8.505299545228585 3.289926438456103 3.7623057058956473 0 14.784598111194931 1013.6213694022069 -17.428272858033573 14.494233500508805 64.29630010367342
1776678299.5286975 | 1 1 1 1 10 40.900207613118475 -72.35014411003363 3.366766534468846 0.18278882509684036 0.5293102102252287 9.69491318391666 -3.3848502751149647 1.7255679837530815 0 15.00259208556909 1013.5810318085056 12.639305281539096 15.267939820931431 52.1093359547126
1776678299.6316962 | 1 1 1 1 8 40.900252294447036 -72.35011100439927 0.34449275081157027 -0.006306038708989714 0.23634502849122718 9.065862490010497 -1.9396640745528848 0.8300162244035167 0 14.346198236241184 1012.7124268152119 1.0965492620567743 14.417755853470991 37.74525679951029
1776678299.7336946 | 1 1 1 1 6 40.90020276525708 -72.35010239848481 1.505268096403423 0.9176610098248255 -0.5027805019469738 8.968607840353558 2.9284042923666656 -4.537297035916101 0 15.085406754536026 1013.3108814835477 19.969193034050985 14.916260440288076 36.95394724755739
1776678299.837693 | 1 1 1 1 7 40.90024222129158 -72.35010045318454 0.045653593588030894 -0.09531742767803375 -0.5684930926545408 9.873247955411376 2.543501943448666 2.0302288891925944 0 15.562911422584442 1012.1056227595091 1.1732148319766038 15.366482813188519 59.2534055382101
1776678299.9446914 | 1 1 1 1 8 40.90022254757058 -72.35006775330666 2.3585894614143648 -0.7648108810107528 -0.5032286687240901 9.02132806543347 0.6330170144718785 2.4405971510850595 0 14.212375004044368 1013.0222130625007 21.131160402497525 14.415657014389542 69.81502294373334
1776678300.06069 | 1 1 1 1 9 40.900214043183844 -72.35010456850013 0.5400344951444047 -0.9301333305287218 0.9687057851246765 8.889292106162626 3.2540057661118684 4.565386545337823 0 15.217665954663378 1012.5887874818687 -4.618925027074764 15.364852056967534 52.717789975648
1776678300.1626883 | 1 1 1 1 10 40.90018564725175 -72.35014523013143 0.8038446232760216 -0.6936656082408441 -0.6498582715666448 9.640529541150926 -3.9929456916360637 -3.746952486534969 0 15.734630051538987 1012.9489028961798 19.994791313741302 15.728112164327856 51.57042591560386
1776678300.2676868 | 1 1 1 1 8 40.900207242041596 -72.3501243720013 2.158719098660508 0.5408494390885723 0.9741479257081993 8.629714866293769 1.1936169844965328 -0.49645671297314564 0 14.08420123184873 1013.8475148335727 -10.363254257392445 14.168128907732159 39.63133636038259
1776678300.3696854 | 1 1 1 1 10 40.90023005004862 -72.3501005900116 3.5943455521932055 -0.597451908413243 0.6768576221938103 9.148983357120391 -0.8240491427042773 1.0171918073101764 0 15.903757318511573 1013.6782119885501 22.502064783067574 16.30690819663087 59.70033666780621
1776678300.4706838 | 1 1 1 1 10 40.900210119701605 -72.35005106422733 2.2960418657506274 -0.31920921629084487 -0.23897917476399244 9.10227731725115 -3.178319985034419 -0.8784897957810136 0 15.945369014104482 1012.4468948517751 -17.180075968537 15.782583711846671 58.77138853659873
1776678300.5736825 | 1 1 1 1 10 40.90019787399576 -72.35009958183855 117.08686633669448 0.656142664562078 0.5046321235573612 11.47291391606868 3.326842488824612 4.776630095057824 120 14.036911813464446 1009.6004867808964 123.19108603090784 13.628156992577248 53.69645297226919
1776678300.6926806 | 1 1 1 1 12 40.900152670031424 -72.35014067431203 241.46159240189604 0.6202586593922392 -0.45317674586821677 14.759512624374223 -3.204328548284252 -3.7196109786254183 120 14.700801348099507 1004.7630317187154 251.79935717200445 14.634838877887773 31.4986599263825
1776678300.8046792 | 1 1 1 1 9 40.90019575840187 -72.35009458316684 366.127735816205 0.6550815751139147 0.7272344816361944 11.153074957384534 0.35567462241101033 -4.933458352257633 120 13.3884307933532 1001.4614562682581 352.4229106510143 13.882731769845375 61.317170399424725
1776678300.9056778 | 1 1 1 1 12 40.90021123113718 -72.3501258202263 482.5148472030801 0.34508439880685415 -0.19537219133989758 11.225553192616744 -2.571057731791454 -3.1153068127613412 120 13.902032876219627 998.5973912654218 472.5873496818667 13.788565310940681 60.04558878360728
1776678301.0066762 | 1 1 1 1 7 40.9002317523822 -72.350108121638 598.7980378028666 -0.42733319902372147 0.16196214103359652 13.542809924027083 -0.8575444280044255 0.6097036579473656 120 14.703220192850697 995.3834132166678 616.5228345367643 14.275796945571502 64.92383617170164
1776678301.106675 | 1 1 1 1 11 40.90020815455521 -72.3501466811167 715.4251121776035 0.8898498844692029 -0.9518158696816412 10.913735652852711 3.0922373415646245 -0.4937727999839989 120 13.218854727854815 991.4154314166636 730.5980431440419 13.093341055525318 59.259697203914016
1776678301.2086732 | 1 1 1 1 12 40.90025216081972 -72.35018592453088 841.2978355780203 0.38385016059888355 0.27662930527053975 13.06043127793475 3.3415852405220576 -0.3136197373532612 120 12.932699216568702 987.6420603698076 858.0902225959624 12.718400649379634 44.58914232758977
1776678301.3246717 | 1 1 1 1 6 40.900254940140975 -72.3501897984148 956.3677111256776 0.5412618013007202 0.8846863546408557 13.562226764749042 4.834270948548086 3.582642281745855 120 12.246864255793932 984.2981867590272 956.8957348080231 12.601960271542392 60.82619934202418
1776678301.4316702 | 1 1 1 1 12 40.90026667374865 -72.350232000631 1081.2043416037486 0.7252595924591638 -0.050655329646274616 11.876376490230903 0.06606349398070588 4.813195914119142 120 13.532262278983403 980.6545119118925 1093.7244185948023 13.754855176628503 48.44378824405698
1776678301.5316687 | 1 1 1 1 7 40.90024345579769 -72.35024763532402 1193.3433048805896 -0.28491989391724304 0.6217777204932617 9.376142146721731 4.504744894548034 -2.7817302930181818 120 11.94855351422387 976.9315903767615 1202.9069614107984 12.1546965501249 49.54770533737076
1776678301.6396673 | 1 1 1 1 8 40.900205418883566 -72.35025053394739 1305.5618670692895 0.7775303614391011 -0.7871395711697897 11.342144656373348 -3.122002208879974 1.4508446252182141 120 11.593325042024905 973.9806273725112 1299.9471666609147 11.280580147269992 42.89086555148481
1776678301.7416658 | 1 1 1 1 8 40.90016949543062 -72.3502401939668 1422.4944557996143 0.9731198981822178 0.8513507657502535 9.120134896746032 -1.848297330879424 -3.4932656234546275 120 11.337737533751053 969.5420759148055 1424.486426697095 11.1909721974064 52.95247465162853
1776678301.8416643 | 1 1 1 1 7 40.90015679455942 -72.35025582455303 1552.4002849626338 -0.10519772185282017 0.8747356904802575 14.351276030053224 -1.4793190085145556 -4.916281562308575 120 11.574320364311472 966.4697360332431 1569.128535571507 11.608423196046882 61.221059648187975
1776678301.943663 | 1 1 1 1 10 40.900125380683285 -72.3502666098891 1682.1999420123027 0.9050313242362686 0.5805870573996987 10.29107215857602 -2.027306206274951 1.429596835651493 120 10.840758260335305 961.5928387569469 1680.4409682953683 10.451780675132177 31.099966643558435
1776678302.0436614 | 1 1 1 1 10 40.9001131751724 -72.35025717014159 1807.4766554226544 0.42298334136772 0.5226305555975814 11.725674514593917 -3.956935810114075 1.9550034292645826 120 11.897966968759157 958.1916368231041 1794.797599573137 11.861236961592377 45.54741357889503
1776678302.14366 | 1 1 1 1 8 40.90014985115825 -72.35020770231183 1919.3912661632276 0.005871944666141049 -0.6664560072926042 11.32034662657501 -3.3239815519563596 -3.2518393878166374 120 10.33755381862792 955.3628027051464 1913.030244705153 10.602750095434658 53.202262355969
1776678302.2436585 | 1 1 1 1 8 40.9001132300505 -72.35018043722165 2036.7092274053684 0.36993275605285114 0.5573190832364714 10.839602146204866 -4.738146759043018 4.229488349084127 120 11.398404159065983 951.2094772045022 2056.557430939313 11.572709887223196 65.86697912977691
1776678302.343657 | 1 1 1 1 11 40.900085182618014 -72.35019668362237 2148.7860307868823 0.0730834180309623 0.9825255622630056 12.981824939138239 -3.7887548893774934 2.2941903258636733 120 11.665379141042898 948.6965125557357 2147.7571104388862 11.453384809481056 39.022117819989305
1776678302.4646554 | 1 1 1 1 10 40.90006681536892 -72.35015610801025 2268.2538597349517 0.2930002362006947 0.21432031796662598 11.850173341933658 -3.670915220726595 -1.342464580987346 120 9.68250484653969 945.4101670477464 2281.2553857112557 9.18552436265839 69.56949143761005
1776678302.5706537 | 1 1 1 1 11 40.900042584602915 -72.35016690351297 2385.434338768941 0.5824730637233486 -0.07379078135278472 13.633627900558261 0.9724413463699939 -0.1286756314879236 120 9.951435999486797 941.85965667563 2400.2841150708487 9.753031083014676 64.15692275975678
1776678302.6726522 | 1 1 1 1 11 40.90009064808824 -72.35016795833866 2498.3876485722362 -0.37361724571069566 -0.39309429564424003 14.495669524237657 -3.3791003982161696 0.43820507824134136 120 10.352354757592266 938.2018332592061 2500.3896757933007 10.434742787860486 69.94803271596979
1776678302.7746508 | 1 1 1 1 7 40.90004296714252 -72.35013940111337 2616.1999772144236 0.025741477521237677 -0.012393863951607909 11.33407154603443 -4.715380567901929 2.9482073294262348 120 9.455964677528288 934.3934421858659 2603.960322535277 8.975727029148796 67.10336409095734
1776678302.8746493 | 1 1 1 1 11 40.90005710430274 -72.35016262807227 2728.997318014133 -0.19672871402825853 -0.9413413146000631 9.187565885681481 -2.803231473604859 -4.857484979659121 120 9.437825749960263 930.7624785739358 2710.0615264336 9.416101498670399 43.225646689454095
1776678302.9766479 | 1 1 1 1 10 40.900077758020586 -72.35012175620324 2843.00487182732 -0.3626376590931073 0.4002400889818649 13.526393050960554 -0.5490731321114595 1.1011850413856692 120 10.187247424256979 927.726116825538 2825.077618556985 10.563299168797963 36.81664859672936
1776678303.0806465 | 1 1 1 1 8 40.9000964254872 -72.35014285044856 2954.160058285845 0.2374142288796539 -0.14363427340174106 11.639639105885657 3.6353594271160503 3.013418508368556 120 9.789363692470884 923.7000598325162 2941.118763392534 9.685510624457908 62.204786630448254
1776678303.1816452 | 1 1 1 1 11 40.90007480827959 -72.35015501855078 3077.6865456331225 0.340802434969532 -0.6780380188310626 11.095890957310964 -0.699438669328635 -1.5542162823308159 120 9.439064252774545 920.1628595511736 3068.8475067697746 9.83209564517582 52.356674154032504
1776678303.2836437 | 1 1 1 1 9 40.900099035922906 -72.35012179798458 3197.1143116878447 0.9446894099431455 -0.6455947123804686 10.477964571929135 3.7590769277841822 -0.6062180960879271 120 8.82521596318333 916.4840757600505 3203.8339652802924 8.3489412100724 42.931705784987955
1776678303.3866422 | 1 1 1 1 6 40.90012516283196 -72.35011194392295 3319.11535533686 0.7894949484875255 0.24963977790759917 12.428419479754181 -0.3953680133774915 -0.5552877384180217 120 9.243340574351723 912.7163497101315 3300.2440650987924 9.150014430143415 63.05775667846862
1776678303.5036404 | 1 1 1 1 11 40.90014258685099 -72.35007525402659 3448.275071490752 -0.49789788367757604 -0.35861883627316926 11.321168396853533 1.7945398521836884 -2.0412910819329255 120 7.922853365748985 909.4089792326781 3429.3863773500925 8.374648527244766 50.15950176876317
1776678303.6026392 | 1 1 1 1 11 40.90012304237142 -72.35003358447291 3573.6910334516415 -0.05283646208408155 0.6539080027609112 14.394699575913183 3.2123407064531424 4.4940447071587375 120 7.856408945992181 905.8733313716477 3565.5402387148206 8.276074964625483 50.75922518763521
1776678303.7056377 | 1 1 1 1 12 40.90010825900982 -72.35007286958086 3692.7908737680323 -0.1718094693323995 0.13739247298454238 9.007032126129275 -3.776729583353239 -1.1121568465859202 120 8.450615778719184 902.501160205697 3695.1745652452255 8.493171320945462 40.38070305968924
1776678303.8086362 | 1 1 1 1 10 40.900096841128374 -72.35009916612644 3822.006853696043 -0.39666417566666534 0.35752071869871593 10.696954445023714 -0.629892857555463 3.137451480747444 120 7.369355855723272 897.6848987343533 3831.1789573087276 7.574598176543478 51.24629982081673
1776678303.9096346 | 1 1 1 1 6 40.90009709213724 -72.35006605760114 3951.478937120557 -0.6453711986698056 0.8588386578503024 9.92285797337089 -4.502000993703308 -2.2423151184965384 120 6.8202641838118625 893.888749768061 3945.031044374828 6.518957866095031 67.65619797528325
1776678304.0106332 | 1 1 1 1 9 40.90013474216568 -72.35005371878846 4066.335200955813 -0.09140192692122096 -0.844536415238422 10.022334464298039 4.434737708092413 1.3449429030282358 120 6.123784795616656 890.8361776915069 4072.467682963649 6.2040451741388525 41.92558837768931
1776678304.1106317 | 1 1 1 1 7 40.90013138361246 -72.35008404402129 4191.884787724361 0.2989575685692194 -0.6741055653161983 12.269591204370714 -3.7477645485867503 -0.13147956322963417 120 6.298319567905332 887.3026252026322 4176.625387078406 5.810917533316002 53.60351794050367
1776678304.2106304 | 1 1 1 1 11 40.900132571701484 -72.35010547144088 4305.3149099323455 -0.29404199777411866 0.9706940846780052 11.382004608544232 3.0689873922489603 4.833115515369428 120 6.298073029005481 884.1063085637215 4291.269407430912 6.153002553440014 66.13748595653055
1776678304.309629 | 1 1 1 1 10 40.90012192452062 -72.35006584474213 4426.146115379649 -0.27570977274683317 -0.4173320854698852 13.57922338140714 -2.863329135322127 -0.737129269979401 120 6.8672152425093005 879.4823054910391 4430.261931963304 7.162858065759541 54.386475735881604
1776678304.4096274 | 1 1 1 1 6 40.90015110025754 -72.35007864515704 4542.856974050546 -0.2777193961745654 -0.4570732103345514 13.335501995580502 -4.048326139555219 4.344606499884412 120 6.015634812693344 875.7751407520202 4555.655007140213 5.626024260256023 36.98970298028672
1776678304.5096262 | 1 1 1 1 11 40.90011455562289 -72.35003465072532 4661.110372124555 -0.5012350325539978 -0.16346566167848775 11.420215860225092 0.7228100268658046 -1.521341684294205 120 4.800401363122236 872.3885165218658 4649.722385441582 4.6392334577132175 58.411874492653986
1776678304.6106246 | 1 1 1 1 7 40.900105866776435 -72.35004210958567 4785.18001927585 0.5032365890262778 -0.9646054532853636 9.84078042476042 -1.1864364473196884 -4.883312850843037 120 5.452478639475035 870.0227237051544 4770.937063866058 5.441340584532806 64.63476444990329
1776678304.718623 | 1 1 1 1 8 40.900139671069354 -72.35005436373373 4911.5079480640825 0.2283976407834245 0.8562719835478498 10.121774502580658 -2.055726842197271 -3.638098253001579 120 6.1174421663916165 865.2609234164512 4921.318370200602 5.784309990740886 31.68874486730698
1776678304.8256216 | 1 1 1 1 10 40.90011508391335 -72.35004202580726 5031.408416738306 -0.5758285008142521 0.14280700946931613 14.796984077979912 -2.77483182077411 4.373370110732695 120 4.279365817968916 862.9102947861471 5011.615333187734 4.670425862487007 62.30642138392328
1776678304.92662 | 1 1 1 1 6 40.90015500263567 -72.35000652108059 5143.250473075148 -0.7688641330320041 -0.8074127866831473 12.460514542384788 2.729668343619915 -2.5714750456211766 120 3.9739315513653732 859.4383999582205 5147.711720518498 3.8538667526065753 52.87763429323048
1776678305.0266187 | 1 1 1 1 10 40.90017579437335 -72.35003515993056 5270.447523129375 -0.16211719155148074 -0.2819643584319662 10.173837399848697 2.2058654538630247 -4.635377881533004 120 5.071455606455194 855.2785533662568 5268.899577951109 4.982974412441746 35.132099651928456
1776678305.1256173 | 1 1 1 1 6 40.900154515056656 -72.35003798944274 5391.726832891601 -0.855946880810672 0.8878940067530523 11.382206730541954 3.8599304555749043 2.7433729915662823 120 4.259473515251841 850.2934548568657 5373.914648654327 4.6364864030111255 37.762877142456325
1776678305.2256155 | 1 1 1 1 11 40.900156406724754 -72.35006450483438 5511.352671036096 -0.2643860156216322 0.7340234208579284 10.948384210753233 1.239123557699128 3.8830352695087917 120 4.851739512671852 848.5398833560253 5522.881228860328 5.087372183427384 67.26013183384805
1776678305.333614 | 1 1 1 1 9 40.90019801315956 -72.35005125100624 5629.032916943091 0.7337625728416737 0.34656150967474275 12.281696875659181 -2.956624205778906 -0.5985130238820595 120 3.6524532095312474 844.1102790499043 5618.773099021295 3.615746085952966 36.83570177710238
1776678305.4356127 | 1 1 1 1 9 40.90016354037449 -72.35008086822286 5750.93378070043 0.03941008990242878 0.6458355395131505 9.27245669534428 2.7980491682779673 -4.583778092451512 120 4.137521938231061 840.3398793854383 5768.833357882714 4.416229357148929 43.280931131835445
1776678305.5366113 | 1 1 1 1 10 40.900212085977444 -72.35009098415338 5869.472787709621 0.8070828735605045 -0.806591823942348 13.012565854467226 -1.0009224975344253 -2.7583890891707807 120 3.2156501714951817 837.1974931924357 5877.866009371491 2.7367913339303795 42.0384818161895
1776678305.6356099 | 1 1 1 1 8 40.900206455384094 -72.35012224534766 5994.398933498386 0.8147559562157072 -0.6276193852431973 12.463485943631435 -2.947741886792583 1.6546702976376828 120 3.2930013436699768 832.7237507054601 5989.2614645719095 3.350795959478204 31.90563019733589
1776678305.7366083 | 1 1 1 1 9 40.90016415184503 -72.35008134239004 6123.110114788941 -0.5784199924205933 0.9665529922163134 12.768297162627142 -4.029833985207186 -0.3022911289688839 120 2.1334037655854976 828.586764008631 6110.311526670627 2.2519006415470946 65.49360841156128
1776678305.837607 | 1 1 1 1 8 40.90015433857687 -72.3501145455312 6252.454543051902 -0.5500251538530878 0.37663738805361713 12.828117423082315 0.18262402922437726 2.88915572140265 120 1.9744892112994463 825.4179484269133 6242.713280028335 1.9048098500004977 54.552050457715055
1776678305.9366055 | 1 1 1 1 10 40.90011404205721 -72.35008097443085 6364.849002841429 0.36742176484919953 -0.6632117660511845 10.954114726179004 -2.597525885804519 4.0485557981453795 120 2.370906216753853 823.0487832695222 6346.704210659752 2.743500758965294 40.3497026302644
1776678306.0366042 | 1 1 1 1 10 40.900153119582285 -72.35009268451661 6476.690152562794 0.5184980240988404 -0.36462191438422153 9.671755859533523 -3.694208869966593 -3.9034931403792763 120 1.1385370791160065 818.3518885183137 6466.688051557814 1.1900751244320715 50.70741222665795
1776678306.1366026 | 1 1 1 1 11 40.90014088783697 -72.35011387292757 6592.197187847742 -0.5535275625212694 -0.11321603259268498 10.231209501400011 0.25919647411543956 0.11535053583552024 120 2.395641335560079 815.3961662940741 6596.90134788627 2.2021377630915526 67.64402455733679
1776678306.2376013 | 1 1 1 1 6 40.900110099137976 -72.35014786808782 6708.349424874161 -0.45729394483432384 0.9019388587913846 11.291206861142602 -2.3327529831524374 -1.4671583976940927 120 1.1103464100980893 811.4031694923827 6702.754618053009 0.7402665774896593 39.08373458270577
1776678306.3365998 | 1 1 1 1 11 40.900076065628646 -72.35013335206796 6831.683310211883 -0.5149243222057731 0.09492592517582477 11.491755019095867 3.136511029896969 -4.474598490697192 120 1.17050371066596 807.4205387300108 6850.313457125572 1.166786062889447 41.87028624908824
1776678306.4385984 | 1 1 1 1 9 40.90003696043978 -72.35011823904682 6944.0718949002785 0.4149369321547123 -0.4148810958447373 11.747468301980987 -1.284713303808246 -2.0255425917878602 120 0.4722719752481499 805.4967740481246 6956.304661139793 0.12910233178608765 69.75216688142484
1776678306.5405967 | 1 1 1 1 11 40.90003875633983 -72.3500711964747 7055.101087636647 -0.5274751542586225 0.8152830468780159 9.165932665498982 0.5808982092892387 4.346693904982066 120 0.2791145153266066 801.2360933960673 7073.216694897755 0.05202490903386736 37.98111738068896
1776678306.6405954 | 1 1 1 1 9 40.900001906657145 -72.35007322763398 7171.261417723446 -0.9980151555506902 -0.887351668197141 9.48865514001697 3.4694880659615936 3.6436583163356406 120 -0.05517981044462461 798.347455254588 7162.2170771624005 0.15068924821407736 64.34234613838998
1776678306.740594 | 1 1 1 1 8 40.90003066553429 -72.35003416714132 7288.7917201269665 0.5558413354976817 0.7678336714044283 13.312507392043688 -1.2609174657211284 -2.7139663635818243 120 1.1379039806565485 794.3193810033374 7272.171987269083 0.7631465730076287 66.09279215863032
1776678306.8415926 | 1 1 1 1 9 40.9000361190816 -72.3500477233262 7399.916981830586 0.5583730244227596 -0.37350296403116556 10.462261374091575 0.203209608288196 -1.9369232636905198 120 -0.7535206562217025 791.731064236993 7393.910359902174 -0.7578748970721163 40.20634235766251
1776678306.941591 | 1 1 1 1 11 40.90007912556183 -72.35009295590974 7529.42030586828 -0.5217808164077289 -0.5293784168273912 9.82100842199796 -0.0018375754159283275 2.774687313195999 120 0.4668374511007123 787.505731999192 7542.15443324019 0.8275663862183088 47.777906549701456
1776678307.0505893 | 1 1 1 1 12 40.90012589098898 -72.35013565765179 7652.21542955111 -0.6906871531848715 0.28058289835589467 14.199603156347894 -3.058938566745547 3.737661322125714 120 -0.04995995743185033 783.6890581922214 7638.25151001783 0.41638985060462297 68.10674835100258
1776678307.1505883 | 1 1 1 1 11 40.90012514532316 -72.35016991293317 7767.761131397342 0.7691638838513297 0.4087407917786414 13.987267270622386 -0.36635828992537256 -0.759283022401414 120 -0.33477121746351735 780.2359334589092 7749.566095166833 -0.14421331708624563 69.52130501026707
1776678307.2505865 | 1 1 1 1 10 40.900078516426085 -72.35011999243213 7883.083742347076 0.0065646551743914205 -0.10300941074738912 9.709797873656898 1.7923056066955434 -2.2120267682102357 120 -0.8018387835227214 776.1700621938068 7878.007676993499 -1.019448752885157 66.372832758116
1776678307.3515854 | 1 1 1 1 8 40.90007891966637 -72.3501205254682 8010.770603280433 0.8746905504790985 0.8970360004904061 11.691805765484462 -1.203619726329329 -4.34997639549075 120 -1.0681444921938559 773.4389938525204 8025.922471476156 -1.4380513656020675 42.51051265725702
1776678307.4515839 | 1 1 1 1 10 40.900113102719345 -72.35016978061788 8135.422397955431 -0.09521839854769465 0.293685775261211 13.20156541630535 1.6249556819976387 3.88689286806043 120 -1.7131084222647917 769.0163060531307 8141.5570926459295 -2.0260604196381293 30.95199569654017
1776678307.5535824 | 1 1 1 1 9 40.90010058569259 -72.35014237180485 8247.247188640204 0.6818537355864336 0.006500756128464902 9.76302981023547 2.259995462595538 1.4576228325531924 120 -0.6469818964560885 766.0886046440687 8241.082315719299 -1.0666685527680144 35.45464484378763
1776678307.6785805 | 1 1 1 1 11 40.900141975352085 -72.35015080547518 8362.147032973597 -0.9112833639845757 0.8937088105253228 14.125942654171247 -4.511384158505098 -1.994257152979404 120 -1.8030929494691759 762.4650851202039 8349.445779146594 -2.229234143717259 47.38625272363291
1776678307.781579 | 1 1 1 1 10 40.90016626555233 -72.35010852473043 8487.665830788383 -0.4575591946102493 0.02748506375103954 11.649467073013238 -0.2537044057807414 3.7256679252203657 120 -2.884070661699817 757.9428244411529 8489.404430059742 -2.7783307794311436 42.04268733888354
1776678307.8825777 | 1 1 1 1 7 40.90020620292109 -72.35009767313053 8607.358693601744 0.5599509725709064 -0.24644256293188938 9.991928311542956 -3.209362199673005 0.8938007295729102 120 -1.5830422492654943 754.7495492272596 8609.15131468079 -1.329715023771143 37.69862668694394
1776678307.983576 | 1 1 1 1 6 40.90023240972295 -72.35006536196269 8717.778641668367 -0.39932537007920166 -0.46832077072098977 11.790118039319225 1.832792812056578 -1.5115345272364387 120 -1.6998227676028448 751.8532775326803 8726.7040391117 -1.9292199488464883 54.28996648585439
1776678308.0835748 | 1 1 1 1 10 40.90018461608312 -72.35007899195907 8844.677447779777 0.7796509888561358 0.48968329475288064 12.907647951245908 4.790154565348045 -2.223789911873142 120 -2.2979320077221885 748.1729808350481 8831.595649631225 -1.8331300908809185 32.33835401503661
1776678308.201573 | 1 1 1 1 9 40.90014244776531 -72.35009892710771 8968.604647937085 0.9770325179805539 -0.45681859785167966 13.467049045634031 2.0274150174235714 2.9613809884952866 120 -3.7519568926707634 744.1287698913474 8974.826643438348 -4.157838514740579 38.73005057474755
1776678308.3075714 | 1 1 1 1 10 40.90017674673772 -72.35010304990207 9083.462556681914 -0.2784460906469459 0.9582149439535885 9.969753445592845 -4.272434683461569 -1.3986141883666159 120 -3.6535854123031744 740.2360369745907 9067.559720092991 -3.455289777136709 41.34144815219343
1776678308.40757 | 1 1 1 1 6 40.90018535046713 -72.35009170450364 9200.687919911945 0.2868343325053302 0.7247340802120272 12.440249176660473 2.0783767733438765 3.276300021825591 120 -2.7230066151949712 737.7559064666186 9216.271797142095 -3.0385409279402475 54.348127200583626
1776678308.5085685 | 1 1 1 1 11 40.90015453268368 -72.35007422400568 9325.471398264259 -0.32576929890241413 0.6272539753534982 14.64150249588997 3.569670955498399 -3.7850400178310393 120 -3.8879127939155853 732.4700449323864 9342.222310567035 -3.961288788570342 49.78436165642691
1776678308.608567 | 1 1 1 1 9 40.90018196771644 -72.35010002586036 9437.476283756492 -0.23837296661027962 0.281731065498773 10.164842661271601 4.397682657989627 -1.878768188446176 120 -4.527025181497828 730.1127816009013 9432.696055197039 -4.667805683997124 32.314412814358874
1776678308.7085657 | 1 1 1 1 12 40.900203981002775 -72.3501050120478 9550.09677862208 -0.8824304212740273 0.8583371452338018 12.079786455040491 -4.637590311963392 4.030250331556099 120 -3.4535802738517516 727.2648110844412 9561.183769330453 -3.6652754498726963 65.30932204778142
1776678308.831564 | 1 1 1 1 6 40.90021367789671 -72.35013075880835 9663.744666696493 0.0421499086883359 0.011035296876775291 11.968232531450312 -1.1860922063590085 -2.832476354372162 120 -4.493602500640964 722.3504137987477 9678.064583708072 -3.994767176890295 56.264604319339746
1776678308.9435623 | 1 1 1 1 6 40.90017708106326 -72.35010301768966 9781.217474479863 0.17434736281700092 -0.7402303142070079 14.656725188756162 4.163254112543136 3.849666089918916 120 -4.679067713981573 719.1451962642332 9791.627555538262 -4.423735560039751 32.475372760370306
1776678309.042561 | 1 1 1 1 12 40.90018351774036 -72.35013165441985 9905.861532485917 -0.25505013022949785 -0.8018810998722361 11.962675685707731 0.9441009840477035 2.5977635273455277 120 -5.260071108308814 715.4140287528508 9893.319015948315 -5.7178596399309845 53.49053481010607
1776678309.1425595 | 1 1 1 1 6 40.900209649606055 -72.35012685880795 10026.39278814958 -0.6662162328756176 0.8408536140927285 11.342094342508975 -2.192950630106508 2.785590370621833 120 -5.14863157592883 711.5315177077047 10035.21686631514 -5.282870594982248 68.42951629945459
1776678309.2435582 | 1 1 1 1 6 40.90021265694665 -72.3501250821198 10150.423348808868 -0.44925111660992223 -0.337334231579973 12.34406341538794 0.9511842444291707 -4.487216038828009 120 -4.718362294180122 709.4630357520809 10140.707098588173 -4.765274237573165 30.237895465936653
1776678309.3435566 | 1 1 1 1 9 40.90018188595097 -72.35013742657611 10263.386777174233 -0.67635364675051 -0.9839466848991711 9.195826564543863 3.5200065498114856 3.4120796481619013 120 -5.611721227868802 705.0007100929818 10252.629757113504 -5.906969786768581 30.263903849978256
1776678309.448555 | 1 1 1 1 12 40.90016128327418 -72.35014172758859 10385.55047612093 0.6866523776107323 -0.3350189694439687 11.315701837545266 -0.751406643731082 -2.7159005058512076 120 -5.911848049748136 701.9699474023861 10380.710143972106 -5.705983169251918 51.01401764031581
1776678309.5515535 | 1 1 1 1 12 40.90012713406101 -72.35011693751717 10505.229149730249 -0.44542137682664107 -0.1947542996459537 10.381270060420904 -3.858358601874298 -0.8950682750105692 120 -5.5212998889827105 698.7892606757332 10496.672233877978 -5.615067734827337 60.44548444699056
1776678309.6525521 | 1 1 1 1 6 40.900130333910454 -72.35013291710511 10634.436131586792 -0.31803229849659287 0.40260837433544205 9.658029299796649 -0.930191729091133 -1.2728879582872832 120 -6.748924897885717 693.8166614262823 10623.697512718692 -6.901649690196027 61.16127980906473
1776678309.7515507 | 1 1 1 1 6 40.90009191929513 -72.35010821930604 10760.839451747308 0.9786762080513924 -0.3256480219360922 12.356141048803607 0.9446559364474725 -3.6356407164086613 120 -6.00560057777664 690.539326033761 10767.040813003909 -6.0689788050402775 33.34607865860844
1776678309.8515491 | 1 1 1 1 7 40.90008669474058 -72.35006175422376 10889.715047990403 -0.5294559582674796 0.817287460578473 13.343355299196984 -4.493340032741921 1.5070896819899646 120 -7.3819320342292025 685.5095729833606 10906.752086028926 -7.302488293219435 67.20273950991316
1776678309.9515479 | 1 1 1 1 9 40.90012364209477 -72.35003169811472 11017.22413610568 0.5265307545184346 0.8562642368246931 10.563350295621193 1.7322120494715199 0.029003484510591093 120 -6.706825340120609 682.1319471929644 11001.415484904197 -6.9922421777859185 50.1456372009019
1776678310.0645463 | 1 1 1 1 7 40.900168537481754 -72.34999050755657 11130.239949741965 -0.5515006526230697 0.060515828874119215 12.142069539436992 4.564230828327789 -2.1190012435153784 120 -7.374235147982105 679.3069642900416 11139.434906576998 -7.465082831458984 38.66520291765832
1776678310.1645448 | 1 1 1 1 9 40.90012728276764 -72.35002997987809 11260.023464467642 -0.29328455274305854 0.16621960875184372 10.809177816813206 -4.8093145965121975 -4.570490527176676 120 -8.135172537681218 675.3717152512361 11258.01494636236 -8.407789980313488 43.160540792079175
1776678310.2645435 | 1 1 1 1 11 40.900154228202624 -72.35005343865816 11379.257630649758 -0.394177970240182 0.30522157148260987 9.302089028686611 1.6323183239771053 1.8623925842440912 120 -8.280943495554075 671.6558440511425 11360.291452167543 -8.651093632495183 31.592557735149327
1776678310.364542 | 1 1 1 1 8 40.900124735308495 -72.35001238784113 11505.845200918026 0.7567123006534506 -0.23211273201014482 12.325961589596313 1.5709053114108817 3.1707966091821795 120 -7.846673800355061 668.0864948466449 11505.928538123137 -7.3619866916006815 55.5145799222194
1776678310.4645405 | 1 1 1 1 8 40.90010609197183 -72.34996558452366 11622.217091543382 -0.2028851952241617 0.8920081900929901 10.64377345197857 4.242516219390366 -2.0564496143417332 120 -7.800154069838594 663.6165341976749 11624.744471749984 -7.713395745142383 38.333991688507176
1776678310.5655391 | 1 1 1 1 9 40.90010112474669 -72.34994209712312 11741.457709095102 -0.7890394875618247 0.801703107001345 10.567781709360386 2.2527133164106283 -0.9493282235555345 120 -9.468735734552341 660.479745229693 11752.180278197813 -9.54290652806411 65.43508463818944
1776678310.6725376 | 1 1 1 1 6 40.90007435395008 -72.34996435843719 11862.130423939678 -0.62902253146531 -0.8017990936262793 11.768592508789292 3.7637762738096363 4.96099302649251 120 -9.36587585604454 656.5204292670226 11862.896110452542 -8.896450001913754 44.593140885103814
1776678310.775536 | 1 1 1 1 11 40.90009597469146 -72.34992768121124 11980.066053141869 -0.8200638206798265 0.3633149286882855 11.883719627519618 -4.971512316097803 -2.3207603889340334 120 -9.827168245168426 653.0576704285677 11971.882621060102 -9.997572604673728 47.62562911447089
1776678310.8755345 | 1 1 1 1 12 40.90009530210029 -72.34994538965746 12104.057014942178 0.5890875345975084 0.563361876296397 11.896971694495758 3.7854281476744163 4.905689025319052 120 -9.683930453307095 649.2576171921012 12088.94545339277 -9.534142035352941 56.66776616493718
1776678310.9765332 | 1 1 1 1 10 40.90005445973996 -72.34997339287396 12231.48577193775 0.15438227100721558 -0.4831302467473264 12.890861170128002 0.4390602276885627 3.671821065141758 120 -9.969592067199786 645.1550871612901 12239.601767107557 -9.528098529856006 33.72669335484574
1776678311.0755317 | 1 1 1 1 7 40.90010294571708 -72.35001997535014 12361.336339680012 -0.5867237891355759 0.32784211280271003 13.822435701177024 -0.12725024420985687 -0.7336314809669533 120 -10.076935022921264 641.5468473753026 12350.945194140548 -10.542729043083547 41.20737882389784
1776678311.1765301 | 1 1 1 1 9 40.900134992419844 -72.35000380300188 12477.111411999605 -0.3342963030035344 -0.5289129042788083 14.056193357460165 -2.2684812853733707 -3.252068306091255 120 -10.230151672232088 638.6527785321698 12471.5051319764 -9.793526641151205 39.42709036280112
1776678311.2765288 | 1 1 1 1 10 40.900111741449564 -72.34996113832246 12600.294299278301 -0.4399663739340185 -0.6544697092605312 10.388114432592468 0.3353081036884076 -4.559756111933484 120 -9.31555072130793 635.6227593880793 12617.828538130176 -9.389112889780906 68.82974533631705
1776678311.3785274 | 1 1 1 1 6 40.90006391308495 -72.34991268640947 12718.869156180546 -0.1700409889017862 -0.42641243819611185 14.737381501812965 0.9724332829780877 -2.6850731201889735 120 -10.58724894546414 631.8367061352884 12726.388259773632 -10.844288812527923 47.065658679304086
1776678311.4785259 | 1 1 1 1 6 40.90010424713284 -72.34994616021928 12837.320179175877 0.6122108838048059 0.8339407275195512 11.258904304387839 -2.0239125196663252 -2.164094549739355 120 -10.414084232581867 627.8156568221897 12854.871165824721 -10.31608854112537 53.71559737543747
1776678311.5805244 | 1 1 1 1 10 40.90013434597013 -72.34996053058944 12950.719568554727 -0.9468152018585945 -0.33463044960826593 9.766793532463813 1.8985446353685562 2.8576375118889263 120 -10.2106468703038 624.8087201565053 12955.677453200627 -10.287997501126863 33.4628824235338
1776678311.679523 | 1 1 1 1 9 40.90016169298402 -72.34996138105318 13078.122160872914 0.8906086718574213 0.7300803444318091 14.891638057765707 -0.6296895675377652 -2.095939199096791 120 -11.744388363222502 621.1512967568965 13077.662370335458 -11.848732372018482 42.28963147675924
1776678311.7845216 | 1 1 1 1 7 40.90016361935676 -72.34998388304288 13204.797473177632 0.8999331346884931 0.580110507369173 11.481307848926072 -2.7107593255836426 4.851394977139336 120 -11.327621392070894 615.8726483959067 13198.0650234602 -11.309057017021528 61.84402289739138
1776678311.9075198 | 1 1 1 1 11 40.90011595807533 -72.349977211226 13325.59040090905 -0.3754957648346815 0.9893848813962394 10.484393875490637 4.250779495903194 1.2603575239666434 120 -11.588867399551834 613.480235732274 13333.999573380366 -12.005623860742094 58.67720721706725
1776678312.0085185 | 1 1 1 1 12 40.900151980228834 -72.34998096152528 13455.429296122313 -0.6864789202478458 -0.9938968033626137 12.613275032143694 1.6365716190692714 -0.7683632821706432 120 -12.775089730271247 608.7641098083498 13467.727797457657 -12.481670963214073 68.71085506790205
1776678312.108517 | 1 1 1 1 10 40.900128148306884 -72.3499566334878 13570.011357677202 0.8421233640771812 -0.9404914442470085 12.823234480613735 -0.8452223915637411 4.0370068809679385 120 -11.530678254043425 606.3328710359799 13584.829304279625 -11.54984554911648 69.33639155963054
1776678312.2085156 | 1 1 1 1 7 40.90012011545796 -72.3499166351197 13691.840640643619 -0.8020314308181511 0.7856941936924746 12.665140334389164 -4.172227303219662 -4.562481438976826 120 -13.23276337151296 601.510637814359 13695.006622438028 -13.116962471490957 37.73144735555408
1776678312.310514 | 1 1 1 1 6 40.900133088591765 -72.34992908712461 13805.483998219432 -0.045264043802377474 -0.3389651182267508 13.302712172945778 3.3246208537536965 -4.921072578685983 120 -13.188909710265783 599.3631608802283 13803.569929702648 -13.661540435267725 58.05084865098896
1776678312.4335122 | 1 1 1 1 7 40.90011296312869 -72.34992705442473 13925.646824033645 0.09991814925502629 0.46122686823298786 9.86683437656526 -3.9387055453365183 0.9452268633669991 120 -12.892928041504867 595.5492151561242 13945.160126016537 -13.072250718540307 68.78197655830243
1776678312.5355108 | 1 1 1 1 8 40.90010022497827 -72.34995881795919 14042.10323007965 -0.9055473206935905 0.5393469246702176 14.578436501649808 -1.758793028026131 3.3435640404501026 120 -12.670644366464723 591.5031998916911 14058.944003761182 -13.146428447600817 46.91421263367205
1776678312.6365094 | 1 1 1 1 9 40.9000758696769 -72.34992332569031 14165.428326105322 -0.41408399372145244 -0.1665856622692503 13.43867814125312 -4.46999054965487 3.7571011368974574 120 -14.076937484535128 587.9690345069718 14182.013813464115 -14.28738201436924 38.095014771285705
1776678312.7375078 | 1 1 1 1 6 40.90010120198282 -72.34992161755912 14292.240085650212 -0.6209274990454752 0.6043012672759251 14.263347407602222 -2.084830072817484 3.894245458333481 120 -13.06259454576805 585.105768197092 14280.838906270596 -12.758878995546194 59.12691955836298
1776678312.8365064 | 1 1 1 1 9 40.90011496645001 -72.34991179205288 14422.123336781402 -0.020640456206823643 0.500544155335549 12.940841938073834 -4.212329683625024 2.109555764262855 120 -14.314548482001538 580.6534675376598 14441.471052642963 -13.896342070626078 45.63048390032819
1776678312.936505 | 1 1 1 1 9 40.900110746929684 -72.34986609401622 14534.667755136823 -0.511080003565727 0.39413706502052737 10.754412784978642 0.7790254420075353 -0.07191366462369153 120 -14.320677530457353 577.6321004311525 14514.80079614797 -14.650473805466234 50.64219787972413
1776678313.0375035 | 1 1 1 1 8 40.900107151167155 -72.34988031986289 14661.97735209185 -0.657417025956839 -0.996474196668258 11.990638445523587 0.38471268230428457 1.6852544866565013 120 -14.314140081247423 572.7378912641858 14653.15506941774 -14.755863144631897 50.22190978205194
1776678313.1385021 | 1 1 1 1 10 40.90007348912835 -72.3498811046208 14777.21700285176 -0.22110186007448163 0.2625998907156448 13.874375818212403 4.270552295082977 1.3000085506526897 120 -15.540630093982118 569.5351082392591 14783.416618418767 -15.471636415177793 46.976671252779994
1776678313.2405007 | 1 1 1 1 7 40.900121024211444 -72.34992548305803 14890.684497650243 -0.8951569247402191 -0.1469014574869183 11.389657671534001 2.8681992145872304 -3.75545766406273 120 -14.677464235098938 566.8386341276935 14903.806634585335 -14.508327960764575 69.82804214853704
1776678313.342499 | 1 1 1 1 10 40.90011228945483 -72.34988005867763 15010.737848901972 0.40164092202854196 -0.8982201504166865 9.185158841886675 4.736134505573448 -0.5831696421995547 120 -15.524310457505633 563.3987841954685 15001.567839189354 -15.852695072989782 69.64501529901615
1776678313.4434977 | 1 1 1 1 9 40.900094206467486 -72.34987339104237 15135.187360200607 0.9932629693022312 0.8389099758757057 9.722158508233726 0.01175937505055824 -2.096500110965076 120 -15.115339087933627 559.867045065337 15139.081243643102 -15.14381823847654 33.1698488018038
1776678313.569496 | 1 1 1 1 9 40.90011818840751 -72.34982661590396 15246.589656308237 -0.5125938677351345 0.7876137448909963 9.171680165161106 -4.451871538373828 -2.3618198483866895 120 -15.87448712296809 556.3858722185212 15259.337773977175 -15.51070276266811 49.41692854448567
1776678313.6684947 | 1 1 1 1 7 40.90008584388008 -72.34984750711591 15359.679782915511 -0.953372539642569 0.5372007913683654 13.356335555194022 2.757616636807536 -0.18750172573064283 120 -16.238156114391323 552.3690033871065 15350.381522217154 -16.184283913382384 53.62084289980634
1776678313.768493 | 1 1 1 1 7 40.90004075988799 -72.34982144319991 15474.88110269823 -0.128379614214005 0.24617335622462289 9.303632533039387 3.0763399308889774 -2.3417456706462856 120 -16.131247783506986 549.5143586465035 15459.013078118856 -16.536579692211784 56.05582316183088
1776678313.8684914 | 1 1 1 1 7 40.90003220399133 -72.34979295405135 15602.461897511017 -0.7601433527497701 -0.47825104534181584 13.824306644877584 -2.7653154514381817 0.9146637836652403 120 -15.355093355678976 544.4555532559851 15612.410589028705 -14.99485967600353 43.27199776184826
1776678313.9694903 | 1 1 1 1 9 40.90007739870245 -72.3497443141986 15729.210124900845 0.08738838005203942 0.4202238179126361 9.451882866154966 0.9663385073437158 1.046135682818969 120 -15.916351156656123 541.542663045672 15733.489591420595 -16.1063464347913 62.961209030927606
1776678314.0694885 | 1 1 1 1 12 40.900092212693075 -72.34969573329816 15844.882495240481 -0.6466986938645953 0.4599835657171889 12.595771581747954 -0.6304978866228055 0.2853832469065001 120 -17.598670388844496 537.6445290681095 15827.840162575461 -17.980789260852738 51.894034319912656
1776678314.1694875 | 1 1 1 1 10 40.90008072438482 -72.34967919510572 15959.28087485708 -0.6369929839866355 -0.3128312440649508 13.283880662055925 -0.3047502495214296 -4.790267257751175 120 -17.075938248290434 534.223024269822 15970.021817055678 -17.09514466936038 57.690474191074365
1776678314.2694857 | 1 1 1 1 11 40.9000367563929 -72.34971344289744 16070.063562585618 0.10068147592792664 -0.08613948226746193 13.349915427992466 3.6285909974408277 -0.2421425070658758 120 -17.244277894370303 531.79872251868 16063.65607133408 -17.652321314370006 52.44126443885574
1776678314.3694847 | 1 1 1 1 9 40.89999250329632 -72.34967487397739 16188.137051766962 0.5095292767466484 -0.752615962599404 13.339416462532316 -1.6964121687100264 -3.090913378207972 120 -17.706112090785453 527.9563222613981 16175.714610565205 -17.38793242641655 57.36476273277611
1776678314.469483 | 1 1 1 1 7 40.899988783342266 -72.3496641130228 16298.732577336834 -0.05378586319734224 0.02946437672060931 14.846474722686523 0.8581239553064606 -4.827393585921222 120 -16.986904353158216 523.0940079998435 16292.000422152554 -16.920521126897604 41.5649445879922
1776678314.5694814 | 1 1 1 1 12 40.89999322441747 -72.34962974733489 16424.670679070925 -0.8250716567035201 0.6351029297834965 12.134423439933387 1.971392305460963 4.511251133671147 120 -17.07842849734072 521.2544244662593 16405.18566292481 -17.258108807607815 56.240006009599625
1776678314.67048 | 1 1 1 1 7 40.89996469673961 -72.34966520905674 16544.68237670931 -0.4239669935055397 0.9288060500221789 10.950226386355391 4.589848985313916 -4.828691737269377 120 -18.844607348161126 516.6506107267215 16547.272770092266 -18.49418641923683 58.07000970137278
1776678314.7704785 | 1 1 1 1 8 40.8999201956428 -72.34966364392062 16656.090449417658 0.7569050997133124 -0.9268520438069128 10.89032298084261 2.6422681310666984 -2.738201322699622 120 -18.564802333286544 512.8716495823 16660.78210397266 -18.365534342883777 59.26187130544143
1776678314.8714774 | 1 1 1 1 10 40.899941911987824 -72.34969709720292 16779.603701192267 0.21772788265734078 0.20197531621770493 14.097370359151208 -2.652658562631145 -4.898350187194759 120 -19.256428466254217 508.67036010510617 16785.25100573754 -18.81643970866954 39.88976638887351
1776678314.9704757 | 1 1 1 1 6 40.899964595808896 -72.3497223215144 16687.554395017203 -0.5765047035896405 0.19675201834314304 9.321532279586208 2.9197916498733196 -1.4603214164893972 -90 -17.625136354461493 511.57189881282204 16679.210098158597 -18.1138791178226 56.982739991658626
1776678315.0704741 | 1 1 1 1 6 40.899936291727855 -72.34971108045028 16591.448842384085 -0.7177113497744279 0.09962748509349262 9.84593580292889 3.7090272983441093 -2.7827146035236194 -90 -18.94944629350045 515.5947096032564 16589.01787151738 -18.717091225797944 37.10337687271285
1776678315.169473 | 1 1 1 1 11 40.89993708256882 -72.34974159257638 16505.506740472072 0.3013961827856815 -0.24489654642732184 9.46180973042299 -1.7973248998150937 2.905556514879965 -90 -17.0679486518163 517.6690786025089 16498.361576571217 -16.864803876893856 62.797865624524704
1776678315.2894711 | 1 1 1 1 9 40.89998374388621 -72.34974429123002 16410.246396705636 0.14957483636757285 0.28621471482440475 8.140076277672776 -4.291673836465183 -4.9880305457536975 -90 -18.666443831689616 520.8251409540172 16415.862330927277 -18.585029172851826 38.960555155364865
1776678315.3914697 | 1 1 1 1 6 40.9000205943029 -72.34972120618846 16314.108362757399 -0.5906059372452754 0.37748213823319277 8.436643014883602 3.689984202436614 4.560831658347269 -90 -17.636010529426642 523.2997488079435 16321.220280517126 -17.602690284405504 30.55402599192737
1776678315.493468 | 1 1 1 1 9 40.900031206102234 -72.3496899473442 16217.903109562656 -0.3408658624779841 0.5654103844923042 9.233292748873804 -0.8496897283741109 -1.3808045026692972 -90 -16.83659522566511 527.2838893476904 16199.229772814946 -16.826912093620003 65.68428872936082
1776678315.593467 | 1 1 1 1 12 40.90004352665442 -72.3497258627889 16133.788207995913 0.7168150580249859 -0.5737850194587337 9.796731286220174 -2.760810648346511 3.8823424253372902 -90 -17.162708659310514 529.841320603267 16116.532492586493 -17.526570281434026 61.9547034116934
1776678315.6934652 | 1 1 1 1 12 40.90003745017276 -72.34973737465276 16047.100340259072 0.7764905083403812 -0.7804482847675849 8.348304159385957 -3.5592281832897465 -1.0480510240045602 -90 -16.198345965064206 531.6090003349788 16042.690721763047 -16.120647995434364 33.6957643470484
1776678315.793464 | 1 1 1 1 6 40.9000317403038 -72.34975025867242 15963.71511282397 -0.12812787752417032 0.16229648209183556 8.222836315516446 0.22557183739412867 -2.1429588373743904 -90 -16.74843594698228 533.1173733591844 15944.379178976802 -17.239484010386036 61.46863780462401
1776678315.8984625 | 1 1 1 1 11 40.90000707162059 -72.34977233726725 15881.688651922224 -0.6930825162843897 -0.5035102686061557 9.167234391862372 4.921153464678763 0.09859475716680244 -90 -17.506222921186694 537.4864240833466 15874.331112286694 -17.09661972478521 50.69113857830054
1776678316.002461 | 1 1 1 1 11 40.899999152919 -72.34976487699997 15796.9724630462 0.2532304180501448 -0.3755094432563606 8.665603183072875 2.451557240764223 -1.55625424741027 -90 -16.56437793577004 538.4743201246621 15778.287123033497 -16.528625728953028 61.53647600342049
1776678316.1034596 | 1 1 1 1 6 40.90004439181177 -72.34980837234545 15712.98309212311 0.7925915516924082 0.3834817786932301 9.620653465802652 -2.7951949214970018 -3.250816495644653 -90 -17.3810350783811 541.9529227072624 15700.025738966011 -17.637442104122318 41.146775568574455
1776678316.203458 | 1 1 1 1 11 40.900052213603615 -72.34985044128872 15625.561490170414 -0.41563380854879894 0.21950755429061952 8.125817607180002 0.8950561640463626 -1.4148261422486796 -90 -15.761931081384825 543.4995713916384 15627.950191143107 -16.19328364109324 60.253917296097356
1776678316.3034568 | 1 1 1 1 12 40.90006472856957 -72.34988701686994 15545.323077123365 0.09307366272315609 -0.45142537674794614 9.737998725322168 3.689995623395067 2.5259507252351145 -90 -15.340072626047895 545.9564575658151 15536.592461862458 -15.481504950674857 55.91060409471561
1776678316.4034553 | 1 1 1 1 7 40.90006428144685 -72.34991105727097 15453.675063583176 0.07698548713221665 0.35360331514584353 9.95119257457072 1.6435830406355159 -2.002424227038965 -90 -15.310098250580506 549.2389560292714 15463.761856158128 -15.285034440853142 41.40246977556072
1776678316.5434532 | 1 1 1 1 9 40.90010811092002 -72.34987590410815 15368.197461462642 -0.5355265916113492 0.20092760869575543 9.353691866780654 -3.7897052050195814 -3.2316541601498616 -90 -16.661943012738796 552.8212155081131 15372.732558091024 -16.874513898813987 52.32133695638055
1776678316.6474516 | 1 1 1 1 12 40.90010861485892 -72.34983804807807 15283.603681840685 -0.6368616109526022 -0.13233168243991922 8.38900167292012 3.972859106794493 1.466881729274081 -90 -14.66402336454634 554.1732326448564 15288.89027339373 -14.511130672034856 54.7594652836228
1776678316.7464502 | 1 1 1 1 7 40.900156332379346 -72.34983540938295 15200.863800977553 -0.36717981377932585 -0.6599944662420558 8.543827131806507 -2.262365432212178 3.5035616208498315 -90 -15.371540344269302 556.3233589655117 15211.60681310765 -15.022621230498848 57.24151368154817
1776678316.846449 | 1 1 1 1 11 40.900131071953496 -72.34987036618666 15113.99551176631 0.3709913397150342 -0.3648833923212762 9.77306082640755 1.4195902225139552 2.1665139409558787 -90 -15.336048461587712 560.2709066540115 15117.185400538994 -15.63276449767163 58.27819448378388
1776678316.9474473 | 1 1 1 1 12 40.90011694188344 -72.34984000727701 15016.83667384921 -0.49710971843856067 -0.4674986882546881 9.76796803204128 -4.694417516984829 -2.6857922432950443 -90 -14.389835653612149 561.9337551814248 15009.204478768068 -14.37472464743948 57.25922194810723
1776678317.046446 | 1 1 1 1 9 40.900136938646256 -72.34982141328607 14917.302624732287 0.6724025454688731 0.6176379107884749 9.26632022239849 -4.86297768148315 3.0985597282265527 -90 -13.97876344280262 566.0804368468685 14901.283826529683 -13.701306455854922 42.90124614835592
1776678317.1524444 | 1 1 1 1 9 40.90010838890636 -72.3497971897332 14828.702930685145 -0.6522028109722671 -0.8274038906304639 8.623057924568629 1.0496230560307795 -1.9084156562696175 -90 -15.64841584922173 567.7453276862517 14814.403514805086 -15.98473711046298 38.038872491764565
1776678317.251443 | 1 1 1 1 12 40.90012489373439 -72.34978985046688 14734.386085010132 0.5438990831775687 -0.0027903299284537386 9.968786363496289 4.038983570073308 4.365478238778488 -90 -15.363273599689858 570.0228148951439 14722.812966479656 -15.32445788265911 68.11140022971881
1776678317.3524415 | 1 1 1 1 8 40.900090980889246 -72.34981706704286 14644.209414935365 0.7465592826626384 0.5226091725535618 9.052696591604922 -3.996388861836495 4.415260926515982 -90 -14.391791116600881 574.1614690694173 14659.780077250884 -14.819006757538917 48.6193904319441
1776678317.4534402 | 1 1 1 1 10 40.90005186480843 -72.34986033193135 14559.565176101076 -0.22231075019956625 -0.3970853713617184 8.338548929165647 2.352929424103083 0.4434977080811162 -90 -13.658758198174299 575.9827763243576 14550.395935656212 -14.018707106586143 50.051065045632605
1776678317.5594387 | 1 1 1 1 6 40.90002857147402 -72.34989800315337 14462.542295383979 0.19638528719708148 -0.75762003655978 8.842642122346206 1.4893963302268158 -4.6659366495201215 -90 -13.492573752028541 579.3627559083975 14462.575105318687 -13.216373687024099 64.07869742668773
1776678317.6774368 | 1 1 1 1 8 40.90006292755298 -72.34991799973902 14379.823847842968 0.2326331234189476 -0.6034292436066828 8.307682444233986 -4.240794711376071 -4.329759638622459 -90 -13.967708288644053 581.2451167910664 14378.655162953639 -13.626956769701874 51.35165741222569
1776678317.7814355 | 1 1 1 1 11 40.90002411563543 -72.34992140704819 14284.924731942856 -0.545948092695905 0.19002075701158905 9.165381214521252 2.860821735794282 3.361972379063115 -90 -13.352978032624302 585.1867664670082 14289.578448276876 -13.073347722364243 56.41076951371083
1776678317.886434 | 1 1 1 1 12 40.90006339862416 -72.34992207406253 14196.189124537595 0.9861263344277076 0.7747161217642091 8.803704106943318 -3.5218727394254525 -2.3440280400802083 -90 -13.590856640998583 588.0433637691802 14199.030871156887 -13.54820299707336 50.98092678765825
1776678317.9874325 | 1 1 1 1 6 40.90011132325192 -72.34991242964746 14101.3811595629 -0.48401267857076347 -0.5566128313862995 8.39209743969868 -1.3176495334201688 4.542334338624244 -90 -13.204032405037088 589.4421980400508 14083.628210167988 -13.327256937013638 60.18580819145389
1776678318.089431 | 1 1 1 1 10 40.900150724723396 -72.34991130892166 14019.846955682495 0.22149150062468403 0.052326197958832976 8.189199651631533 -3.1530253275105435 -1.1161277273210346 -90 -12.067278264053886 592.8583173902923 14006.885254916553 -12.556317151995996 63.7628572463182
1776678318.1924295 | 1 1 1 1 12 40.90019087751575 -72.34992326257564 13936.707603082612 0.5806238314119887 -0.9233339485675192 8.415362283709161 3.432698357299561 3.25935911567554 -90 -12.857392847133815 595.5520221880192 13919.591172632883 -12.443677457406956 35.68631579879889
1776678318.299428 | 1 1 1 1 7 40.90018551405282 -72.34996874288947 13837.538080988525 0.423005610243564 -0.5171152237472108 8.618428878196415 3.715188813976342 -1.190073841179724 -90 -12.291385830053382 597.2320762873313 13850.6937151998 -12.106061539365127 49.08882081673106
1776678318.3994265 | 1 1 1 1 10 40.900195825999305 -72.34997224589836 13752.740224843516 -0.9025592872671089 0.7111342189066296 9.477528026175092 -1.0931192597032213 -2.1255367081839216 -90 -12.68598231912005 600.1467396418426 13746.451096264556 -12.43724004023507 49.584587391731056
1776678318.499425 | 1 1 1 1 7 40.900220968298164 -72.34993899527193 13659.09004354473 0.5881414310476503 0.7976836160996748 8.942861934514314 3.4539211932847618 3.8407004224174877 -90 -12.088926279297862 603.2476277075998 13641.236822740817 -12.38375280982652 42.2908225831962
1776678318.5994236 | 1 1 1 1 12 40.9002669957885 -72.34993333271788 13570.42667171883 -0.6684841030028743 0.3774198264546764 8.335500431093088 4.042246644722869 -3.76804166781879 -90 -11.579913183299624 606.6749850669678 13587.329955057772 -12.079680235158843 31.80343566653006
1776678318.7014225 | 1 1 1 1 9 40.900281001988674 -72.34992125727307 13471.60173138028 -0.9206063253294106 0.3571579570867809 8.317025686233247 -0.4779487317131892 -0.3224349632368382 -90 -11.83668520162421 607.8704098140994 13475.952297578611 -12.14075374221321 40.86123652572621
1776678318.8034208 | 1 1 1 1 8 40.90030083987138 -72.34991165267577 13377.53707918886 0.7130843680809142 -0.7667236619543385 9.20575322642186 -4.358035406081772 -2.338115282326525 -90 -10.952110304839392 612.4809950864818 13393.739265501805 -11.269743058291194 57.600715192202685
1776678318.9044194 | 1 1 1 1 6 40.90034116140151 -72.34996068912763 13280.335354796627 -0.570621619737046 0.5244415338726569 9.389594689101777 0.6463149931047871 4.160958563012533 -90 -10.849147150538997 614.1700356812529 13261.535182307423 -11.273581944935424 52.512162788822344
1776678319.007418 | 1 1 1 1 6 40.90032807018418 -72.34991645527317 13194.966738087636 0.6915030385324987 0.3456988455063026 8.291063453166249 -3.8261980828338515 3.9120188376376053 -90 -11.163256684973613 616.8309432475311 13199.90642736105 -10.97204341917396 53.67566732818465
1776678319.1104164 | 1 1 1 1 8 40.900341010976454 -72.3499276922988 13103.463768527852 -0.7278740291815269 0.444825621364362 9.92505089166379 -4.799703207742006 0.044150755868984426 -90 -12.147358647432442 619.4284940743148 13109.101802528607 -12.334458534672455 50.624089379125905
1776678319.212415 | 1 1 1 1 11 40.90035595559244 -72.34993231294989 13016.899192177632 -0.27481061826046127 0.6858341140733386 8.557210420173924 2.934307646872556 0.8871843107494657 -90 -10.50520131411748 621.8730507714954 13011.01801937998 -10.008873443043365 47.1039320914352
1776678319.3154135 | 1 1 1 1 12 40.90034025337036 -72.34989307652597 12932.65837603834 0.11385178615527547 0.5000169596940862 9.087048200421275 2.6087662949179684 4.324713701814403 -90 -10.723743336431651 625.9221409944498 12918.242196619707 -10.287508662974787 53.61098150572988
1776678319.424412 | 1 1 1 1 6 40.900324970501764 -72.34988754206529 12844.965035316864 -0.2246864614160311 -0.1493434574870791 9.379623599063459 0.12735733125095372 -3.4342874527707545 -90 -10.632685565533967 628.0885826797095 12849.645969604653 -10.370486766825499 67.85098331648194
1776678319.5264103 | 1 1 1 1 12 40.900294179131784 -72.3498952014028 12760.583514080621 -0.18536837477032098 -0.04851483424989822 8.117341311751376 1.794438809940278 -1.4534231592117228 -90 -10.531908046176873 629.7488372193817 12754.20661503929 -10.89670822434857 53.75035526442209
1776678319.6254091 | 1 1 1 1 7 40.900255178907834 -72.34990894662812 12661.518723997979 0.5550839375005707 0.6039706688743882 8.045434041764594 -2.902199254446457 0.5389300206684524 -90 -9.771784533987326 633.0763879611744 12656.523861539188 -9.800794068675401 56.15317500883317
1776678319.7264075 | 1 1 1 1 12 40.90020880119209 -72.34987132893642 12565.781719081522 -0.17593928923113267 -0.3204176192060515 9.870469109284931 3.200223978271559 0.22565306481102176 -90 -10.005142123547044 636.7782549042499 12548.11242892885 -10.22134428467199 39.903882504112346
1776678319.8264062 | 1 1 1 1 12 40.90022708056394 -72.34989417999125 12478.727501975685 -0.643330754816847 -0.1227147337436274 9.935394010779671 1.093305885010155 -0.01743929226160823 -90 -9.589505733320099 639.1076697288878 12491.401056785367 -9.114122727418108 39.11938529525794
1776678319.9254048 | 1 1 1 1 11 40.90021933397141 -72.34993339229824 12390.831635513996 -0.1374204344077774 0.48704216109577203 9.127170192559968 -4.553348414420676 4.854410521362535 -90 -9.612141388088732 641.0305228676236 12402.276278327132 -9.856647484552832 55.0909123753633
1776678320.0294032 | 1 1 1 1 11 40.90025988489179 -72.34992537705276 12296.063836462525 -0.660540823352552 -0.560077505119055 8.069325696770278 4.168706741804259 2.170598921917647 -90 -8.902206638752103 643.2427128753773 12298.716550655448 -8.809204023481701 47.29773662676057
1776678320.1474016 | 1 1 1 1 6 40.900227166057284 -72.34994222891501 12206.30484627974 0.9196650391861603 -0.9891993165227424 8.300359886485792 -1.2167575337193504 3.67207003676398 -90 -9.483770362461247 647.2138719885108 12216.346081829282 -9.215621157669146 33.46931757477402
1776678320.2474 | 1 1 1 1 12 40.900209818167 -72.34996157983404 12108.42365435889 -0.9453711227322352 -0.6534793730444937 8.056880764139478 -3.286984146593311 3.491450313814795 -90 -8.700390624344974 649.8331178905951 12122.98335517495 -8.54518639936699 50.28484754584045
1776678320.3473988 | 1 1 1 1 12 40.9002217276683 -72.3499764006767 12013.358136866 0.8083371291431931 0.417421569246172 9.177680605767868 3.7933726087207535 0.11636613186135758 -90 -8.305116181911579 652.0496037435798 12002.645408862287 -7.930979424824416 38.411045320566785
1776678320.4473972 | 1 1 1 1 7 40.90023207170296 -72.3499418123572 11920.255535382199 0.12408788565498097 0.19366598561897264 8.362411979521264 1.3578243252042865 3.528857032725446 -90 -9.317838018199614 656.2890928099736 11910.937135032867 -9.462883502093753 53.929746339114516
1776678320.5483959 | 1 1 1 1 11 40.90021754948103 -72.34991408508735 11839.234809818949 -0.04729683463907697 -0.08424007296431668 9.755273134202785 -1.1379681588075066 -0.005177953947369751 -90 -8.82700459423019 658.4765136296503 11836.077096189012 -9.045798396451662 55.41995642048283
1776678320.6513944 | 1 1 1 1 8 40.900238399637864 -72.34990605236075 11753.331905019304 -0.41655026345913093 -0.4340453893737548 9.961182654294586 -3.7983153544834583 -4.247544917031222 -90 -8.519370152799794 660.7562998986648 11735.276421067838 -8.548770993065537 58.53770760262906
1776678320.7533927 | 1 1 1 1 6 40.90020074244385 -72.34986394302827 11653.874504386931 0.4314743406208783 0.5945966852108244 8.862830881377832 -0.24090592148122614 -3.5398121054940814 -90 -8.957497020644176 662.6512210290306 11634.340723320383 -8.73733152690254 35.77669918746269
1776678320.8553913 | 1 1 1 1 9 40.900200296208425 -72.34984852374751 11559.897363255533 -0.2045183523682088 0.22653861559879762 8.678875263267175 -0.015036036929134688 1.1014297553466248 -90 -8.594162245486665 665.5141409000156 11540.119470566424 -8.419742313916498 42.64023752258757
1776678320.95539 | 1 1 1 1 7 40.90022695028099 -72.34988200541687 11474.134616587682 0.34701921938527747 0.233338939637884 8.194080262522762 -2.0961390135480364 -0.5867039142290782 -90 -7.096065495940033 668.3488939280877 11472.617991719879 -7.189044687524026 41.36058210622424
1776678321.0553885 | 1 1 1 1 6 40.90019587782532 -72.34989955171075 11374.526073021634 0.38575711528009804 0.46513520463404 9.32573201264676 -1.0418372139878738 3.903375387209959 -90 -8.062010728403475 671.9105245600691 11387.541833679992 -8.483507543604702 40.5724306727947
1776678321.155387 | 1 1 1 1 10 40.90020592972221 -72.34988014008844 11292.209088663572 0.26087057214587905 0.7255384193909622 9.126792334270496 0.5113362686353682 -4.754004387509225 -90 -8.162691118428974 673.5353053810063 11272.745889108053 -8.415831946625465 64.632394778359
1776678321.2593856 | 1 1 1 1 8 40.90021494470979 -72.34983619991176 11203.137238846166 0.09098290204808457 0.6059609838322797 9.751110459830759 4.117885798313193 -4.922614542885513 -90 -6.7741573362124345 676.9807713456488 11183.619894513338 -6.769574744449525 47.621494411031236
1776678321.3653839 | 1 1 1 1 9 40.900171798933215 -72.34984934284486 11117.602421545565 -0.29815211713170564 0.05865263424724687 8.62969630153446 0.2957604890971801 2.667584142875759 -90 -7.597291176697773 680.4573513780609 11130.571801050204 -7.1466346552503275 51.76632072300969
1776678321.4663825 | 1 1 1 1 9 40.900122996633314 -72.34987742859025 11026.174861879892 0.3675776894373004 0.06370034761080312 9.260150801593264 0.6803646189572596 -1.6616562037472504 -90 -6.157597932486004 682.4916072083089 11010.919070844695 -6.36232102268073 30.731980159205136
1776678321.567381 | 1 1 1 1 9 40.90012037028763 -72.34991443107258 10929.327335948943 0.8166021379428419 0.5505792460191281 8.66121178230654 -2.621851938294796 -3.1002230779647078 -90 -7.680007883394943 684.7500831274173 10922.273840691494 -7.386242903531752 33.7658777079595
1776678321.6673796 | 1 1 1 1 10 40.90014303962127 -72.34994557287185 10838.356548023425 0.7932601337789593 0.7944603793635805 9.386857432944216 -2.3960714551582516 -0.4073491249058927 -90 -6.57623463851546 688.0421324792184 10842.818323376181 -6.079655675671983 45.73359038613514
1776678321.767378 | 1 1 1 1 7 40.90017731449534 -72.34990230634645 10740.7455992024 0.22569412745025508 -0.4915797910757185 8.505429309176053 -1.6327050311948934 -3.9234664967796773 -90 -7.435365976058922 689.9393209844048 10732.146672789837 -7.020834998450044 69.27181854979446
1776678321.8673766 | 1 1 1 1 7 40.90015263816683 -72.34989513703006 10644.122035813358 0.4570966125175189 -0.38904557603073586 9.77528766142959 -2.550136510486972 0.23410005956217095 -90 -6.3786493887753775 694.3488628057767 10646.672159200089 -6.198903670805002 31.857439015363997
1776678321.9673753 | 1 1 1 1 7 40.90016840117347 -72.34992922866836 10560.932311800905 0.5085489266007099 -0.1316808879678939 8.677890611382567 -4.674516062711901 3.685955306464498 -90 -6.424160183282826 695.8783733876696 10541.509706097911 -6.348335100705141 59.84870690543801
1776678322.0683737 | 1 1 1 1 6 40.90012684301587 -72.34991161647858 10469.689310324236 -0.5327723738708441 -0.7940670921459174 9.623101285669433 -1.1885650296155417 4.726330138309638 -90 -6.029751723091445 699.2916085515245 10483.936692200454 -6.428495358608429 67.14151515846677
1776678322.1673725 | 1 1 1 1 10 40.900160453359064 -72.34991401125522 10379.278047084475 0.44327499695812866 -0.5565453465964854 9.723717069375086 -0.4543058532087496 -4.364050265666897 -90 -6.273255803374385 701.8534922095355 10383.634910105167 -5.873352763513417 54.10726123663465
1776678322.267371 | 1 1 1 1 12 40.90011790116024 -72.34987731033831 10281.18570167966 0.13516876730232408 0.2656283273721496 9.969750906798392 0.022419024819996025 -1.7741850976559101 -90 -6.141576184660341 703.9759869120568 10277.280985676525 -5.7587158353918815 68.56709544914415
1776678322.3683696 | 1 1 1 1 6 40.90012311366621 -72.34989131984354 10183.158812097226 0.9526844916026644 -0.18355197320202166 8.05907565291563 4.204122248013375 -0.5885522912449392 -90 -4.5353903285492585 707.1574166176594 10177.19247599295 -4.530624776929483 40.66506410982754
1776678322.468368 | 1 1 1 1 10 40.900113800659895 -72.34987656543946 10099.922854809063 0.9693752937777449 0.9478818671460896 9.911808321584394 -3.608738350937073 -0.7833466553350155 -90 -4.401660682186764 710.6648657508825 10100.833318536012 -3.998240741877214 50.50759344095654
1776678322.5733666 | 1 1 1 1 7 40.90014477384037 -72.3499248650511 10019.042948697206 0.7133240202662166 0.9076177602080284 9.021094320725126 4.17020872703649 2.534925861902268 -90 -5.614826564238322 712.8465055045335 10029.283960155282 -5.713273230929829 63.31659372147172
1776678322.6753652 | 1 1 1 1 11 40.90017840472744 -72.34997348580906 9938.757717877334 -0.6966708142026345 -0.30463039808221537 8.978382495218687 -1.340574039644824 4.996110615270002 -90 -4.785460138183863 714.767152936605 9946.489959395853 -4.798805593595601 34.835831287307315
1776678322.7763638 | 1 1 1 1 9 40.90014864939545 -72.35001659488408 9852.798824510188 -0.06372410971601594 -0.8201151920250633 8.893948615350828 0.26846710691132536 -1.6948960718575288 -90 -4.363914626074287 718.2367165114713 9869.246260231075 -4.419553409577116 31.47633117002203
1776678322.8783622 | 1 1 1 1 7 40.900175330273655 -72.35000029234612 9753.821886791779 0.2602627909205182 -0.7666058022036737 9.256666205386557 -3.1622485972021352 2.255430689711819 -90 -5.284943871294291 720.5698653506778 9746.798549992416 -5.599863792816086 48.219032970209355
1776678322.9833608 | 1 1 1 1 9 40.90019413117069 -72.34996282952045 9654.482719138832 0.17335056910352886 0.343163134019699 8.86020090536685 4.246043308340843 -1.5285568775070124 -90 -4.581553330602993 723.2225601896791 9642.290159125849 -4.493168534066776 43.674710780346004
1776678323.095359 | 1 1 1 1 11 40.90019933493511 -72.34995795196905 9560.908270407203 0.3737350208077044 0.5537415211080967 8.583517909759435 -1.2142744014990257 -0.5309339578149448 -90 -4.378413056988919 726.3687411546636 9546.734331300366 -4.869808808701265 63.24068698300201
1776678323.1983576 | 1 1 1 1 10 40.90024638286649 -72.34996350265858 9463.231633062653 0.7319913053788338 0.6903959616931306 9.779594911089326 1.9009504194501652 1.1986012334598461 -90 -3.1179012111648596 728.4393030952342 9478.36239968695 -2.903891317063424 59.53534239474716
1776678323.3003561 | 1 1 1 1 10 40.90026022307408 -72.34994799996028 9382.175647465927 -0.7207200548634807 0.49522083136245354 8.635102233202009 3.5074268106987123 -2.9032943574166037 -90 -4.008941985287688 731.6658681550048 9385.327415689471 -4.469314166771633 54.56344993936324
1776678323.3993547 | 1 1 1 1 11 40.900299037737994 -72.34999535568825 9294.037964775189 -0.8826857912079118 -0.23603254900840454 8.038409203527937 1.749924944770294 2.573480003946292 -90 -3.8640171218460986 734.5750287476175 9302.34373421204 -4.309563235006873 37.48059043225775
1776678323.507353 | 1 1 1 1 12 40.90032321110664 -72.35000433608242 9195.413299763542 -0.8695468603762617 0.8598652283376684 8.669225636584352 2.139806942363035 -1.4739304149764996 -90 -2.936886482861956 736.5506516947614 9204.27421156486 -2.931827120023327 66.99234461557728
1776678323.6153514 | 1 1 1 1 8 40.900339642269465 -72.34999542735959 9112.86353253232 -0.5168126434456382 -0.6891433746182769 9.391002270854493 -4.351578052002505 0.5821776257368239 -90 -3.0855417920334824 740.4869800273487 9113.239486108847 -2.6556163760919658 33.01246471916003
1776678323.7333498 | 1 1 1 1 12 40.90029626090603 -72.34994765621879 9021.593652767608 0.3071927029597892 0.9794463034427656 8.069222645746132 -4.045332971739269 0.3745292449149451 -90 -2.0985811272961543 741.4480610267 9018.758598806977 -2.3276120498328643 65.11670224901152
1776678323.8333485 | 1 1 1 1 12 40.90029967961275 -72.34998693995996 8937.77520078554 0.9820293757355107 -0.35560898581736433 8.772472950668483 3.0944829760091626 4.4895367018435195 -90 -3.427216055679372 744.8297398030359 8937.517759880799 -3.7507450674257696 33.567360411203424
1776678323.933347 | 1 1 1 1 6 40.900256187336 -72.34995526282827 8844.426177316323 0.7892597348726282 0.13911277505342268 8.802026435518648 -0.16195477046105022 1.3585158119927385 -90 -2.1404948118328275 747.7617802475885 8830.28227838457 -2.0553184319080646 34.35173722610261
1776678324.0333455 | 1 1 1 1 12 40.90022244111004 -72.34995844921534 8762.191342045964 -0.33569641200363276 0.7071211383641269 9.399855172666149 -4.301203750079847 -3.016139915872661 -90 -2.994974383630951 749.9927097229316 8758.447435733076 -2.527678769997272 61.55840217042781
1776678324.1333442 | 1 1 1 1 8 40.90025291497154 -72.34995757707334 8677.313255903804 -0.4137274044117938 -0.5994565825886049 8.161134123233614 2.586413057140935 4.053249355826727 -90 -2.3849590227703645 753.3658185254293 8667.112226240437 -2.259139042185371 54.977818166676215
1776678324.2503424 | 1 1 1 1 11 40.90020554663114 -72.34994232284505 8594.602520267568 0.7249845081642701 -0.732632836003716 9.099224196166608 -3.9507944988723676 4.900251188112728 -90 -1.4113035299777004 754.2248457545478 8610.114355600905 -1.0473683245222767 53.02897474878432
1776678324.350341 | 1 1 1 1 8 40.900199168801194 -72.34991253768766 8509.681152334631 -0.8893425028767445 -0.14325273582914377 9.083690320015512 4.809468159449388 3.8349831059901565 -90 -1.212166186884529 758.3928689955992 8522.294420196295 -0.9206348231143275 31.043474439228508
1776678324.4513395 | 1 1 1 1 8 40.9002425907456 -72.34995484596027 8410.44059470897 -0.3900259184868544 -0.999013595012626 9.438773796807759 2.171618494672268 3.1536152549101484 -90 -2.1802163634264375 760.7400745720056 8413.638162945977 -1.848464626199054 64.85007370259663
1776678324.5513382 | 1 1 1 1 7 40.90019636512823 -72.34994719423787 8315.662568310807 0.23083397407081008 -0.8019765682528375 9.747806619582425 -4.895624756681212 -3.684428116379178 -90 -0.8296262534763363 762.9889809034444 8311.994861167295 -0.4116921555711357 42.258924774370215
1776678324.6513367 | 1 1 1 1 12 40.90022872590993 -72.34989992390635 8230.917136078944 0.8691957184240471 0.23924134175649758 8.105184887885056 -4.833670241209914 2.631870396650772 -90 -0.7418303809900599 766.1860112382633 8244.609064749156 -0.5674850779308085 40.68621298664631
1776678324.7513354 | 1 1 1 1 9 40.90026565317984 -72.34992326454768 8131.731892343735 0.8799718445722764 -0.17856429580180033 9.72993251614053 2.4023359404518896 1.4125857652937022 -90 -2.219021895246567 768.1379468919621 8123.673655732616 -2.4860538203827605 55.266286197147885
1776678324.8513339 | 1 1 1 1 6 40.90026871735923 -72.34989255792264 8046.327745701782 -0.1953156268547671 0.9190248145564228 9.531181660194088 -4.545160650916809 1.879366875838321 -90 -1.202820698214283 771.4877573132405 8063.724494347141 -1.1790371410966243 67.77705721158381
1776678324.9543324 | 1 1 1 1 11 40.900291850975606 -72.34988902480062 7957.212509950763 0.23758921796549015 -0.30023046111453655 9.788268871315715 2.6456812455376255 -4.084657411235806 -90 -0.8760227625254073 775.0813677594116 7948.085120897577 -1.1978604094511307 48.7432360790773
1776678325.0583308 | 1 1 1 1 8 40.9002773729527 -72.34985776711292 7863.415981827495 0.6466406801488538 0.8650125317172341 9.338165986730342 1.165777466683413 -2.549057118236584 -90 -1.0716726309417792 776.3466175320941 7878.307105810671 -1.4811826096882996 59.28001752927369
1776678325.1603296 | 1 1 1 1 9 40.900283223897084 -72.34983761354017 7768.595887272428 -0.8665591976231666 0.9888748276206885 8.33877718885483 -0.751669098596591 -4.761821048219382 -90 -1.2261682154806641 780.3223359454447 7749.583320764672 -1.1160264874385923 57.21842041047657
1776678325.263328 | 1 1 1 1 6 40.90030789417703 -72.34981818046742 7677.247693055508 -0.4985460544292404 -0.9231136672930345 9.276425419893108 -0.5475834899559162 -4.405454213944626 -90 0.2015659786909676 782.1484518394453 7674.356149944208 -0.12701295474096252 64.08151483363238
1776678325.3723264 | 1 1 1 1 6 40.900320255950774 -72.34982881657896 7592.059468115548 -0.4218099509421631 0.3782037069820987 8.321962230266 0.058667629991711046 2.2375645117912217 -90 -1.097543013731966 784.946170802221 7603.103970734131 -0.9826841461246449 42.04743125408061
1776678325.474325 | 1 1 1 1 6 40.90036138758417 -72.34986385630945 7508.435255622529 0.7409890177080607 -0.9810264088663545 8.415420177965041 -0.12053147033488187 2.7311577125660325 -90 0.8550819572167621 786.8247235649826 7511.198055612095 0.5443013571926851 45.68797459327406
1776678325.5753233 | 1 1 1 1 10 40.90039848856227 -72.34986425191151 7415.135806721319 -0.29201486179829095 0.7622923561489177 8.619551186874643 2.9508150165040536 -3.835904278936014 -90 0.038122136716300714 791.4200264556031 7401.4976870457685 -0.05834615221570094 50.47531962610115
1776678325.6743221 | 1 1 1 1 10 40.90044066472852 -72.34981621667679 7323.907523193318 0.9270602578409273 -0.8778597669166681 9.843547793490615 -1.1734514410081545 3.756274116503377 -90 0.5246146721163247 792.505691321275 7329.652528305519 0.9202980793871856 60.73084677702094
1776678325.7743206 | 1 1 1 1 9 40.900404990142285 -72.34978247244976 7232.263786701367 -0.3866751807147262 0.7730605287008443 9.828747955239102 0.7627918871318933 3.428865219737114 -90 1.0162305936672553 795.6548014459481 7229.6471080403735 0.806444185393238 61.766753949795095
1776678325.8733191 | 1 1 1 1 10 40.90037198050021 -72.34979727374335 7147.771416237503 0.9383430497957719 -0.17509636200797885 9.903638421527567 3.9667156491148923 -3.5980398745461653 -90 -0.22629467219575683 798.8969599504478 7148.103608525175 0.0410395461934977 54.14419599319462
1776678325.9803176 | 1 1 1 1 7 40.90033792397775 -72.34984336562663 7057.410418196501 -0.8327989623947436 0.9450718027028835 9.756661335349676 -3.8812276758967923 4.807134423617253 -90 0.06576746137169232 801.5600413036104 7039.227371898095 -0.13078632776088117 36.34303514196649
1776678326.0823164 | 1 1 1 1 9 40.90031436097434 -72.34984356456873 6969.390021563709 -0.007466356130497953 -0.06346938449561024 9.420878743402227 4.762329380739866 0.8134791101269254 -90 1.2738175999008468 804.5446694239403 6971.913571393399 1.0342027134290945 49.53299209216988
1776678326.1813147 | 1 1 1 1 10 40.900265833343525 -72.34983386848131 6872.61229667819 0.20182511721305385 0.250456459204641 9.95486637889508 1.9009424979792247 3.7458003873741745 -90 1.6077612587423444 806.4567557628077 6885.040777446153 1.618574618223974 62.30125030944767
1776678326.2813132 | 1 1 1 1 11 40.90030828523643 -72.34986500944869 6779.930346020589 0.1656568784043715 -0.045441339369169276 9.013470269380994 -4.472024356271827 -1.6105557828956552 -90 0.52985491805085 809.5312689489612 6763.247105633481 0.5040815249113686 46.22174742424322
1776678326.3803117 | 1 1 1 1 6 40.9003420288084 -72.34991380781162 6694.312083460069 0.6653046640849052 0.8045726297686362 8.617386742601381 2.427748526917151 -2.4760019826379507 -90 1.181681742331324 812.5699979546615 6690.588354863557 1.0211983467619403 31.18669313082102
1776678326.4803104 | 1 1 1 1 6 40.900350404769256 -72.34987069006138 6598.840044722854 -0.9533458533490657 0.7972863873955247 9.998969147335616 -0.10360002317842376 1.010682163104435 -90 2.644056346487604 814.7484268394302 6601.701410183355 2.4929708634993095 61.8824861075278
1776678326.5813088 | 1 1 1 1 10 40.90034105121646 -72.34991952091869 6499.255472436405 -0.023711622517244013 0.00843004894461341 9.902879677974385 1.9017194149552585 -1.092787554137531 -90 1.9481988401008823 817.2425647796556 6496.3610214200235 2.232745868135329 34.57817622371583
1776678326.6813076 | 1 1 1 1 11 40.90036777646725 -72.34996702009578 6403.046537245222 0.553167842117789 -0.7764458583946205 9.31403385559318 -0.7141718689941765 -4.02689292323121 -90 2.3541226033226783 821.3092079698357 6418.890262735765 2.5167417295106698 55.345769183997085
1776678326.780306 | 1 1 1 1 10 40.90036481888988 -72.3499773273464 6322.429908517836 -0.49080475635969467 -0.06394762631181616 8.881585786131563 2.865943423159618 0.45898433001034356 -90 1.773573288500611 822.3427344180578 6307.532876766347 2.16034712330971 32.485014021319685
1776678326.8823047 | 1 1 1 1 12 40.90035194102412 -72.35002067585373 6240.685640835014 0.2664409431896382 -0.9912108026072244 8.998242145744399 -4.307467062291814 2.8961484870973155 -90 2.2309850859599063 824.8311912921108 6242.336210501886 2.150689415245754 47.37251433541256
1776678326.9813032 | 1 1 1 1 6 40.90037189341212 -72.34998472461756 6154.0863897015215 -0.6310267845060029 -0.24382394201404023 9.841419555323704 0.8158424730797078 -4.232494687812167 -90 2.3922373911664474 827.7464701952549 6142.713743475349 2.2261979720832823 42.26532783829663
1776678327.0873017 | 1 1 1 1 11 40.900407115448296 -72.34994014946056 6066.431068042332 -0.4396669058070979 -0.32959158584412385 9.583955745409627 1.088478759246927 0.676327090115616 -90 2.206378268985178 831.5690280866455 6078.4348153798255 2.416475388179372 63.74955215464838
1776678327.1863005 | 1 1 1 1 8 40.90037570654142 -72.34998199969615 5980.404581210077 0.6648092939535191 0.6204219885117181 9.702415256777833 -2.5873786477434866 -2.5776634082754333 -90 2.6105345037032563 833.4965763157393 5964.965005747978 2.8284080561932354 30.64224142178623
1776678327.287299 | 1 1 1 1 12 40.9003847027753 -72.34999669238925 5890.104452040042 -0.6509848704032313 0.09857223793448444 8.91372890689616 -0.25130295706166006 0.9046991836937623 -90 3.773321972896628 837.1591840691539 5877.496613072731 3.7442815551735187 37.68212986681195
1776678327.3862972 | 1 1 1 1 7 40.90039975183349 -72.34999721847757 5794.030237997149 -0.1209018522727443 -0.01216895688225561 8.684305320751632 -2.16665012626011 0.29886093309235484 -90 3.2545036619905066 839.8743131010293 5791.044268752573 3.7333825811735624 43.50973208344225
1776678327.485296 | 1 1 1 1 10 40.90037912510982 -72.34996630459968 5700.357322864732 -0.43326823500048683 -0.4547670154440373 8.993251962540798 2.556484462092227 0.1529200566711335 -90 2.823329664679945 841.5145770374423 5704.414083233794 2.716933541965849 38.52117607701155
1776678327.5862944 | 1 1 1 1 8 40.90041668796847 -72.34998522104759 5611.402138033711 -0.8052841262974235 0.8147386414715747 9.574326025831903 2.867517321522394 -4.656013282621338 -90 4.0201217306783885 843.9960079763607 5611.859071852555 4.14446410769568 57.945007455960315
1776678327.685293 | 1 1 1 1 9 40.900399288004614 -72.349993168787 5514.80080359108 0.008881314149649544 -0.44090053411765084 9.709227404178744 -1.3936667009296135 1.8456564748576252 -90 3.9882148064911984 848.2096598708418 5534.650198171821 3.584868835900404 42.39921424873431
1776678327.7842917 | 1 1 1 1 12 40.90039077110878 -72.3500383826631 5424.839104297495 0.34606978676146705 0.7747910484575642 9.601873144132409 1.5898789026096205 3.513382761618903 -90 3.60829759354636 850.4663456459599 5439.718859052961 3.5857253512942235 33.78809323555607
1776678327.8842902 | 1 1 1 1 9 40.90037333347481 -72.35006293200327 5341.833939497928 -0.5942573586812339 0.9751667362088818 9.069167993025493 -0.1475438725594671 -2.960474478458891 -90 5.017788564175739 852.3490485931734 5323.5761886490545 4.931426133424554 39.445098855144515
1776678327.9852889 | 1 1 1 1 6 40.900333821636806 -72.35008199661583 5259.415036189687 -0.8020024175192917 -0.18662812888353564 9.530302833460578 0.19648768469419764 3.097486479909474 -90 5.0475767399368365 855.9764527683898 5260.92530628532 4.986787902673573 59.32656771603768
1776678328.0842874 | 1 1 1 1 7 40.900374328907915 -72.35011663390898 5168.970080121081 0.5420764190884546 0.7928018767035903 9.06042886551089 4.9196794155656445 -4.2687021606853515 -90 4.586779488544912 858.7436397254922 5185.25452581932 4.128165262231718 54.67185092854095
1776678328.1842859 | 1 1 1 1 9 40.900367715822796 -72.35008992627328 5069.8216304420885 -0.197021486497585 -0.8679102837831882 9.154624070412822 -1.2670867974771927 4.801058652307642 -90 4.010026317092122 861.0204628406892 5052.722197709317 3.779672906564665 66.31562863124424
1776678328.2892847 | 1 1 1 1 8 40.90038201635148 -72.35013142517028 4988.252630947028 -0.02138796459380954 0.4259449385064986 9.253196282260765 4.012270893542546 -2.181218822740382 -90 5.1004134366794265 862.9796471024061 4991.618432712057 5.225076902667408 56.96907997924557
1776678328.3932831 | 1 1 1 1 7 40.90036414209703 -72.35010840693134 4890.742919529945 -0.2441232561739819 -0.6924851759758557 9.081806257377412 1.4967191868397434 0.4266816086999148 -90 5.028447317839949 865.8851446968439 4897.431236495817 4.72631895233313 56.72818497776007
1776678328.4942815 | 1 1 1 1 7 40.9003208306189 -72.35011211070922 4803.823469374675 -0.8812507968116932 0.7423261340484804 8.25629744396589 -0.44841126633763295 4.225562477976295 -90 5.644599689492111 869.2940808668335 4796.823869443752 5.400804296620795 66.38522991142207
1776678328.59628 | 1 1 1 1 12 40.90033218399238 -72.3500675646494 4705.846720587531 -0.38160465691642065 0.8311956535271945 8.068115372456784 -4.605357249530413 2.0844049038480117 -90 5.609476443966367 872.4680369130875 4688.379814319987 5.236249006390015 69.20145811447995
1776678328.6982787 | 1 1 1 1 10 40.900341337636775 -72.350056248508 4617.60846743499 0.2699295659752978 -0.990425404299716 8.340084016662683 -0.7917068527843876 -4.673966266001257 -90 6.7533220130720615 875.4209525991846 4615.30375485985 7.12595822003103 38.052468621905845
1776678328.8012772 | 1 1 1 1 12 40.900303244087134 -72.35007985701874 4524.547292120576 0.9911554343997306 0.22881641061096314 9.247939998686581 2.8109488286230624 -3.5771228825007673 -90 5.176751218695398 876.8921891260034 4521.677901691595 4.9469707734089825 64.94488175754245
1776678328.9022756 | 1 1 1 1 8 40.90027354771708 -72.35010704148037 4443.020906720932 -0.4102021065088757 0.6965225628539069 9.98254219826119 0.40659383431368745 2.1587374945277427 -90 6.663965058627372 879.4649071457956 4450.528611953102 6.636521231759671 64.62532844456295
1776678329.0032742 | 1 1 1 1 9 40.90029505936131 -72.35007436188377 4347.130505697715 -0.6042748457440896 0.5609780683729328 8.802224224934076 -0.5232772252917268 -2.4124575949364124 -90 7.171050804775011 883.5832362680578 4329.04095743888 7.573115974558949 32.51223186767979
1776678329.1062727 | 1 1 1 1 9 40.90030939616775 -72.35009721715242 4252.081815238068 -0.8474870733264668 -0.5282153228464672 9.950655577094404 -1.531469417377017 4.95075519189707 -90 7.281989332003666 886.1895793964849 4253.157710827827 7.715130940741711 37.271415641901996
1776678329.2122712 | 1 1 1 1 9 40.90032841748829 -72.35009210265211 4166.113185747606 0.8508302170970226 0.12705606786788914 8.50011707695469 0.9395039791660036 0.36247421580664785 -90 6.58171278273086 887.6781687658513 4150.903567828424 6.26279717777981 54.888841771575361776678329.3272696 | 1 1 1 1 10 40.900046223327415 -72.3500164156019 1.873857619887351 0.18421010303321728 0.42561070211532237 8.041156998166533 -0.7153652188438819 1.0350077346155837 0 14.07499366054526 1013.8665700879959 11.789207510648305 14.308058366489536 37.44516885483894
1776678329.428268 | 1 1 1 1 11 40.90000303726906 -72.35001384642537 4.028416794535615 0.9330044972341336 0.6624747305027026 8.333487911492227 -1.2011603385710234 2.6602676112280434 0 14.961345416246381 1012.1168944439686 7.644959105436469 15.292721627924795 37.66544512155627
1776678329.5292666 | 1 1 1 1 10 40.90004531550035 -72.34997004127074 4.90508944206007 0.08648121091007255 0.3364808748261203 9.013944074076411 -0.4487989341004708 1.1461742376378483 0 15.105327360632986 1012.5608118854897 2.293348682089582 14.783644197667453 37.36442564601908
1776678329.6322653 | 1 1 1 1 12 40.900026057036676 -72.34998853770111 0.47985810205126267 0.9188035637937524 -0.5733124386524027 9.632997023443108 3.4094916790333265 -1.2157656173376208 0 15.790267285892996 1012.2899538694124 17.46653291894418 15.799537634595655 63.38183238711029
1776678329.7312636 | 1 1 1 1 12 40.90007413116988 -72.35001020452877 1.133480080366327 0.15225621441782566 -0.2892857273165854 9.264970253379449 4.829011098368884 2.594664424716485 0 14.491126830949256 1012.5267509300608 0.06720042899613565 14.893416342206926 45.69172410716568
1776678329.848262 | 1 1 1 1 9 40.900090981980924 -72.35005810912597 2.814234088612273 -0.8959854075392981 0.42633090368294435 9.18079841435376 1.2738698997912188 4.869272593018074 0 15.96115446665246 1013.5392512722693 8.869816503231611 16.18797133990146 35.113519403576404
1776678329.9542606 | 1 1 1 1 8 40.90009680690858 -72.35010473998308 1.2822782476040195 0.4781859641327306 -0.4488876578971661 9.829029773917444 0.03421884705252154 1.178537266682281 0 15.713087414373346 1012.9987212639767 13.131365688495954 15.834161688469582 69.61555370634325
1776678330.060259 | 1 1 1 1 10 40.90011680638349 -72.3501032105449 2.393781371983957 -0.8362087293608911 0.05611074261496962 8.496874335466254 -3.286138252840831 -1.627524077596071 0 15.140346231134227 1012.5160577684727 -0.5639612967154211 14.684980085905956 59.78211857750182
1776678330.1612575 | 1 1 1 1 7 40.900128054195726 -72.35012116181049 2.1989600727148932 -0.12029739249135551 -0.1526061262204812 8.956601431993018 -2.0501253514739446 -4.544975908635109 0 15.917605210070953 1012.2574408514786 11.963211287285777 15.77650640958099 51.060480221001285
1776678330.2612562 | 1 1 1 1 9 40.90016920584157 -72.35009569448223 2.521996456722066 -0.5453465253951622 0.09683449235902852 8.505299545228585 3.289926438456103 3.7623057058956473 0 14.784598111194931 1013.6213694022069 -17.428272858033573 14.494233500508805 64.29630010367342
1776678330.3612547 | 1 1 1 1 10 40.900207613118475 -72.35014411003363 3.366766534468846 0.18278882509684036 0.5293102102252287 9.69491318391666 -3.3848502751149647 1.7255679837530815 0 15.00259208556909 1013.5810318085056 12.639305281539096 15.267939820931431 52.1093359547126
1776678330.4782531 | 1 1 1 1 8 40.900252294447036 -72.35011100439927 0.34449275081157027 -0.006306038708989714 0.23634502849122718 9.065862490010497 -1.9396640745528848 0.8300162244035167 0 14.346198236241184 1012.7124268152119 1.0965492620567743 14.417755853470991 37.74525679951029
1776678330.5852516 | 1 1 1 1 6 40.90020276525708 -72.35010239848481 1.505268096403423 0.9176610098248255 -0.5027805019469738 8.968607840353558 2.9284042923666656 -4.537297035916101 0 15.085406754536026 1013.3108814835477 19.969193034050985 14.916260440288076 36.95394724755739
1776678330.69025 | 1 1 1 1 7 40.90024222129158 -72.35010045318454 0.045653593588030894 -0.09531742767803375 -0.5684930926545408 9.873247955411376 2.543501943448666 2.0302288891925944 0 15.562911422584442 1012.1056227595091 1.1732148319766038 15.366482813188519 59.2534055382101
1776678330.8012486 | 1 1 1 1 8 40.90022254757058 -72.35006775330666 2.3585894614143648 -0.7648108810107528 -0.5032286687240901 9.02132806543347 0.6330170144718785 2.4405971510850595 0 14.212375004044368 1013.0222130625007 21.131160402497525 14.415657014389542 69.81502294373334
1776678330.9122467 | 1 1 1 1 9 40.900214043183844 -72.35010456850013 0.5400344951444047 -0.9301333305287218 0.9687057851246765 8.889292106162626 3.2540057661118684 4.565386545337823 0 15.217665954663378 1012.5887874818687 -4.618925027074764 15.364852056967534 52.717789975648
1776678331.0662446 | 1 1 1 1 10 40.90018564725175 -72.35014523013143 0.8038446232760216 -0.6936656082408441 -0.6498582715666448 9.640529541150926 -3.9929456916360637 -3.746952486534969 0 15.734630051538987 1012.9489028961798 19.994791313741302 15.728112164327856 51.57042591560386
1776678331.183243 | 1 1 1 1 8 40.900207242041596 -72.3501243720013 2.158719098660508 0.5408494390885723 0.9741479257081993 8.629714866293769 1.1936169844965328 -0.49645671297314564 0 14.08420123184873 1013.8475148335727 -10.363254257392445 14.168128907732159 39.63133636038259
1776678331.3162408 | 1 1 1 1 10 40.90023005004862 -72.3501005900116 3.5943455521932055 -0.597451908413243 0.6768576221938103 9.148983357120391 -0.8240491427042773 1.0171918073101764 0 15.903757318511573 1013.6782119885501 22.502064783067574 16.30690819663087 59.70033666780621
1776678331.4372394 | 1 1 1 1 10 40.900210119701605 -72.35005106422733 2.2960418657506274 -0.31920921629084487 -0.23897917476399244 9.10227731725115 -3.178319985034419 -0.8784897957810136 0 15.945369014104482 1012.4468948517751 -17.180075968537 15.782583711846671 58.77138853659873
1776678331.5362377 | 1 1 1 1 10 40.90019787399576 -72.35009958183855 117.08686633669448 0.656142664562078 0.5046321235573612 11.47291391606868 3.326842488824612 4.776630095057824 120 14.036911813464446 1009.6004867808964 123.19108603090784 13.628156992577248 53.69645297226919
1776678331.6502361 | 1 1 1 1 12 40.900152670031424 -72.35014067431203 241.46159240189604 0.6202586593922392 -0.45317674586821677 14.759512624374223 -3.204328548284252 -3.7196109786254183 120 14.700801348099507 1004.7630317187154 251.79935717200445 14.634838877887773 31.4986599263825
1776678331.7642345 | 1 1 1 1 9 40.90019575840187 -72.35009458316684 366.127735816205 0.6550815751139147 0.7272344816361944 11.153074957384534 0.35567462241101033 -4.933458352257633 120 13.3884307933532 1001.4614562682581 352.4229106510143 13.882731769845375 61.317170399424725
1776678331.867233 | 1 1 1 1 12 40.90021123113718 -72.3501258202263 482.5148472030801 0.34508439880685415 -0.19537219133989758 11.225553192616744 -2.571057731791454 -3.1153068127613412 120 13.902032876219627 998.5973912654218 472.5873496818667 13.788565310940681 60.04558878360728
1776678331.9732316 | 1 1 1 1 7 40.9002317523822 -72.350108121638 598.7980378028666 -0.42733319902372147 0.16196214103359652 13.542809924027083 -0.8575444280044255 0.6097036579473656 120 14.703220192850697 995.3834132166678 616.5228345367643 14.275796945571502 64.92383617170164
1776678332.07323 | 1 1 1 1 11 40.90020815455521 -72.3501466811167 715.4251121776035 0.8898498844692029 -0.9518158696816412 10.913735652852711 3.0922373415646245 -0.4937727999839989 120 13.218854727854815 991.4154314166636 730.5980431440419 13.093341055525318 59.259697203914016
1776678332.1732287 | 1 1 1 1 12 40.90025216081972 -72.35018592453088 841.2978355780203 0.38385016059888355 0.27662930527053975 13.06043127793475 3.3415852405220576 -0.3136197373532612 120 12.932699216568702 987.6420603698076 858.0902225959624 12.718400649379634 44.58914232758977
1776678332.275227 | 1 1 1 1 6 40.900254940140975 -72.3501897984148 956.3677111256776 0.5412618013007202 0.8846863546408557 13.562226764749042 4.834270948548086 3.582642281745855 120 12.246864255793932 984.2981867590272 956.8957348080231 12.601960271542392 60.82619934202418
1776678332.3782256 | 1 1 1 1 12 40.90026667374865 -72.350232000631 1081.2043416037486 0.7252595924591638 -0.050655329646274616 11.876376490230903 0.06606349398070588 4.813195914119142 120 13.532262278983403 980.6545119118925 1093.7244185948023 13.754855176628503 48.44378824405698
1776678332.4812243 | 1 1 1 1 7 40.90024345579769 -72.35024763532402 1193.3433048805896 -0.28491989391724304 0.6217777204932617 9.376142146721731 4.504744894548034 -2.7817302930181818 120 11.94855351422387 976.9315903767615 1202.9069614107984 12.1546965501249 49.54770533737076
1776678332.5832229 | 1 1 1 1 8 40.900205418883566 -72.35025053394739 1305.5618670692895 0.7775303614391011 -0.7871395711697897 11.342144656373348 -3.122002208879974 1.4508446252182141 120 11.593325042024905 973.9806273725112 1299.9471666609147 11.280580147269992 42.89086555148481
1776678332.6842215 | 1 1 1 1 8 40.90016949543062 -72.3502401939668 1422.4944557996143 0.9731198981822178 0.8513507657502535 9.120134896746032 -1.848297330879424 -3.4932656234546275 120 11.337737533751053 969.5420759148055 1424.486426697095 11.1909721974064 52.95247465162853
1776678332.7902198 | 1 1 1 1 7 40.90015679455942 -72.35025582455303 1552.4002849626338 -0.10519772185282017 0.8747356904802575 14.351276030053224 -1.4793190085145556 -4.916281562308575 120 11.574320364311472 966.4697360332431 1569.128535571507 11.608423196046882 61.221059648187975
1776678332.8902185 | 1 1 1 1 10 40.900125380683285 -72.3502666098891 1682.1999420123027 0.9050313242362686 0.5805870573996987 10.29107215857602 -2.027306206274951 1.429596835651493 120 10.840758260335305 961.5928387569469 1680.4409682953683 10.451780675132177 31.099966643558435
1776678332.991217 | 1 1 1 1 10 40.9001131751724 -72.35025717014159 1807.4766554226544 0.42298334136772 0.5226305555975814 11.725674514593917 -3.956935810114075 1.9550034292645826 120 11.897966968759157 958.1916368231041 1794.797599573137 11.861236961592377 45.54741357889503
1776678333.0912154 | 1 1 1 1 8 40.90014985115825 -72.35020770231183 1919.3912661632276 0.005871944666141049 -0.6664560072926042 11.32034662657501 -3.3239815519563596 -3.2518393878166374 120 10.33755381862792 955.3628027051464 1913.030244705153 10.602750095434658 53.202262355969
1776678333.1902142 | 1 1 1 1 8 40.9001132300505 -72.35018043722165 2036.7092274053684 0.36993275605285114 0.5573190832364714 10.839602146204866 -4.738146759043018 4.229488349084127 120 11.398404159065983 951.2094772045022 2056.557430939313 11.572709887223196 65.86697912977691
1776678333.2912126 | 1 1 1 1 11 40.900085182618014 -72.35019668362237 2148.7860307868823 0.0730834180309623 0.9825255622630056 12.981824939138239 -3.7887548893774934 2.2941903258636733 120 11.665379141042898 948.6965125557357 2147.7571104388862 11.453384809481056 39.022117819989305
1776678333.3932111 | 1 1 1 1 10 40.90006681536892 -72.35015610801025 2268.2538597349517 0.2930002362006947 0.21432031796662598 11.850173341933658 -3.670915220726595 -1.342464580987346 120 9.68250484653969 945.4101670477464 2281.2553857112557 9.18552436265839 69.56949143761005
1776678333.5102096 | 1 1 1 1 11 40.900042584602915 -72.35016690351297 2385.434338768941 0.5824730637233486 -0.07379078135278472 13.633627900558261 0.9724413463699939 -0.1286756314879236 120 9.951435999486797 941.85965667563 2400.2841150708487 9.753031083014676 64.15692275975678
1776678333.615208 | 1 1 1 1 11 40.90009064808824 -72.35016795833866 2498.3876485722362 -0.37361724571069566 -0.39309429564424003 14.495669524237657 -3.3791003982161696 0.43820507824134136 120 10.352354757592266 938.2018332592061 2500.3896757933007 10.434742787860486 69.94803271596979
1776678333.7162066 | 1 1 1 1 7 40.90004296714252 -72.35013940111337 2616.1999772144236 0.025741477521237677 -0.012393863951607909 11.33407154603443 -4.715380567901929 2.9482073294262348 120 9.455964677528288 934.3934421858659 2603.960322535277 8.975727029148796 67.10336409095734
1776678333.816205 | 1 1 1 1 11 40.90005710430274 -72.35016262807227 2728.997318014133 -0.19672871402825853 -0.9413413146000631 9.187565885681481 -2.803231473604859 -4.857484979659121 120 9.437825749960263 930.7624785739358 2710.0615264336 9.416101498670399 43.225646689454095
1776678333.9172037 | 1 1 1 1 10 40.900077758020586 -72.35012175620324 2843.00487182732 -0.3626376590931073 0.4002400889818649 13.526393050960554 -0.5490731321114595 1.1011850413856692 120 10.187247424256979 927.726116825538 2825.077618556985 10.563299168797963 36.81664859672936
1776678334.0162022 | 1 1 1 1 8 40.9000964254872 -72.35014285044856 2954.160058285845 0.2374142288796539 -0.14363427340174106 11.639639105885657 3.6353594271160503 3.013418508368556 120 9.789363692470884 923.7000598325162 2941.118763392534 9.685510624457908 62.204786630448254
1776678334.1162007 | 1 1 1 1 11 40.90007480827959 -72.35015501855078 3077.6865456331225 0.340802434969532 -0.6780380188310626 11.095890957310964 -0.699438669328635 -1.5542162823308159 120 9.439064252774545 920.1628595511736 3068.8475067697746 9.83209564517582 52.356674154032504
1776678334.2171993 | 1 1 1 1 9 40.900099035922906 -72.35012179798458 3197.1143116878447 0.9446894099431455 -0.6455947123804686 10.477964571929135 3.7590769277841822 -0.6062180960879271 120 8.82521596318333 916.4840757600505 3203.8339652802924 8.3489412100724 42.931705784987955
1776678334.3161979 | 1 1 1 1 6 40.90012516283196 -72.35011194392295 3319.11535533686 0.7894949484875255 0.24963977790759917 12.428419479754181 -0.3953680133774915 -0.5552877384180217 120 9.243340574351723 912.7163497101315 3300.2440650987924 9.150014430143415 63.05775667846862
1776678334.4171965 | 1 1 1 1 11 40.90014258685099 -72.35007525402659 3448.275071490752 -0.49789788367757604 -0.35861883627316926 11.321168396853533 1.7945398521836884 -2.0412910819329255 120 7.922853365748985 909.4089792326781 3429.3863773500925 8.374648527244766 50.15950176876317
1776678334.520195 | 1 1 1 1 11 40.90012304237142 -72.35003358447291 3573.6910334516415 -0.05283646208408155 0.6539080027609112 14.394699575913183 3.2123407064531424 4.4940447071587375 120 7.856408945992181 905.8733313716477 3565.5402387148206 8.276074964625483 50.75922518763521
1776678334.6201935 | 1 1 1 1 12 40.90010825900982 -72.35007286958086 3692.7908737680323 -0.1718094693323995 0.13739247298454238 9.007032126129275 -3.776729583353239 -1.1121568465859202 120 8.450615778719184 902.501160205697 3695.1745652452255 8.493171320945462 40.38070305968924
1776678334.722192 | 1 1 1 1 10 40.900096841128374 -72.35009916612644 3822.006853696043 -0.39666417566666534 0.35752071869871593 10.696954445023714 -0.629892857555463 3.137451480747444 120 7.369355855723272 897.6848987343533 3831.1789573087276 7.574598176543478 51.24629982081673
1776678334.8221905 | 1 1 1 1 6 40.90009709213724 -72.35006605760114 3951.478937120557 -0.6453711986698056 0.8588386578503024 9.92285797337089 -4.502000993703308 -2.2423151184965384 120 6.8202641838118625 893.888749768061 3945.031044374828 6.518957866095031 67.65619797528325
1776678334.922189 | 1 1 1 1 9 40.90013474216568 -72.35005371878846 4066.335200955813 -0.09140192692122096 -0.844536415238422 10.022334464298039 4.434737708092413 1.3449429030282358 120 6.123784795616656 890.8361776915069 4072.467682963649 6.2040451741388525 41.92558837768931
1776678335.0211878 | 1 1 1 1 7 40.90013138361246 -72.35008404402129 4191.884787724361 0.2989575685692194 -0.6741055653161983 12.269591204370714 -3.7477645485867503 -0.13147956322963417 120 6.298319567905332 887.3026252026322 4176.625387078406 5.810917533316002 53.60351794050367
1776678335.1211863 | 1 1 1 1 11 40.900132571701484 -72.35010547144088 4305.3149099323455 -0.29404199777411866 0.9706940846780052 11.382004608544232 3.0689873922489603 4.833115515369428 120 6.298073029005481 884.1063085637215 4291.269407430912 6.153002553440014 66.13748595653055
1776678335.222185 | 1 1 1 1 10 40.90012192452062 -72.35006584474213 4426.146115379649 -0.27570977274683317 -0.4173320854698852 13.57922338140714 -2.863329135322127 -0.737129269979401 120 6.8672152425093005 879.4823054910391 4430.261931963304 7.162858065759541 54.386475735881604
1776678335.3211834 | 1 1 1 1 6 40.90015110025754 -72.35007864515704 4542.856974050546 -0.2777193961745654 -0.4570732103345514 13.335501995580502 -4.048326139555219 4.344606499884412 120 6.015634812693344 875.7751407520202 4555.655007140213 5.626024260256023 36.98970298028672
1776678335.4221818 | 1 1 1 1 11 40.90011455562289 -72.35003465072532 4661.110372124555 -0.5012350325539978 -0.16346566167848775 11.420215860225092 0.7228100268658046 -1.521341684294205 120 4.800401363122236 872.3885165218658 4649.722385441582 4.6392334577132175 58.411874492653986
1776678335.5211806 | 1 1 1 1 7 40.900105866776435 -72.35004210958567 4785.18001927585 0.5032365890262778 -0.9646054532853636 9.84078042476042 -1.1864364473196884 -4.883312850843037 120 5.452478639475035 870.0227237051544 4770.937063866058 5.441340584532806 64.63476444990329
1776678335.627179 | 1 1 1 1 8 40.900139671069354 -72.35005436373373 4911.5079480640825 0.2283976407834245 0.8562719835478498 10.121774502580658 -2.055726842197271 -3.638098253001579 120 6.1174421663916165 865.2609234164512 4921.318370200602 5.784309990740886 31.68874486730698
1776678335.7381775 | 1 1 1 1 10 40.90011508391335 -72.35004202580726 5031.408416738306 -0.5758285008142521 0.14280700946931613 14.796984077979912 -2.77483182077411 4.373370110732695 120 4.279365817968916 862.9102947861471 5011.615333187734 4.670425862487007 62.30642138392328
1776678335.839176 | 1 1 1 1 6 40.90015500263567 -72.35000652108059 5143.250473075148 -0.7688641330320041 -0.8074127866831473 12.460514542384788 2.729668343619915 -2.5714750456211766 120 3.9739315513653732 859.4383999582205 5147.711720518498 3.8538667526065753 52.87763429323048
1776678335.9381745 | 1 1 1 1 10 40.90017579437335 -72.35003515993056 5270.447523129375 -0.16211719155148074 -0.2819643584319662 10.173837399848697 2.2058654538630247 -4.635377881533004 120 5.071455606455194 855.2785533662568 5268.899577951109 4.982974412441746 35.132099651928456
1776678336.0381732 | 1 1 1 1 6 40.900154515056656 -72.35003798944274 5391.726832891601 -0.855946880810672 0.8878940067530523 11.382206730541954 3.8599304555749043 2.7433729915662823 120 4.259473515251841 850.2934548568657 5373.914648654327 4.6364864030111255 37.762877142456325
1776678336.1381717 | 1 1 1 1 11 40.900156406724754 -72.35006450483438 5511.352671036096 -0.2643860156216322 0.7340234208579284 10.948384210753233 1.239123557699128 3.8830352695087917 120 4.851739512671852 848.5398833560253 5522.881228860328 5.087372183427384 67.26013183384805
1776678336.2371702 | 1 1 1 1 9 40.90019801315956 -72.35005125100624 5629.032916943091 0.7337625728416737 0.34656150967474275 12.281696875659181 -2.956624205778906 -0.5985130238820595 120 3.6524532095312474 844.1102790499043 5618.773099021295 3.615746085952966 36.83570177710238
1776678336.337169 | 1 1 1 1 9 40.90016354037449 -72.35008086822286 5750.93378070043 0.03941008990242878 0.6458355395131505 9.27245669534428 2.7980491682779673 -4.583778092451512 120 4.137521938231061 840.3398793854383 5768.833357882714 4.416229357148929 43.280931131835445
1776678336.4381673 | 1 1 1 1 10 40.900212085977444 -72.35009098415338 5869.472787709621 0.8070828735605045 -0.806591823942348 13.012565854467226 -1.0009224975344253 -2.7583890891707807 120 3.2156501714951817 837.1974931924357 5877.866009371491 2.7367913339303795 42.0384818161895
1776678336.537166 | 1 1 1 1 8 40.900206455384094 -72.35012224534766 5994.398933498386 0.8147559562157072 -0.6276193852431973 12.463485943631435 -2.947741886792583 1.6546702976376828 120 3.2930013436699768 832.7237507054601 5989.2614645719095 3.350795959478204 31.90563019733589
1776678336.6361647 | 1 1 1 1 9 40.90016415184503 -72.35008134239004 6123.110114788941 -0.5784199924205933 0.9665529922163134 12.768297162627142 -4.029833985207186 -0.3022911289688839 120 2.1334037655854976 828.586764008631 6110.311526670627 2.2519006415470946 65.49360841156128
1776678336.742163 | 1 1 1 1 8 40.90015433857687 -72.3501145455312 6252.454543051902 -0.5500251538530878 0.37663738805361713 12.828117423082315 0.18262402922437726 2.88915572140265 120 1.9744892112994463 825.4179484269133 6242.713280028335 1.9048098500004977 54.552050457715055
1776678336.8421617 | 1 1 1 1 10 40.90011404205721 -72.35008097443085 6364.849002841429 0.36742176484919953 -0.6632117660511845 10.954114726179004 -2.597525885804519 4.0485557981453795 120 2.370906216753853 823.0487832695222 6346.704210659752 2.743500758965294 40.3497026302644
1776678336.9411602 | 1 1 1 1 10 40.900153119582285 -72.35009268451661 6476.690152562794 0.5184980240988404 -0.36462191438422153 9.671755859533523 -3.694208869966593 -3.9034931403792763 120 1.1385370791160065 818.3518885183137 6466.688051557814 1.1900751244320715 50.70741222665795
1776678337.0411587 | 1 1 1 1 11 40.90014088783697 -72.35011387292757 6592.197187847742 -0.5535275625212694 -0.11321603259268498 10.231209501400011 0.25919647411543956 0.11535053583552024 120 2.395641335560079 815.3961662940741 6596.90134788627 2.2021377630915526 67.64402455733679
1776678337.1421573 | 1 1 1 1 6 40.900110099137976 -72.35014786808782 6708.349424874161 -0.45729394483432384 0.9019388587913846 11.291206861142602 -2.3327529831524374 -1.4671583976940927 120 1.1103464100980893 811.4031694923827 6702.754618053009 0.7402665774896593 39.08373458270577
1776678337.2421558 | 1 1 1 1 11 40.900076065628646 -72.35013335206796 6831.683310211883 -0.5149243222057731 0.09492592517582477 11.491755019095867 3.136511029896969 -4.474598490697192 120 1.17050371066596 807.4205387300108 6850.313457125572 1.166786062889447 41.87028624908824
1776678337.3441544 | 1 1 1 1 9 40.90003696043978 -72.35011823904682 6944.0718949002785 0.4149369321547123 -0.4148810958447373 11.747468301980987 -1.284713303808246 -2.0255425917878602 120 0.4722719752481499 805.4967740481246 6956.304661139793 0.12910233178608765 69.75216688142484
1776678337.445153 | 1 1 1 1 11 40.90003875633983 -72.3500711964747 7055.101087636647 -0.5274751542586225 0.8152830468780159 9.165932665498982 0.5808982092892387 4.346693904982066 120 0.2791145153266066 801.2360933960673 7073.216694897755 0.05202490903386736 37.98111738068896
1776678337.5461514 | 1 1 1 1 9 40.900001906657145 -72.35007322763398 7171.261417723446 -0.9980151555506902 -0.887351668197141 9.48865514001697 3.4694880659615936 3.6436583163356406 120 -0.05517981044462461 798.347455254588 7162.2170771624005 0.15068924821407736 64.34234613838998
1776678337.64715 | 1 1 1 1 8 40.90003066553429 -72.35003416714132 7288.7917201269665 0.5558413354976817 0.7678336714044283 13.312507392043688 -1.2609174657211284 -2.7139663635818243 120 1.1379039806565485 794.3193810033374 7272.171987269083 0.7631465730076287 66.09279215863032
1776678337.7461486 | 1 1 1 1 9 40.9000361190816 -72.3500477233262 7399.916981830586 0.5583730244227596 -0.37350296403116556 10.462261374091575 0.203209608288196 -1.9369232636905198 120 -0.7535206562217025 791.731064236993 7393.910359902174 -0.7578748970721163 40.20634235766251
1776678337.847147 | 1 1 1 1 11 40.90007912556183 -72.35009295590974 7529.42030586828 -0.5217808164077289 -0.5293784168273912 9.82100842199796 -0.0018375754159283275 2.774687313195999 120 0.4668374511007123 787.505731999192 7542.15443324019 0.8275663862183088 47.777906549701456
1776678337.9461458 | 1 1 1 1 12 40.90012589098898 -72.35013565765179 7652.21542955111 -0.6906871531848715 0.28058289835589467 14.199603156347894 -3.058938566745547 3.737661322125714 120 -0.04995995743185033 783.6890581922214 7638.25151001783 0.41638985060462297 68.10674835100258
1776678338.0461442 | 1 1 1 1 11 40.90012514532316 -72.35016991293317 7767.761131397342 0.7691638838513297 0.4087407917786414 13.987267270622386 -0.36635828992537256 -0.759283022401414 120 -0.33477121746351735 780.2359334589092 7749.566095166833 -0.14421331708624563 69.52130501026707
1776678338.1461427 | 1 1 1 1 10 40.900078516426085 -72.35011999243213 7883.083742347076 0.0065646551743914205 -0.10300941074738912 9.709797873656898 1.7923056066955434 -2.2120267682102357 120 -0.8018387835227214 776.1700621938068 7878.007676993499 -1.019448752885157 66.372832758116
1776678338.2471414 | 1 1 1 1 8 40.90007891966637 -72.3501205254682 8010.770603280433 0.8746905504790985 0.8970360004904061 11.691805765484462 -1.203619726329329 -4.34997639549075 120 -1.0681444921938559 773.4389938525204 8025.922471476156 -1.4380513656020675 42.51051265725702
1776678338.3471398 | 1 1 1 1 10 40.900113102719345 -72.35016978061788 8135.422397955431 -0.09521839854769465 0.293685775261211 13.20156541630535 1.6249556819976387 3.88689286806043 120 -1.7131084222647917 769.0163060531307 8141.5570926459295 -2.0260604196381293 30.95199569654017
1776678338.4571385 | 1 1 1 1 9 40.90010058569259 -72.35014237180485 8247.247188640204 0.6818537355864336 0.006500756128464902 9.76302981023547 2.259995462595538 1.4576228325531924 120 -0.6469818964560885 766.0886046440687 8241.082315719299 -1.0666685527680144 35.45464484378763
1776678338.5711367 | 1 1 1 1 11 40.900141975352085 -72.35015080547518 8362.147032973597 -0.9112833639845757 0.8937088105253228 14.125942654171247 -4.511384158505098 -1.994257152979404 120 -1.8030929494691759 762.4650851202039 8349.445779146594 -2.229234143717259 47.38625272363291
1776678338.6711352 | 1 1 1 1 10 40.90016626555233 -72.35010852473043 8487.665830788383 -0.4575591946102493 0.02748506375103954 11.649467073013238 -0.2537044057807414 3.7256679252203657 120 -2.884070661699817 757.9428244411529 8489.404430059742 -2.7783307794311436 42.04268733888354
1776678338.771134 | 1 1 1 1 7 40.90020620292109 -72.35009767313053 8607.358693601744 0.5599509725709064 -0.24644256293188938 9.991928311542956 -3.209362199673005 0.8938007295729102 120 -1.5830422492654943 754.7495492272596 8609.15131468079 -1.329715023771143 37.69862668694394
1776678338.8711324 | 1 1 1 1 6 40.90023240972295 -72.35006536196269 8717.778641668367 -0.39932537007920166 -0.46832077072098977 11.790118039319225 1.832792812056578 -1.5115345272364387 120 -1.6998227676028448 751.8532775326803 8726.7040391117 -1.9292199488464883 54.28996648585439
1776678338.9711308 | 1 1 1 1 10 40.90018461608312 -72.35007899195907 8844.677447779777 0.7796509888561358 0.48968329475288064 12.907647951245908 4.790154565348045 -2.223789911873142 120 -2.2979320077221885 748.1729808350481 8831.595649631225 -1.8331300908809185 32.33835401503661
1776678339.0721295 | 1 1 1 1 9 40.90014244776531 -72.35009892710771 8968.604647937085 0.9770325179805539 -0.45681859785167966 13.467049045634031 2.0274150174235714 2.9613809884952866 120 -3.7519568926707634 744.1287698913474 8974.826643438348 -4.157838514740579 38.73005057474755
1776678339.172128 | 1 1 1 1 10 40.90017674673772 -72.35010304990207 9083.462556681914 -0.2784460906469459 0.9582149439535885 9.969753445592845 -4.272434683461569 -1.3986141883666159 120 -3.6535854123031744 740.2360369745907 9067.559720092991 -3.455289777136709 41.34144815219343
1776678339.2721267 | 1 1 1 1 6 40.90018535046713 -72.35009170450364 9200.687919911945 0.2868343325053302 0.7247340802120272 12.440249176660473 2.0783767733438765 3.276300021825591 120 -2.7230066151949712 737.7559064666186 9216.271797142095 -3.0385409279402475 54.348127200583626
1776678339.3721251 | 1 1 1 1 11 40.90015453268368 -72.35007422400568 9325.471398264259 -0.32576929890241413 0.6272539753534982 14.64150249588997 3.569670955498399 -3.7850400178310393 120 -3.8879127939155853 732.4700449323864 9342.222310567035 -3.961288788570342 49.78436165642691
1776678339.4721236 | 1 1 1 1 9 40.90018196771644 -72.35010002586036 9437.476283756492 -0.23837296661027962 0.281731065498773 10.164842661271601 4.397682657989627 -1.878768188446176 120 -4.527025181497828 730.1127816009013 9432.696055197039 -4.667805683997124 32.314412814358874
1776678339.580122 | 1 1 1 1 12 40.900203981002775 -72.3501050120478 9550.09677862208 -0.8824304212740273 0.8583371452338018 12.079786455040491 -4.637590311963392 4.030250331556099 120 -3.4535802738517516 727.2648110844412 9561.183769330453 -3.6652754498726963 65.30932204778142
1776678339.6921206 | 1 1 1 1 6 40.90021367789671 -72.35013075880835 9663.744666696493 0.0421499086883359 0.011035296876775291 11.968232531450312 -1.1860922063590085 -2.832476354372162 120 -4.493602500640964 722.3504137987477 9678.064583708072 -3.994767176890295 56.264604319339746
1776678339.7931192 | 1 1 1 1 6 40.90017708106326 -72.35010301768966 9781.217474479863 0.17434736281700092 -0.7402303142070079 14.656725188756162 4.163254112543136 3.849666089918916 120 -4.679067713981573 719.1451962642332 9791.627555538262 -4.423735560039751 32.475372760370306
1776678339.8921177 | 1 1 1 1 12 40.90018351774036 -72.35013165441985 9905.861532485917 -0.25505013022949785 -0.8018810998722361 11.962675685707731 0.9441009840477035 2.5977635273455277 120 -5.260071108308814 715.4140287528508 9893.319015948315 -5.7178596399309845 53.49053481010607
1776678339.9921162 | 1 1 1 1 6 40.900209649606055 -72.35012685880795 10026.39278814958 -0.6662162328756176 0.8408536140927285 11.342094342508975 -2.192950630106508 2.785590370621833 120 -5.14863157592883 711.5315177077047 10035.21686631514 -5.282870594982248 68.42951629945459
1776678340.0911148 | 1 1 1 1 6 40.90021265694665 -72.3501250821198 10150.423348808868 -0.44925111660992223 -0.337334231579973 12.34406341538794 0.9511842444291707 -4.487216038828009 120 -4.718362294180122 709.4630357520809 10140.707098588173 -4.765274237573165 30.237895465936653
1776678340.1911135 | 1 1 1 1 9 40.90018188595097 -72.35013742657611 10263.386777174233 -0.67635364675051 -0.9839466848991711 9.195826564543863 3.5200065498114856 3.4120796481619013 120 -5.611721227868802 705.0007100929818 10252.629757113504 -5.906969786768581 30.263903849978256
1776678340.2921119 | 1 1 1 1 12 40.90016128327418 -72.35014172758859 10385.55047612093 0.6866523776107323 -0.3350189694439687 11.315701837545266 -0.751406643731082 -2.7159005058512076 120 -5.911848049748136 701.9699474023861 10380.710143972106 -5.705983169251918 51.01401764031581
1776678340.3911107 | 1 1 1 1 12 40.90012713406101 -72.35011693751717 10505.229149730249 -0.44542137682664107 -0.1947542996459537 10.381270060420904 -3.858358601874298 -0.8950682750105692 120 -5.5212998889827105 698.7892606757332 10496.672233877978 -5.615067734827337 60.44548444699056
1776678340.4901092 | 1 1 1 1 6 40.900130333910454 -72.35013291710511 10634.436131586792 -0.31803229849659287 0.40260837433544205 9.658029299796649 -0.930191729091133 -1.2728879582872832 120 -6.748924897885717 693.8166614262823 10623.697512718692 -6.901649690196027 61.16127980906473
1776678340.5891078 | 1 1 1 1 6 40.90009191929513 -72.35010821930604 10760.839451747308 0.9786762080513924 -0.3256480219360922 12.356141048803607 0.9446559364474725 -3.6356407164086613 120 -6.00560057777664 690.539326033761 10767.040813003909 -6.0689788050402775 33.34607865860844
1776678340.6891062 | 1 1 1 1 7 40.90008669474058 -72.35006175422376 10889.715047990403 -0.5294559582674796 0.817287460578473 13.343355299196984 -4.493340032741921 1.5070896819899646 120 -7.3819320342292025 685.5095729833606 10906.752086028926 -7.302488293219435 67.20273950991316
1776678340.793105 | 1 1 1 1 9 40.90012364209477 -72.35003169811472 11017.22413610568 0.5265307545184346 0.8562642368246931 10.563350295621193 1.7322120494715199 0.029003484510591093 120 -6.706825340120609 682.1319471929644 11001.415484904197 -6.9922421777859185 50.1456372009019
1776678340.8941033 | 1 1 1 1 7 40.900168537481754 -72.34999050755657 11130.239949741965 -0.5515006526230697 0.060515828874119215 12.142069539436992 4.564230828327789 -2.1190012435153784 120 -7.374235147982105 679.3069642900416 11139.434906576998 -7.465082831458984 38.66520291765832
1776678341.0001018 | 1 1 1 1 9 40.90012728276764 -72.35002997987809 11260.023464467642 -0.29328455274305854 0.16621960875184372 10.809177816813206 -4.8093145965121975 -4.570490527176676 120 -8.135172537681218 675.3717152512361 11258.01494636236 -8.407789980313488 43.160540792079175
1776678341.1021001 | 1 1 1 1 11 40.900154228202624 -72.35005343865816 11379.257630649758 -0.394177970240182 0.30522157148260987 9.302089028686611 1.6323183239771053 1.8623925842440912 120 -8.280943495554075 671.6558440511425 11360.291452167543 -8.651093632495183 31.592557735149327
1776678341.2050989 | 1 1 1 1 8 40.900124735308495 -72.35001238784113 11505.845200918026 0.7567123006534506 -0.23211273201014482 12.325961589596313 1.5709053114108817 3.1707966091821795 120 -7.846673800355061 668.0864948466449 11505.928538123137 -7.3619866916006815 55.5145799222194
1776678341.3060975 | 1 1 1 1 8 40.90010609197183 -72.34996558452366 11622.217091543382 -0.2028851952241617 0.8920081900929901 10.64377345197857 4.242516219390366 -2.0564496143417332 120 -7.800154069838594 663.6165341976749 11624.744471749984 -7.713395745142383 38.333991688507176
1776678341.410096 | 1 1 1 1 9 40.90010112474669 -72.34994209712312 11741.457709095102 -0.7890394875618247 0.801703107001345 10.567781709360386 2.2527133164106283 -0.9493282235555345 120 -9.468735734552341 660.479745229693 11752.180278197813 -9.54290652806411 65.43508463818944
1776678341.5110946 | 1 1 1 1 6 40.90007435395008 -72.34996435843719 11862.130423939678 -0.62902253146531 -0.8017990936262793 11.768592508789292 3.7637762738096363 4.96099302649251 120 -9.36587585604454 656.5204292670226 11862.896110452542 -8.896450001913754 44.593140885103814
1776678341.612093 | 1 1 1 1 11 40.90009597469146 -72.34992768121124 11980.066053141869 -0.8200638206798265 0.3633149286882855 11.883719627519618 -4.971512316097803 -2.3207603889340334 120 -9.827168245168426 653.0576704285677 11971.882621060102 -9.997572604673728 47.62562911447089
1776678341.7150915 | 1 1 1 1 12 40.90009530210029 -72.34994538965746 12104.057014942178 0.5890875345975084 0.563361876296397 11.896971694495758 3.7854281476744163 4.905689025319052 120 -9.683930453307095 649.2576171921012 12088.94545339277 -9.534142035352941 56.66776616493718
1776678341.82809 | 1 1 1 1 10 40.90005445973996 -72.34997339287396 12231.48577193775 0.15438227100721558 -0.4831302467473264 12.890861170128002 0.4390602276885627 3.671821065141758 120 -9.969592067199786 645.1550871612901 12239.601767107557 -9.528098529856006 33.72669335484574
1776678341.9450881 | 1 1 1 1 7 40.90010294571708 -72.35001997535014 12361.336339680012 -0.5867237891355759 0.32784211280271003 13.822435701177024 -0.12725024420985687 -0.7336314809669533 120 -10.076935022921264 641.5468473753026 12350.945194140548 -10.542729043083547 41.20737882389784
1776678342.0460865 | 1 1 1 1 9 40.900134992419844 -72.35000380300188 12477.111411999605 -0.3342963030035344 -0.5289129042788083 14.056193357460165 -2.2684812853733707 -3.252068306091255 120 -10.230151672232088 638.6527785321698 12471.5051319764 -9.793526641151205 39.42709036280112
1776678342.1470854 | 1 1 1 1 10 40.900111741449564 -72.34996113832246 12600.294299278301 -0.4399663739340185 -0.6544697092605312 10.388114432592468 0.3353081036884076 -4.559756111933484 120 -9.31555072130793 635.6227593880793 12617.828538130176 -9.389112889780906 68.82974533631705
1776678342.2510839 | 1 1 1 1 6 40.90006391308495 -72.34991268640947 12718.869156180546 -0.1700409889017862 -0.42641243819611185 14.737381501812965 0.9724332829780877 -2.6850731201889735 120 -10.58724894546414 631.8367061352884 12726.388259773632 -10.844288812527923 47.065658679304086
1776678342.3530824 | 1 1 1 1 6 40.90010424713284 -72.34994616021928 12837.320179175877 0.6122108838048059 0.8339407275195512 11.258904304387839 -2.0239125196663252 -2.164094549739355 120 -10.414084232581867 627.8156568221897 12854.871165824721 -10.31608854112537 53.71559737543747
1776678342.454081 | 1 1 1 1 10 40.90013434597013 -72.34996053058944 12950.719568554727 -0.9468152018585945 -0.33463044960826593 9.766793532463813 1.8985446353685562 2.8576375118889263 120 -10.2106468703038 624.8087201565053 12955.677453200627 -10.287997501126863 33.4628824235338
1776678342.5560794 | 1 1 1 1 9 40.90016169298402 -72.34996138105318 13078.122160872914 0.8906086718574213 0.7300803444318091 14.891638057765707 -0.6296895675377652 -2.095939199096791 120 -11.744388363222502 621.1512967568965 13077.662370335458 -11.848732372018482 42.28963147675924
1776678342.6600778 | 1 1 1 1 7 40.90016361935676 -72.34998388304288 13204.797473177632 0.8999331346884931 0.580110507369173 11.481307848926072 -2.7107593255836426 4.851394977139336 120 -11.327621392070894 615.8726483959067 13198.0650234602 -11.309057017021528 61.84402289739138
1776678342.7610765 | 1 1 1 1 11 40.90011595807533 -72.349977211226 13325.59040090905 -0.3754957648346815 0.9893848813962394 10.484393875490637 4.250779495903194 1.2603575239666434 120 -11.588867399551834 613.480235732274 13333.999573380366 -12.005623860742094 58.67720721706725
1776678342.863075 | 1 1 1 1 12 40.900151980228834 -72.34998096152528 13455.429296122313 -0.6864789202478458 -0.9938968033626137 12.613275032143694 1.6365716190692714 -0.7683632821706432 120 -12.775089730271247 608.7641098083498 13467.727797457657 -12.481670963214073 68.71085506790205
1776678342.9710736 | 1 1 1 1 10 40.900128148306884 -72.3499566334878 13570.011357677202 0.8421233640771812 -0.9404914442470085 12.823234480613735 -0.8452223915637411 4.0370068809679385 120 -11.530678254043425 606.3328710359799 13584.829304279625 -11.54984554911648 69.33639155963054
1776678343.0740721 | 1 1 1 1 7 40.90012011545796 -72.3499166351197 13691.840640643619 -0.8020314308181511 0.7856941936924746 12.665140334389164 -4.172227303219662 -4.562481438976826 120 -13.23276337151296 601.510637814359 13695.006622438028 -13.116962471490957 37.73144735555408
1776678343.1750705 | 1 1 1 1 6 40.900133088591765 -72.34992908712461 13805.483998219432 -0.045264043802377474 -0.3389651182267508 13.302712172945778 3.3246208537536965 -4.921072578685983 120 -13.188909710265783 599.3631608802283 13803.569929702648 -13.661540435267725 58.05084865098896
1776678343.274069 | 1 1 1 1 7 40.90011296312869 -72.34992705442473 13925.646824033645 0.09991814925502629 0.46122686823298786 9.86683437656526 -3.9387055453365183 0.9452268633669991 120 -12.892928041504867 595.5492151561242 13945.160126016537 -13.072250718540307 68.78197655830243
1776678343.3730679 | 1 1 1 1 8 40.90010022497827 -72.34995881795919 14042.10323007965 -0.9055473206935905 0.5393469246702176 14.578436501649808 -1.758793028026131 3.3435640404501026 120 -12.670644366464723 591.5031998916911 14058.944003761182 -13.146428447600817 46.91421263367205
1776678343.4730663 | 1 1 1 1 9 40.9000758696769 -72.34992332569031 14165.428326105322 -0.41408399372145244 -0.1665856622692503 13.43867814125312 -4.46999054965487 3.7571011368974574 120 -14.076937484535128 587.9690345069718 14182.013813464115 -14.28738201436924 38.095014771285705
1776678343.574065 | 1 1 1 1 6 40.90010120198282 -72.34992161755912 14292.240085650212 -0.6209274990454752 0.6043012672759251 14.263347407602222 -2.084830072817484 3.894245458333481 120 -13.06259454576805 585.105768197092 14280.838906270596 -12.758878995546194 59.12691955836298
1776678343.6780634 | 1 1 1 1 9 40.90011496645001 -72.34991179205288 14422.123336781402 -0.020640456206823643 0.500544155335549 12.940841938073834 -4.212329683625024 2.109555764262855 120 -14.314548482001538 580.6534675376598 14441.471052642963 -13.896342070626078 45.63048390032819
1776678343.781062 | 1 1 1 1 9 40.900110746929684 -72.34986609401622 14534.667755136823 -0.511080003565727 0.39413706502052737 10.754412784978642 0.7790254420075353 -0.07191366462369153 120 -14.320677530457353 577.6321004311525 14514.80079614797 -14.650473805466234 50.64219787972413
1776678343.8830605 | 1 1 1 1 8 40.900107151167155 -72.34988031986289 14661.97735209185 -0.657417025956839 -0.996474196668258 11.990638445523587 0.38471268230428457 1.6852544866565013 120 -14.314140081247423 572.7378912641858 14653.15506941774 -14.755863144631897 50.22190978205194
1776678343.9840589 | 1 1 1 1 10 40.90007348912835 -72.3498811046208 14777.21700285176 -0.22110186007448163 0.2625998907156448 13.874375818212403 4.270552295082977 1.3000085506526897 120 -15.540630093982118 569.5351082392591 14783.416618418767 -15.471636415177793 46.976671252779994
1776678344.0930574 | 1 1 1 1 7 40.900121024211444 -72.34992548305803 14890.684497650243 -0.8951569247402191 -0.1469014574869183 11.389657671534001 2.8681992145872304 -3.75545766406273 120 -14.677464235098938 566.8386341276935 14903.806634585335 -14.508327960764575 69.82804214853704
1776678344.199056 | 1 1 1 1 10 40.90011228945483 -72.34988005867763 15010.737848901972 0.40164092202854196 -0.8982201504166865 9.185158841886675 4.736134505573448 -0.5831696421995547 120 -15.524310457505633 563.3987841954685 15001.567839189354 -15.852695072989782 69.64501529901615
1776678344.3010545 | 1 1 1 1 9 40.900094206467486 -72.34987339104237 15135.187360200607 0.9932629693022312 0.8389099758757057 9.722158508233726 0.01175937505055824 -2.096500110965076 120 -15.115339087933627 559.867045065337 15139.081243643102 -15.14381823847654 33.1698488018038
1776678344.4030528 | 1 1 1 1 9 40.90011818840751 -72.34982661590396 15246.589656308237 -0.5125938677351345 0.7876137448909963 9.171680165161106 -4.451871538373828 -2.3618198483866895 120 -15.87448712296809 556.3858722185212 15259.337773977175 -15.51070276266811 49.41692854448567
1776678344.5070512 | 1 1 1 1 7 40.90008584388008 -72.34984750711591 15359.679782915511 -0.953372539642569 0.5372007913683654 13.356335555194022 2.757616636807536 -0.18750172573064283 120 -16.238156114391323 552.3690033871065 15350.381522217154 -16.184283913382384 53.62084289980634
1776678344.61105 | 1 1 1 1 7 40.90004075988799 -72.34982144319991 15474.88110269823 -0.128379614214005 0.24617335622462289 9.303632533039387 3.0763399308889774 -2.3417456706462856 120 -16.131247783506986 549.5143586465035 15459.013078118856 -16.536579692211784 56.05582316183088
1776678344.7140486 | 1 1 1 1 7 40.90003220399133 -72.34979295405135 15602.461897511017 -0.7601433527497701 -0.47825104534181584 13.824306644877584 -2.7653154514381817 0.9146637836652403 120 -15.355093355678976 544.4555532559851 15612.410589028705 -14.99485967600353 43.27199776184826
1776678344.822047 | 1 1 1 1 9 40.90007739870245 -72.3497443141986 15729.210124900845 0.08738838005203942 0.4202238179126361 9.451882866154966 0.9663385073437158 1.046135682818969 120 -15.916351156656123 541.542663045672 15733.489591420595 -16.1063464347913 62.961209030927606
1776678344.9250455 | 1 1 1 1 12 40.900092212693075 -72.34969573329816 15844.882495240481 -0.6466986938645953 0.4599835657171889 12.595771581747954 -0.6304978866228055 0.2853832469065001 120 -17.598670388844496 537.6445290681095 15827.840162575461 -17.980789260852738 51.894034319912656
1776678345.0270438 | 1 1 1 1 10 40.90008072438482 -72.34967919510572 15959.28087485708 -0.6369929839866355 -0.3128312440649508 13.283880662055925 -0.3047502495214296 -4.790267257751175 120 -17.075938248290434 534.223024269822 15970.021817055678 -17.09514466936038 57.690474191074365
1776678345.1290424 | 1 1 1 1 11 40.9000367563929 -72.34971344289744 16070.063562585618 0.10068147592792664 -0.08613948226746193 13.349915427992466 3.6285909974408277 -0.2421425070658758 120 -17.244277894370303 531.79872251868 16063.65607133408 -17.652321314370006 52.44126443885574
1776678345.2460408 | 1 1 1 1 9 40.89999250329632 -72.34967487397739 16188.137051766962 0.5095292767466484 -0.752615962599404 13.339416462532316 -1.6964121687100264 -3.090913378207972 120 -17.706112090785453 527.9563222613981 16175.714610565205 -17.38793242641655 57.36476273277611
1776678345.3480394 | 1 1 1 1 7 40.899988783342266 -72.3496641130228 16298.732577336834 -0.05378586319734224 0.02946437672060931 14.846474722686523 0.8581239553064606 -4.827393585921222 120 -16.986904353158216 523.0940079998435 16292.000422152554 -16.920521126897604 41.5649445879922
1776678345.4490378 | 1 1 1 1 12 40.89999322441747 -72.34962974733489 16424.670679070925 -0.8250716567035201 0.6351029297834965 12.134423439933387 1.971392305460963 4.511251133671147 120 -17.07842849734072 521.2544244662593 16405.18566292481 -17.258108807607815 56.240006009599625
1776678345.5540361 | 1 1 1 1 7 40.89996469673961 -72.34966520905674 16544.68237670931 -0.4239669935055397 0.9288060500221789 10.950226386355391 4.589848985313916 -4.828691737269377 120 -18.844607348161126 516.6506107267215 16547.272770092266 -18.49418641923683 58.07000970137278
1776678345.6570346 | 1 1 1 1 8 40.8999201956428 -72.34966364392062 16656.090449417658 0.7569050997133124 -0.9268520438069128 10.89032298084261 2.6422681310666984 -2.738201322699622 120 -18.564802333286544 512.8716495823 16660.78210397266 -18.365534342883777 59.26187130544143
1776678345.7730331 | 1 1 1 1 10 40.899941911987824 -72.34969709720292 16779.603701192267 0.21772788265734078 0.20197531621770493 14.097370359151208 -2.652658562631145 -4.898350187194759 120 -19.256428466254217 508.67036010510617 16785.25100573754 -18.81643970866954 39.88976638887351
1776678345.8790317 | 1 1 1 1 6 40.899964595808896 -72.3497223215144 16687.554395017203 -0.5765047035896405 0.19675201834314304 9.321532279586208 2.9197916498733196 -1.4603214164893972 -90 -17.625136354461493 511.57189881282204 16679.210098158597 -18.1138791178226 56.982739991658626
1776678345.9800303 | 1 1 1 1 6 40.899936291727855 -72.34971108045028 16591.448842384085 -0.7177113497744279 0.09962748509349262 9.84593580292889 3.7090272983441093 -2.7827146035236194 -90 -18.94944629350045 515.5947096032564 16589.01787151738 -18.717091225797944 37.10337687271285
1776678346.081029 | 1 1 1 1 11 40.89993708256882 -72.34974159257638 16505.506740472072 0.3013961827856815 -0.24489654642732184 9.46180973042299 -1.7973248998150937 2.905556514879965 -90 -17.0679486518163 517.6690786025089 16498.361576571217 -16.864803876893856 62.797865624524704
1776678346.1820273 | 1 1 1 1 9 40.89998374388621 -72.34974429123002 16410.246396705636 0.14957483636757285 0.28621471482440475 8.140076277672776 -4.291673836465183 -4.9880305457536975 -90 -18.666443831689616 520.8251409540172 16415.862330927277 -18.585029172851826 38.960555155364865
1776678346.284026 | 1 1 1 1 6 40.9000205943029 -72.34972120618846 16314.108362757399 -0.5906059372452754 0.37748213823319277 8.436643014883602 3.689984202436614 4.560831658347269 -90 -17.636010529426642 523.2997488079435 16321.220280517126 -17.602690284405504 30.55402599192737
1776678346.3840244 | 1 1 1 1 9 40.900031206102234 -72.3496899473442 16217.903109562656 -0.3408658624779841 0.5654103844923042 9.233292748873804 -0.8496897283741109 -1.3808045026692972 -90 -16.83659522566511 527.2838893476904 16199.229772814946 -16.826912093620003 65.68428872936082
1776678346.4870229 | 1 1 1 1 12 40.90004352665442 -72.3497258627889 16133.788207995913 0.7168150580249859 -0.5737850194587337 9.796731286220174 -2.760810648346511 3.8823424253372902 -90 -17.162708659310514 529.841320603267 16116.532492586493 -17.526570281434026 61.9547034116934
1776678346.5930214 | 1 1 1 1 12 40.90003745017276 -72.34973737465276 16047.100340259072 0.7764905083403812 -0.7804482847675849 8.348304159385957 -3.5592281832897465 -1.0480510240045602 -90 -16.198345965064206 531.6090003349788 16042.690721763047 -16.120647995434364 33.6957643470484
1776678346.6970198 | 1 1 1 1 6 40.9000317403038 -72.34975025867242 15963.71511282397 -0.12812787752417032 0.16229648209183556 8.222836315516446 0.22557183739412867 -2.1429588373743904 -90 -16.74843594698228 533.1173733591844 15944.379178976802 -17.239484010386036 61.46863780462401
1776678346.7990184 | 1 1 1 1 11 40.90000707162059 -72.34977233726725 15881.688651922224 -0.6930825162843897 -0.5035102686061557 9.167234391862372 4.921153464678763 0.09859475716680244 -90 -17.506222921186694 537.4864240833466 15874.331112286694 -17.09661972478521 50.69113857830054
1776678346.9210167 | 1 1 1 1 11 40.899999152919 -72.34976487699997 15796.9724630462 0.2532304180501448 -0.3755094432563606 8.665603183072875 2.451557240764223 -1.55625424741027 -90 -16.56437793577004 538.4743201246621 15778.287123033497 -16.528625728953028 61.53647600342049
1776678347.0310152 | 1 1 1 1 6 40.90004439181177 -72.34980837234545 15712.98309212311 0.7925915516924082 0.3834817786932301 9.620653465802652 -2.7951949214970018 -3.250816495644653 -90 -17.3810350783811 541.9529227072624 15700.025738966011 -17.637442104122318 41.146775568574455
1776678347.1360135 | 1 1 1 1 11 40.900052213603615 -72.34985044128872 15625.561490170414 -0.41563380854879894 0.21950755429061952 8.125817607180002 0.8950561640463626 -1.4148261422486796 -90 -15.761931081384825 543.4995713916384 15627.950191143107 -16.19328364109324 60.253917296097356
1776678347.238012 | 1 1 1 1 12 40.90006472856957 -72.34988701686994 15545.323077123365 0.09307366272315609 -0.45142537674794614 9.737998725322168 3.689995623395067 2.5259507252351145 -90 -15.340072626047895 545.9564575658151 15536.592461862458 -15.481504950674857 55.91060409471561
1776678347.3400106 | 1 1 1 1 7 40.90006428144685 -72.34991105727097 15453.675063583176 0.07698548713221665 0.35360331514584353 9.95119257457072 1.6435830406355159 -2.002424227038965 -90 -15.310098250580506 549.2389560292714 15463.761856158128 -15.285034440853142 41.40246977556072
1776678347.447009 | 1 1 1 1 9 40.90010811092002 -72.34987590410815 15368.197461462642 -0.5355265916113492 0.20092760869575543 9.353691866780654 -3.7897052050195814 -3.2316541601498616 -90 -16.661943012738796 552.8212155081131 15372.732558091024 -16.874513898813987 52.32133695638055
1776678347.5500076 | 1 1 1 1 12 40.90010861485892 -72.34983804807807 15283.603681840685 -0.6368616109526022 -0.13233168243991922 8.38900167292012 3.972859106794493 1.466881729274081 -90 -14.66402336454634 554.1732326448564 15288.89027339373 -14.511130672034856 54.7594652836228
1776678347.6520061 | 1 1 1 1 7 40.900156332379346 -72.34983540938295 15200.863800977553 -0.36717981377932585 -0.6599944662420558 8.543827131806507 -2.262365432212178 3.5035616208498315 -90 -15.371540344269302 556.3233589655117 15211.60681310765 -15.022621230498848 57.24151368154817
1776678347.7550046 | 1 1 1 1 11 40.900131071953496 -72.34987036618666 15113.99551176631 0.3709913397150342 -0.3648833923212762 9.77306082640755 1.4195902225139552 2.1665139409558787 -90 -15.336048461587712 560.2709066540115 15117.185400538994 -15.63276449767163 58.27819448378388
1776678347.859003 | 1 1 1 1 12 40.90011694188344 -72.34984000727701 15016.83667384921 -0.49710971843856067 -0.4674986882546881 9.76796803204128 -4.694417516984829 -2.6857922432950443 -90 -14.389835653612149 561.9337551814248 15009.204478768068 -14.37472464743948 57.25922194810723
1776678347.9610016 | 1 1 1 1 9 40.900136938646256 -72.34982141328607 14917.302624732287 0.6724025454688731 0.6176379107884749 9.26632022239849 -4.86297768148315 3.0985597282265527 -90 -13.97876344280262 566.0804368468685 14901.283826529683 -13.701306455854922 42.90124614835592
1776678348.0620003 | 1 1 1 1 9 40.90010838890636 -72.3497971897332 14828.702930685145 -0.6522028109722671 -0.8274038906304639 8.623057924568629 1.0496230560307795 -1.9084156562696175 -90 -15.64841584922173 567.7453276862517 14814.403514805086 -15.98473711046298 38.038872491764565
1776678348.1639986 | 1 1 1 1 12 40.90012489373439 -72.34978985046688 14734.386085010132 0.5438990831775687 -0.0027903299284537386 9.968786363496289 4.038983570073308 4.365478238778488 -90 -15.363273599689858 570.0228148951439 14722.812966479656 -15.32445788265911 68.11140022971881
1776678348.2649975 | 1 1 1 1 8 40.900090980889246 -72.34981706704286 14644.209414935365 0.7465592826626384 0.5226091725535618 9.052696591604922 -3.996388861836495 4.415260926515982 -90 -14.391791116600881 574.1614690694173 14659.780077250884 -14.819006757538917 48.6193904319441
1776678348.368996 | 1 1 1 1 10 40.90005186480843 -72.34986033193135 14559.565176101076 -0.22231075019956625 -0.3970853713617184 8.338548929165647 2.352929424103083 0.4434977080811162 -90 -13.658758198174299 575.9827763243576 14550.395935656212 -14.018707106586143 50.051065045632605
1776678348.4729943 | 1 1 1 1 6 40.90002857147402 -72.34989800315337 14462.542295383979 0.19638528719708148 -0.75762003655978 8.842642122346206 1.4893963302268158 -4.6659366495201215 -90 -13.492573752028541 579.3627559083975 14462.575105318687 -13.216373687024099 64.07869742668773
1776678348.5989926 | 1 1 1 1 8 40.90006292755298 -72.34991799973902 14379.823847842968 0.2326331234189476 -0.6034292436066828 8.307682444233986 -4.240794711376071 -4.329759638622459 -90 -13.967708288644053 581.2451167910664 14378.655162953639 -13.626956769701874 51.35165741222569
1776678348.699991 | 1 1 1 1 11 40.90002411563543 -72.34992140704819 14284.924731942856 -0.545948092695905 0.19002075701158905 9.165381214521252 2.860821735794282 3.361972379063115 -90 -13.352978032624302 585.1867664670082 14289.578448276876 -13.073347722364243 56.41076951371083
1776678348.7999897 | 1 1 1 1 12 40.90006339862416 -72.34992207406253 14196.189124537595 0.9861263344277076 0.7747161217642091 8.803704106943318 -3.5218727394254525 -2.3440280400802083 -90 -13.590856640998583 588.0433637691802 14199.030871156887 -13.54820299707336 50.98092678765825
1776678348.900988 | 1 1 1 1 6 40.90011132325192 -72.34991242964746 14101.3811595629 -0.48401267857076347 -0.5566128313862995 8.39209743969868 -1.3176495334201688 4.542334338624244 -90 -13.204032405037088 589.4421980400508 14083.628210167988 -13.327256937013638 60.18580819145389
1776678349.0019867 | 1 1 1 1 10 40.900150724723396 -72.34991130892166 14019.846955682495 0.22149150062468403 0.052326197958832976 8.189199651631533 -3.1530253275105435 -1.1161277273210346 -90 -12.067278264053886 592.8583173902923 14006.885254916553 -12.556317151995996 63.7628572463182
1776678349.1019852 | 1 1 1 1 12 40.90019087751575 -72.34992326257564 13936.707603082612 0.5806238314119887 -0.9233339485675192 8.415362283709161 3.432698357299561 3.25935911567554 -90 -12.857392847133815 595.5520221880192 13919.591172632883 -12.443677457406956 35.68631579879889
1776678349.201984 | 1 1 1 1 7 40.90018551405282 -72.34996874288947 13837.538080988525 0.423005610243564 -0.5171152237472108 8.618428878196415 3.715188813976342 -1.190073841179724 -90 -12.291385830053382 597.2320762873313 13850.6937151998 -12.106061539365127 49.08882081673106
1776678349.3019824 | 1 1 1 1 10 40.900195825999305 -72.34997224589836 13752.740224843516 -0.9025592872671089 0.7111342189066296 9.477528026175092 -1.0931192597032213 -2.1255367081839216 -90 -12.68598231912005 600.1467396418426 13746.451096264556 -12.43724004023507 49.584587391731056
1776678349.4019809 | 1 1 1 1 7 40.900220968298164 -72.34993899527193 13659.09004354473 0.5881414310476503 0.7976836160996748 8.942861934514314 3.4539211932847618 3.8407004224174877 -90 -12.088926279297862 603.2476277075998 13641.236822740817 -12.38375280982652 42.2908225831962
1776678349.5029795 | 1 1 1 1 12 40.9002669957885 -72.34993333271788 13570.42667171883 -0.6684841030028743 0.3774198264546764 8.335500431093088 4.042246644722869 -3.76804166781879 -90 -11.579913183299624 606.6749850669678 13587.329955057772 -12.079680235158843 31.80343566653006
1776678349.602978 | 1 1 1 1 9 40.900281001988674 -72.34992125727307 13471.60173138028 -0.9206063253294106 0.3571579570867809 8.317025686233247 -0.4779487317131892 -0.3224349632368382 -90 -11.83668520162421 607.8704098140994 13475.952297578611 -12.14075374221321 40.86123652572621
1776678349.7119765 | 1 1 1 1 8 40.90030083987138 -72.34991165267577 13377.53707918886 0.7130843680809142 -0.7667236619543385 9.20575322642186 -4.358035406081772 -2.338115282326525 -90 -10.952110304839392 612.4809950864818 13393.739265501805 -11.269743058291194 57.600715192202685
1776678349.828975 | 1 1 1 1 6 40.90034116140151 -72.34996068912763 13280.335354796627 -0.570621619737046 0.5244415338726569 9.389594689101777 0.6463149931047871 4.160958563012533 -90 -10.849147150538997 614.1700356812529 13261.535182307423 -11.273581944935424 52.512162788822344
1776678349.9319735 | 1 1 1 1 6 40.90032807018418 -72.34991645527317 13194.966738087636 0.6915030385324987 0.3456988455063026 8.291063453166249 -3.8261980828338515 3.9120188376376053 -90 -11.163256684973613 616.8309432475311 13199.90642736105 -10.97204341917396 53.67566732818465
1776678350.033972 | 1 1 1 1 8 40.900341010976454 -72.3499276922988 13103.463768527852 -0.7278740291815269 0.444825621364362 9.92505089166379 -4.799703207742006 0.044150755868984426 -90 -12.147358647432442 619.4284940743148 13109.101802528607 -12.334458534672455 50.624089379125905
1776678350.1349704 | 1 1 1 1 11 40.90035595559244 -72.34993231294989 13016.899192177632 -0.27481061826046127 0.6858341140733386 8.557210420173924 2.934307646872556 0.8871843107494657 -90 -10.50520131411748 621.8730507714954 13011.01801937998 -10.008873443043365 47.1039320914352
1776678350.235969 | 1 1 1 1 12 40.90034025337036 -72.34989307652597 12932.65837603834 0.11385178615527547 0.5000169596940862 9.087048200421275 2.6087662949179684 4.324713701814403 -90 -10.723743336431651 625.9221409944498 12918.242196619707 -10.287508662974787 53.61098150572988
1776678350.3369677 | 1 1 1 1 6 40.900324970501764 -72.34988754206529 12844.965035316864 -0.2246864614160311 -0.1493434574870791 9.379623599063459 0.12735733125095372 -3.4342874527707545 -90 -10.632685565533967 628.0885826797095 12849.645969604653 -10.370486766825499 67.85098331648194
1776678350.438966 | 1 1 1 1 12 40.900294179131784 -72.3498952014028 12760.583514080621 -0.18536837477032098 -0.04851483424989822 8.117341311751376 1.794438809940278 -1.4534231592117228 -90 -10.531908046176873 629.7488372193817 12754.20661503929 -10.89670822434857 53.75035526442209
1776678350.5409646 | 1 1 1 1 7 40.900255178907834 -72.34990894662812 12661.518723997979 0.5550839375005707 0.6039706688743882 8.045434041764594 -2.902199254446457 0.5389300206684524 -90 -9.771784533987326 633.0763879611744 12656.523861539188 -9.800794068675401 56.15317500883317
1776678350.6419632 | 1 1 1 1 12 40.90020880119209 -72.34987132893642 12565.781719081522 -0.17593928923113267 -0.3204176192060515 9.870469109284931 3.200223978271559 0.22565306481102176 -90 -10.005142123547044 636.7782549042499 12548.11242892885 -10.22134428467199 39.903882504112346
1776678350.7419617 | 1 1 1 1 12 40.90022708056394 -72.34989417999125 12478.727501975685 -0.643330754816847 -0.1227147337436274 9.935394010779671 1.093305885010155 -0.01743929226160823 -90 -9.589505733320099 639.1076697288878 12491.401056785367 -9.114122727418108 39.11938529525794
1776678350.8429604 | 1 1 1 1 11 40.90021933397141 -72.34993339229824 12390.831635513996 -0.1374204344077774 0.48704216109577203 9.127170192559968 -4.553348414420676 4.854410521362535 -90 -9.612141388088732 641.0305228676236 12402.276278327132 -9.856647484552832 55.0909123753633
1776678350.9449587 | 1 1 1 1 11 40.90025988489179 -72.34992537705276 12296.063836462525 -0.660540823352552 -0.560077505119055 8.069325696770278 4.168706741804259 2.170598921917647 -90 -8.902206638752103 643.2427128753773 12298.716550655448 -8.809204023481701 47.29773662676057
1776678351.0459573 | 1 1 1 1 6 40.900227166057284 -72.34994222891501 12206.30484627974 0.9196650391861603 -0.9891993165227424 8.300359886485792 -1.2167575337193504 3.67207003676398 -90 -9.483770362461247 647.2138719885108 12216.346081829282 -9.215621157669146 33.46931757477402
1776678351.1459558 | 1 1 1 1 12 40.900209818167 -72.34996157983404 12108.42365435889 -0.9453711227322352 -0.6534793730444937 8.056880764139478 -3.286984146593311 3.491450313814795 -90 -8.700390624344974 649.8331178905951 12122.98335517495 -8.54518639936699 50.28484754584045
1776678351.2499542 | 1 1 1 1 12 40.9002217276683 -72.3499764006767 12013.358136866 0.8083371291431931 0.417421569246172 9.177680605767868 3.7933726087207535 0.11636613186135758 -90 -8.305116181911579 652.0496037435798 12002.645408862287 -7.930979424824416 38.411045320566785
1776678351.3539531 | 1 1 1 1 7 40.90023207170296 -72.3499418123572 11920.255535382199 0.12408788565498097 0.19366598561897264 8.362411979521264 1.3578243252042865 3.528857032725446 -90 -9.317838018199614 656.2890928099736 11910.937135032867 -9.462883502093753 53.929746339114516
1776678351.4969509 | 1 1 1 1 11 40.90021754948103 -72.34991408508735 11839.234809818949 -0.04729683463907697 -0.08424007296431668 9.755273134202785 -1.1379681588075066 -0.005177953947369751 -90 -8.82700459423019 658.4765136296503 11836.077096189012 -9.045798396451662 55.41995642048283
1776678351.6039493 | 1 1 1 1 8 40.900238399637864 -72.34990605236075 11753.331905019304 -0.41655026345913093 -0.4340453893737548 9.961182654294586 -3.7983153544834583 -4.247544917031222 -90 -8.519370152799794 660.7562998986648 11735.276421067838 -8.548770993065537 58.53770760262906
1776678351.704948 | 1 1 1 1 6 40.90020074244385 -72.34986394302827 11653.874504386931 0.4314743406208783 0.5945966852108244 8.862830881377832 -0.24090592148122614 -3.5398121054940814 -90 -8.957497020644176 662.6512210290306 11634.340723320383 -8.73733152690254 35.77669918746269
1776678351.8049464 | 1 1 1 1 9 40.900200296208425 -72.34984852374751 11559.897363255533 -0.2045183523682088 0.22653861559879762 8.678875263267175 -0.015036036929134688 1.1014297553466248 -90 -8.594162245486665 665.5141409000156 11540.119470566424 -8.419742313916498 42.64023752258757
1776678351.906945 | 1 1 1 1 7 40.90022695028099 -72.34988200541687 11474.134616587682 0.34701921938527747 0.233338939637884 8.194080262522762 -2.0961390135480364 -0.5867039142290782 -90 -7.096065495940033 668.3488939280877 11472.617991719879 -7.189044687524026 41.36058210622424
1776678352.0149436 | 1 1 1 1 6 40.90019587782532 -72.34989955171075 11374.526073021634 0.38575711528009804 0.46513520463404 9.32573201264676 -1.0418372139878738 3.903375387209959 -90 -8.062010728403475 671.9105245600691 11387.541833679992 -8.483507543604702 40.5724306727947
1776678352.180941 | 1 1 1 1 10 40.90020592972221 -72.34988014008844 11292.209088663572 0.26087057214587905 0.7255384193909622 9.126792334270496 0.5113362686353682 -4.754004387509225 -90 -8.162691118428974 673.5353053810063 11272.745889108053 -8.415831946625465 64.632394778359
1776678352.2889395 | 1 1 1 1 8 40.90021494470979 -72.34983619991176 11203.137238846166 0.09098290204808457 0.6059609838322797 9.751110459830759 4.117885798313193 -4.922614542885513 -90 -6.7741573362124345 676.9807713456488 11183.619894513338 -6.769574744449525 47.621494411031236
1776678352.3899379 | 1 1 1 1 9 40.900171798933215 -72.34984934284486 11117.602421545565 -0.29815211713170564 0.05865263424724687 8.62969630153446 0.2957604890971801 2.667584142875759 -90 -7.597291176697773 680.4573513780609 11130.571801050204 -7.1466346552503275 51.76632072300969
1776678352.4909365 | 1 1 1 1 9 40.900122996633314 -72.34987742859025 11026.174861879892 0.3675776894373004 0.06370034761080312 9.260150801593264 0.6803646189572596 -1.6616562037472504 -90 -6.157597932486004 682.4916072083089 11010.919070844695 -6.36232102268073 30.731980159205136
1776678352.6309345 | 1 1 1 1 9 40.90012037028763 -72.34991443107258 10929.327335948943 0.8166021379428419 0.5505792460191281 8.66121178230654 -2.621851938294796 -3.1002230779647078 -90 -7.680007883394943 684.7500831274173 10922.273840691494 -7.386242903531752 33.7658777079595
1776678352.740933 | 1 1 1 1 10 40.90014303962127 -72.34994557287185 10838.356548023425 0.7932601337789593 0.7944603793635805 9.386857432944216 -2.3960714551582516 -0.4073491249058927 -90 -6.57623463851546 688.0421324792184 10842.818323376181 -6.079655675671983 45.73359038613514
1776678352.8449316 | 1 1 1 1 7 40.90017731449534 -72.34990230634645 10740.7455992024 0.22569412745025508 -0.4915797910757185 8.505429309176053 -1.6327050311948934 -3.9234664967796773 -90 -7.435365976058922 689.9393209844048 10732.146672789837 -7.020834998450044 69.27181854979446
1776678352.9519298 | 1 1 1 1 7 40.90015263816683 -72.34989513703006 10644.122035813358 0.4570966125175189 -0.38904557603073586 9.77528766142959 -2.550136510486972 0.23410005956217095 -90 -6.3786493887753775 694.3488628057767 10646.672159200089 -6.198903670805002 31.857439015363997
1776678353.0539284 | 1 1 1 1 7 40.90016840117347 -72.34992922866836 10560.932311800905 0.5085489266007099 -0.1316808879678939 8.677890611382567 -4.674516062711901 3.685955306464498 -90 -6.424160183282826 695.8783733876696 10541.509706097911 -6.348335100705141 59.84870690543801
1776678353.1639268 | 1 1 1 1 6 40.90012684301587 -72.34991161647858 10469.689310324236 -0.5327723738708441 -0.7940670921459174 9.623101285669433 -1.1885650296155417 4.726330138309638 -90 -6.029751723091445 699.2916085515245 10483.936692200454 -6.428495358608429 67.14151515846677
1776678353.2649255 | 1 1 1 1 10 40.900160453359064 -72.34991401125522 10379.278047084475 0.44327499695812866 -0.5565453465964854 9.723717069375086 -0.4543058532087496 -4.364050265666897 -90 -6.273255803374385 701.8534922095355 10383.634910105167 -5.873352763513417 54.10726123663465
1776678353.366924 | 1 1 1 1 12 40.90011790116024 -72.34987731033831 10281.18570167966 0.13516876730232408 0.2656283273721496 9.969750906798392 0.022419024819996025 -1.7741850976559101 -90 -6.141576184660341 703.9759869120568 10277.280985676525 -5.7587158353918815 68.56709544914415
1776678353.4679224 | 1 1 1 1 6 40.90012311366621 -72.34989131984354 10183.158812097226 0.9526844916026644 -0.18355197320202166 8.05907565291563 4.204122248013375 -0.5885522912449392 -90 -4.5353903285492585 707.1574166176594 10177.19247599295 -4.530624776929483 40.66506410982754
1776678353.5679212 | 1 1 1 1 10 40.900113800659895 -72.34987656543946 10099.922854809063 0.9693752937777449 0.9478818671460896 9.911808321584394 -3.608738350937073 -0.7833466553350155 -90 -4.401660682186764 710.6648657508825 10100.833318536012 -3.998240741877214 50.50759344095654
1776678353.6689196 | 1 1 1 1 7 40.90014477384037 -72.3499248650511 10019.042948697206 0.7133240202662166 0.9076177602080284 9.021094320725126 4.17020872703649 2.534925861902268 -90 -5.614826564238322 712.8465055045335 10029.283960155282 -5.713273230929829 63.31659372147172
1776678353.774918 | 1 1 1 1 11 40.90017840472744 -72.34997348580906 9938.757717877334 -0.6966708142026345 -0.30463039808221537 8.978382495218687 -1.340574039644824 4.996110615270002 -90 -4.785460138183863 714.767152936605 9946.489959395853 -4.798805593595601 34.835831287307315
1776678353.8759165 | 1 1 1 1 9 40.90014864939545 -72.35001659488408 9852.798824510188 -0.06372410971601594 -0.8201151920250633 8.893948615350828 0.26846710691132536 -1.6948960718575288 -90 -4.363914626074287 718.2367165114713 9869.246260231075 -4.419553409577116 31.47633117002203
1776678353.977915 | 1 1 1 1 7 40.900175330273655 -72.35000029234612 9753.821886791779 0.2602627909205182 -0.7666058022036737 9.256666205386557 -3.1622485972021352 2.255430689711819 -90 -5.284943871294291 720.5698653506778 9746.798549992416 -5.599863792816086 48.219032970209355
1776678354.0789137 | 1 1 1 1 9 40.90019413117069 -72.34996282952045 9654.482719138832 0.17335056910352886 0.343163134019699 8.86020090536685 4.246043308340843 -1.5285568775070124 -90 -4.581553330602993 723.2225601896791 9642.290159125849 -4.493168534066776 43.674710780346004
1776678354.1789122 | 1 1 1 1 11 40.90019933493511 -72.34995795196905 9560.908270407203 0.3737350208077044 0.5537415211080967 8.583517909759435 -1.2142744014990257 -0.5309339578149448 -90 -4.378413056988919 726.3687411546636 9546.734331300366 -4.869808808701265 63.24068698300201
1776678354.2809107 | 1 1 1 1 10 40.90024638286649 -72.34996350265858 9463.231633062653 0.7319913053788338 0.6903959616931306 9.779594911089326 1.9009504194501652 1.1986012334598461 -90 -3.1179012111648596 728.4393030952342 9478.36239968695 -2.903891317063424 59.53534239474716
1776678354.3839095 | 1 1 1 1 10 40.90026022307408 -72.34994799996028 9382.175647465927 -0.7207200548634807 0.49522083136245354 8.635102233202009 3.5074268106987123 -2.9032943574166037 -90 -4.008941985287688 731.6658681550048 9385.327415689471 -4.469314166771633 54.56344993936324
1776678354.487908 | 1 1 1 1 11 40.900299037737994 -72.34999535568825 9294.037964775189 -0.8826857912079118 -0.23603254900840454 8.038409203527937 1.749924944770294 2.573480003946292 -90 -3.8640171218460986 734.5750287476175 9302.34373421204 -4.309563235006873 37.48059043225775
1776678354.5909064 | 1 1 1 1 12 40.90032321110664 -72.35000433608242 9195.413299763542 -0.8695468603762617 0.8598652283376684 8.669225636584352 2.139806942363035 -1.4739304149764996 -90 -2.936886482861956 736.5506516947614 9204.27421156486 -2.931827120023327 66.99234461557728
1776678354.6949048 | 1 1 1 1 8 40.900339642269465 -72.34999542735959 9112.86353253232 -0.5168126434456382 -0.6891433746182769 9.391002270854493 -4.351578052002505 0.5821776257368239 -90 -3.0855417920334824 740.4869800273487 9113.239486108847 -2.6556163760919658 33.01246471916003
1776678354.7989032 | 1 1 1 1 12 40.90029626090603 -72.34994765621879 9021.593652767608 0.3071927029597892 0.9794463034427656 8.069222645746132 -4.045332971739269 0.3745292449149451 -90 -2.0985811272961543 741.4480610267 9018.758598806977 -2.3276120498328643 65.11670224901152
1776678354.9019017 | 1 1 1 1 12 40.90029967961275 -72.34998693995996 8937.77520078554 0.9820293757355107 -0.35560898581736433 8.772472950668483 3.0944829760091626 4.4895367018435195 -90 -3.427216055679372 744.8297398030359 8937.517759880799 -3.7507450674257696 33.567360411203424
1776678355.0049005 | 1 1 1 1 6 40.900256187336 -72.34995526282827 8844.426177316323 0.7892597348726282 0.13911277505342268 8.802026435518648 -0.16195477046105022 1.3585158119927385 -90 -2.1404948118328275 747.7617802475885 8830.28227838457 -2.0553184319080646 34.35173722610261
1776678355.107899 | 1 1 1 1 12 40.90022244111004 -72.34995844921534 8762.191342045964 -0.33569641200363276 0.7071211383641269 9.399855172666149 -4.301203750079847 -3.016139915872661 -90 -2.994974383630951 749.9927097229316 8758.447435733076 -2.527678769997272 61.55840217042781
1776678355.2108974 | 1 1 1 1 8 40.90025291497154 -72.34995757707334 8677.313255903804 -0.4137274044117938 -0.5994565825886049 8.161134123233614 2.586413057140935 4.053249355826727 -90 -2.3849590227703645 753.3658185254293 8667.112226240437 -2.259139042185371 54.977818166676215
1776678355.313896 | 1 1 1 1 11 40.90020554663114 -72.34994232284505 8594.602520267568 0.7249845081642701 -0.732632836003716 9.099224196166608 -3.9507944988723676 4.900251188112728 -90 -1.4113035299777004 754.2248457545478 8610.114355600905 -1.0473683245222767 53.02897474878432
1776678355.4138947 | 1 1 1 1 8 40.900199168801194 -72.34991253768766 8509.681152334631 -0.8893425028767445 -0.14325273582914377 9.083690320015512 4.809468159449388 3.8349831059901565 -90 -1.212166186884529 758.3928689955992 8522.294420196295 -0.9206348231143275 31.043474439228508
1776678355.514893 | 1 1 1 1 8 40.9002425907456 -72.34995484596027 8410.44059470897 -0.3900259184868544 -0.999013595012626 9.438773796807759 2.171618494672268 3.1536152549101484 -90 -2.1802163634264375 760.7400745720056 8413.638162945977 -1.848464626199054 64.85007370259663
1776678355.6178916 | 1 1 1 1 7 40.90019636512823 -72.34994719423787 8315.662568310807 0.23083397407081008 -0.8019765682528375 9.747806619582425 -4.895624756681212 -3.684428116379178 -90 -0.8296262534763363 762.9889809034444 8311.994861167295 -0.4116921555711357 42.258924774370215
1776678355.7188902 | 1 1 1 1 12 40.90022872590993 -72.34989992390635 8230.917136078944 0.8691957184240471 0.23924134175649758 8.105184887885056 -4.833670241209914 2.631870396650772 -90 -0.7418303809900599 766.1860112382633 8244.609064749156 -0.5674850779308085 40.68621298664631
1776678355.8198886 | 1 1 1 1 9 40.90026565317984 -72.34992326454768 8131.731892343735 0.8799718445722764 -0.17856429580180033 9.72993251614053 2.4023359404518896 1.4125857652937022 -90 -2.219021895246567 768.1379468919621 8123.673655732616 -2.4860538203827605 55.266286197147885
1776678355.9208872 | 1 1 1 1 6 40.90026871735923 -72.34989255792264 8046.327745701782 -0.1953156268547671 0.9190248145564228 9.531181660194088 -4.545160650916809 1.879366875838321 -90 -1.202820698214283 771.4877573132405 8063.724494347141 -1.1790371410966243 67.77705721158381
1776678356.0218856 | 1 1 1 1 11 40.900291850975606 -72.34988902480062 7957.212509950763 0.23758921796549015 -0.30023046111453655 9.788268871315715 2.6456812455376255 -4.084657411235806 -90 -0.8760227625254073 775.0813677594116 7948.085120897577 -1.1978604094511307 48.7432360790773
1776678356.1228843 | 1 1 1 1 8 40.9002773729527 -72.34985776711292 7863.415981827495 0.6466406801488538 0.8650125317172341 9.338165986730342 1.165777466683413 -2.549057118236584 -90 -1.0716726309417792 776.3466175320941 7878.307105810671 -1.4811826096882996 59.28001752927369
1776678356.229883 | 1 1 1 1 9 40.900283223897084 -72.34983761354017 7768.595887272428 -0.8665591976231666 0.9888748276206885 8.33877718885483 -0.751669098596591 -4.761821048219382 -90 -1.2261682154806641 780.3223359454447 7749.583320764672 -1.1160264874385923 57.21842041047657
1776678356.3328815 | 1 1 1 1 6 40.90030789417703 -72.34981818046742 7677.247693055508 -0.4985460544292404 -0.9231136672930345 9.276425419893108 -0.5475834899559162 -4.405454213944626 -90 0.2015659786909676 782.1484518394453 7674.356149944208 -0.12701295474096252 64.08151483363238
1776678356.43588 | 1 1 1 1 6 40.900320255950774 -72.34982881657896 7592.059468115548 -0.4218099509421631 0.3782037069820987 8.321962230266 0.058667629991711046 2.2375645117912217 -90 -1.097543013731966 784.946170802221 7603.103970734131 -0.9826841461246449 42.04743125408061
1776678356.5408783 | 1 1 1 1 6 40.90036138758417 -72.34986385630945 7508.435255622529 0.7409890177080607 -0.9810264088663545 8.415420177965041 -0.12053147033488187 2.7311577125660325 -90 0.8550819572167621 786.8247235649826 7511.198055612095 0.5443013571926851 45.68797459327406
1776678356.6648765 | 1 1 1 1 10 40.90039848856227 -72.34986425191151 7415.135806721319 -0.29201486179829095 0.7622923561489177 8.619551186874643 2.9508150165040536 -3.835904278936014 -90 0.038122136716300714 791.4200264556031 7401.4976870457685 -0.05834615221570094 50.47531962610115
1776678356.7708752 | 1 1 1 1 10 40.90044066472852 -72.34981621667679 7323.907523193318 0.9270602578409273 -0.8778597669166681 9.843547793490615 -1.1734514410081545 3.756274116503377 -90 0.5246146721163247 792.505691321275 7329.652528305519 0.9202980793871856 60.73084677702094
1776678356.8718736 | 1 1 1 1 9 40.900404990142285 -72.34978247244976 7232.263786701367 -0.3866751807147262 0.7730605287008443 9.828747955239102 0.7627918871318933 3.428865219737114 -90 1.0162305936672553 795.6548014459481 7229.6471080403735 0.806444185393238 61.766753949795095
1776678356.9718723 | 1 1 1 1 10 40.90037198050021 -72.34979727374335 7147.771416237503 0.9383430497957719 -0.17509636200797885 9.903638421527567 3.9667156491148923 -3.5980398745461653 -90 -0.22629467219575683 798.8969599504478 7148.103608525175 0.0410395461934977 54.14419599319462
1776678357.0728707 | 1 1 1 1 7 40.90033792397775 -72.34984336562663 7057.410418196501 -0.8327989623947436 0.9450718027028835 9.756661335349676 -3.8812276758967923 4.807134423617253 -90 0.06576746137169232 801.5600413036104 7039.227371898095 -0.13078632776088117 36.34303514196649
1776678357.1728692 | 1 1 1 1 9 40.90031436097434 -72.34984356456873 6969.390021563709 -0.007466356130497953 -0.06346938449561024 9.420878743402227 4.762329380739866 0.8134791101269254 -90 1.2738175999008468 804.5446694239403 6971.913571393399 1.0342027134290945 49.53299209216988
1776678357.2738678 | 1 1 1 1 10 40.900265833343525 -72.34983386848131 6872.61229667819 0.20182511721305385 0.250456459204641 9.95486637889508 1.9009424979792247 3.7458003873741745 -90 1.6077612587423444 806.4567557628077 6885.040777446153 1.618574618223974 62.30125030944767
1776678357.3748665 | 1 1 1 1 11 40.90030828523643 -72.34986500944869 6779.930346020589 0.1656568784043715 -0.045441339369169276 9.013470269380994 -4.472024356271827 -1.6105557828956552 -90 0.52985491805085 809.5312689489612 6763.247105633481 0.5040815249113686 46.22174742424322
1776678357.475865 | 1 1 1 1 6 40.9003420288084 -72.34991380781162 6694.312083460069 0.6653046640849052 0.8045726297686362 8.617386742601381 2.427748526917151 -2.4760019826379507 -90 1.181681742331324 812.5699979546615 6690.588354863557 1.0211983467619403 31.18669313082102
1776678357.5768635 | 1 1 1 1 6 40.900350404769256 -72.34987069006138 6598.840044722854 -0.9533458533490657 0.7972863873955247 9.998969147335616 -0.10360002317842376 1.010682163104435 -90 2.644056346487604 814.7484268394302 6601.701410183355 2.4929708634993095 61.8824861075278
1776678357.677862 | 1 1 1 1 10 40.90034105121646 -72.34991952091869 6499.255472436405 -0.023711622517244013 0.00843004894461341 9.902879677974385 1.9017194149552585 -1.092787554137531 -90 1.9481988401008823 817.2425647796556 6496.3610214200235 2.232745868135329 34.57817622371583
1776678357.7778606 | 1 1 1 1 11 40.90036777646725 -72.34996702009578 6403.046537245222 0.553167842117789 -0.7764458583946205 9.31403385559318 -0.7141718689941765 -4.02689292323121 -90 2.3541226033226783 821.3092079698357 6418.890262735765 2.5167417295106698 55.345769183997085
1776678357.8808591 | 1 1 1 1 10 40.90036481888988 -72.3499773273464 6322.429908517836 -0.49080475635969467 -0.06394762631181616 8.881585786131563 2.865943423159618 0.45898433001034356 -90 1.773573288500611 822.3427344180578 6307.532876766347 2.16034712330971 32.485014021319685
1776678357.9858575 | 1 1 1 1 12 40.90035194102412 -72.35002067585373 6240.685640835014 0.2664409431896382 -0.9912108026072244 8.998242145744399 -4.307467062291814 2.8961484870973155 -90 2.2309850859599063 824.8311912921108 6242.336210501886 2.150689415245754 47.37251433541256
1776678358.088856 | 1 1 1 1 6 40.90037189341212 -72.34998472461756 6154.0863897015215 -0.6310267845060029 -0.24382394201404023 9.841419555323704 0.8158424730797078 -4.232494687812167 -90 2.3922373911664474 827.7464701952549 6142.713743475349 2.2261979720832823 42.26532783829663
1776678358.1908545 | 1 1 1 1 11 40.900407115448296 -72.34994014946056 6066.431068042332 -0.4396669058070979 -0.32959158584412385 9.583955745409627 1.088478759246927 0.676327090115616 -90 2.206378268985178 831.5690280866455 6078.4348153798255 2.416475388179372 63.74955215464838
1776678358.2938533 | 1 1 1 1 8 40.90037570654142 -72.34998199969615 5980.404581210077 0.6648092939535191 0.6204219885117181 9.702415256777833 -2.5873786477434866 -2.5776634082754333 -90 2.6105345037032563 833.4965763157393 5964.965005747978 2.8284080561932354 30.64224142178623
1776678358.4008515 | 1 1 1 1 12 40.9003847027753 -72.34999669238925 5890.104452040042 -0.6509848704032313 0.09857223793448444 8.91372890689616 -0.25130295706166006 0.9046991836937623 -90 3.773321972896628 837.1591840691539 5877.496613072731 3.7442815551735187 37.68212986681195
1776678358.50585 | 1 1 1 1 7 40.90039975183349 -72.34999721847757 5794.030237997149 -0.1209018522727443 -0.01216895688225561 8.684305320751632 -2.16665012626011 0.29886093309235484 -90 3.2545036619905066 839.8743131010293 5791.044268752573 3.7333825811735624 43.50973208344225
1776678358.6068485 | 1 1 1 1 10 40.90037912510982 -72.34996630459968 5700.357322864732 -0.43326823500048683 -0.4547670154440373 8.993251962540798 2.556484462092227 0.1529200566711335 -90 2.823329664679945 841.5145770374423 5704.414083233794 2.716933541965849 38.52117607701155
1776678358.7068472 | 1 1 1 1 8 40.90041668796847 -72.34998522104759 5611.402138033711 -0.8052841262974235 0.8147386414715747 9.574326025831903 2.867517321522394 -4.656013282621338 -90 4.0201217306783885 843.9960079763607 5611.859071852555 4.14446410769568 57.945007455960315
1776678358.8078456 | 1 1 1 1 9 40.900399288004614 -72.349993168787 5514.80080359108 0.008881314149649544 -0.44090053411765084 9.709227404178744 -1.3936667009296135 1.8456564748576252 -90 3.9882148064911984 848.2096598708418 5534.650198171821 3.584868835900404 42.39921424873431
1776678358.9098442 | 1 1 1 1 12 40.90039077110878 -72.3500383826631 5424.839104297495 0.34606978676146705 0.7747910484575642 9.601873144132409 1.5898789026096205 3.513382761618903 -90 3.60829759354636 850.4663456459599 5439.718859052961 3.5857253512942235 33.78809323555607
1776678359.0168428 | 1 1 1 1 9 40.90037333347481 -72.35006293200327 5341.833939497928 -0.5942573586812339 0.9751667362088818 9.069167993025493 -0.1475438725594671 -2.960474478458891 -90 5.017788564175739 852.3490485931734 5323.5761886490545 4.931426133424554 39.445098855144515
1776678359.1188414 | 1 1 1 1 6 40.900333821636806 -72.35008199661583 5259.415036189687 -0.8020024175192917 -0.18662812888353564 9.530302833460578 0.19648768469419764 3.097486479909474 -90 5.0475767399368365 855.9764527683898 5260.92530628532 4.986787902673573 59.32656771603768
1776678359.21884 | 1 1 1 1 7 40.900374328907915 -72.35011663390898 5168.970080121081 0.5420764190884546 0.7928018767035903 9.06042886551089 4.9196794155656445 -4.2687021606853515 -90 4.586779488544912 858.7436397254922 5185.25452581932 4.128165262231718 54.67185092854095
1776678359.3188384 | 1 1 1 1 9 40.900367715822796 -72.35008992627328 5069.8216304420885 -0.197021486497585 -0.8679102837831882 9.154624070412822 -1.2670867974771927 4.801058652307642 -90 4.010026317092122 861.0204628406892 5052.722197709317 3.779672906564665 66.31562863124424
1776678359.418837 | 1 1 1 1 8 40.90038201635148 -72.35013142517028 4988.252630947028 -0.02138796459380954 0.4259449385064986 9.253196282260765 4.012270893542546 -2.181218822740382 -90 5.1004134366794265 862.9796471024061 4991.618432712057 5.225076902667408 56.96907997924557
1776678359.5208356 | 1 1 1 1 7 40.90036414209703 -72.35010840693134 4890.742919529945 -0.2441232561739819 -0.6924851759758557 9.081806257377412 1.4967191868397434 0.4266816086999148 -90 5.028447317839949 865.8851446968439 4897.431236495817 4.72631895233313 56.72818497776007
1776678359.621834 | 1 1 1 1 7 40.9003208306189 -72.35011211070922 4803.823469374675 -0.8812507968116932 0.7423261340484804 8.25629744396589 -0.44841126633763295 4.225562477976295 -90 5.644599689492111 869.2940808668335 4796.823869443752 5.400804296620795 66.38522991142207
1776678359.7238326 | 1 1 1 1 12 40.90033218399238 -72.3500675646494 4705.846720587531 -0.38160465691642065 0.8311956535271945 8.068115372456784 -4.605357249530413 2.0844049038480117 -90 5.609476443966367 872.4680369130875 4688.379814319987 5.236249006390015 69.20145811447995
1776678359.826831 | 1 1 1 1 10 40.900341337636775 -72.350056248508 4617.60846743499 0.2699295659752978 -0.990425404299716 8.340084016662683 -0.7917068527843876 -4.673966266001257 -90 6.7533220130720615 875.4209525991846 4615.30375485985 7.12595822003103 38.052468621905845
1776678359.9298296 | 1 1 1 1 12 40.900303244087134 -72.35007985701874 4524.547292120576 0.9911554343997306 0.22881641061096314 9.247939998686581 2.8109488286230624 -3.5771228825007673 -90 5.176751218695398 876.8921891260034 4521.677901691595 4.9469707734089825 64.94488175754245
1776678360.033828 | 1 1 1 1 8 40.90027354771708 -72.35010704148037 4443.020906720932 -0.4102021065088757 0.6965225628539069 9.98254219826119 0.40659383431368745 2.1587374945277427 -90 6.663965058627372 879.4649071457956 4450.528611953102 6.636521231759671 64.62532844456295
1776678360.1678262 | 1 1 1 1 9 40.90029505936131 -72.35007436188377 4347.130505697715 -0.6042748457440896 0.5609780683729328 8.802224224934076 -0.5232772252917268 -2.4124575949364124 -90 7.171050804775011 883.5832362680578 4329.04095743888 7.573115974558949 32.51223186767979
1776678360.2738245 | 1 1 1 1 9 40.90030939616775 -72.35009721715242 4252.081815238068 -0.8474870733264668 -0.5282153228464672 9.950655577094404 -1.531469417377017 4.95075519189707 -90 7.281989332003666 886.1895793964849 4253.157710827827 7.715130940741711 37.271415641901996
1776678360.375823 | 1 1 1 1 9 40.90032841748829 -72.35009210265211 4166.113185747606 0.8508302170970226 0.12705606786788914 8.50011707695469 0.9395039791660036 0.36247421580664785 -90 6.58171278273086 887.6781687658513 4150.903567828424 6.26279717777981 54.888841771575361776678360.4768217 | 1 1 1 1 10 40.900046223327415 -72.3500164156019 1.873857619887351 0.18421010303321728 0.42561070211532237 8.041156998166533 -0.7153652188438819 1.0350077346155837 0 14.07499366054526 1013.8665700879959 11.789207510648305 14.308058366489536 37.44516885483894
1776678360.5768201 | 1 1 1 1 11 40.90000303726906 -72.35001384642537 4.028416794535615 0.9330044972341336 0.6624747305027026 8.333487911492227 -1.2011603385710234 2.6602676112280434 0 14.961345416246381 1012.1168944439686 7.644959105436469 15.292721627924795 37.66544512155627
1776678360.6858187 | 1 1 1 1 10 40.90004531550035 -72.34997004127074 4.90508944206007 0.08648121091007255 0.3364808748261203 9.013944074076411 -0.4487989341004708 1.1461742376378483 0 15.105327360632986 1012.5608118854897 2.293348682089582 14.783644197667453 37.36442564601908
1776678360.811817 | 1 1 1 1 12 40.900026057036676 -72.34998853770111 0.47985810205126267 0.9188035637937524 -0.5733124386524027 9.632997023443108 3.4094916790333265 -1.2157656173376208 0 15.790267285892996 1012.2899538694124 17.46653291894418 15.799537634595655 63.38183238711029
1776678360.9128153 | 1 1 1 1 12 40.90007413116988 -72.35001020452877 1.133480080366327 0.15225621441782566 -0.2892857273165854 9.264970253379449 4.829011098368884 2.594664424716485 0 14.491126830949256 1012.5267509300608 0.06720042899613565 14.893416342206926 45.69172410716568
1776678361.013814 | 1 1 1 1 9 40.900090981980924 -72.35005810912597 2.814234088612273 -0.8959854075392981 0.42633090368294435 9.18079841435376 1.2738698997912188 4.869272593018074 0 15.96115446665246 1013.5392512722693 8.869816503231611 16.18797133990146 35.113519403576404
1776678361.1138124 | 1 1 1 1 8 40.90009680690858 -72.35010473998308 1.2822782476040195 0.4781859641327306 -0.4488876578971661 9.829029773917444 0.03421884705252154 1.178537266682281 0 15.713087414373346 1012.9987212639767 13.131365688495954 15.834161688469582 69.61555370634325
1776678361.215811 | 1 1 1 1 10 40.90011680638349 -72.3501032105449 2.393781371983957 -0.8362087293608911 0.05611074261496962 8.496874335466254 -3.286138252840831 -1.627524077596071 0 15.140346231134227 1012.5160577684727 -0.5639612967154211 14.684980085905956 59.78211857750182
1776678361.3318095 | 1 1 1 1 7 40.900128054195726 -72.35012116181049 2.1989600727148932 -0.12029739249135551 -0.1526061262204812 8.956601431993018 -2.0501253514739446 -4.544975908635109 0 15.917605210070953 1012.2574408514786 11.963211287285777 15.77650640958099 51.060480221001285
1776678361.435808 | 1 1 1 1 9 40.90016920584157 -72.35009569448223 2.521996456722066 -0.5453465253951622 0.09683449235902852 8.505299545228585 3.289926438456103 3.7623057058956473 0 14.784598111194931 1013.6213694022069 -17.428272858033573 14.494233500508805 64.29630010367342
1776678361.5358064 | 1 1 1 1 10 40.900207613118475 -72.35014411003363 3.366766534468846 0.18278882509684036 0.5293102102252287 9.69491318391666 -3.3848502751149647 1.7255679837530815 0 15.00259208556909 1013.5810318085056 12.639305281539096 15.267939820931431 52.1093359547126
1776678361.635805 | 1 1 1 1 8 40.900252294447036 -72.35011100439927 0.34449275081157027 -0.006306038708989714 0.23634502849122718 9.065862490010497 -1.9396640745528848 0.8300162244035167 0 14.346198236241184 1012.7124268152119 1.0965492620567743 14.417755853470991 37.74525679951029
1776678361.7368035 | 1 1 1 1 6 40.90020276525708 -72.35010239848481 1.505268096403423 0.9176610098248255 -0.5027805019469738 8.968607840353558 2.9284042923666656 -4.537297035916101 0 15.085406754536026 1013.3108814835477 19.969193034050985 14.916260440288076 36.95394724755739
1776678361.8378022 | 1 1 1 1 7 40.90024222129158 -72.35010045318454 0.045653593588030894 -0.09531742767803375 -0.5684930926545408 9.873247955411376 2.543501943448666 2.0302288891925944 0 15.562911422584442 1012.1056227595091 1.1732148319766038 15.366482813188519 59.2534055382101
1776678361.9418006 | 1 1 1 1 8 40.90022254757058 -72.35006775330666 2.3585894614143648 -0.7648108810107528 -0.5032286687240901 9.02132806543347 0.6330170144718785 2.4405971510850595 0 14.212375004044368 1013.0222130625007 21.131160402497525 14.415657014389542 69.81502294373334
1776678362.042799 | 1 1 1 1 9 40.900214043183844 -72.35010456850013 0.5400344951444047 -0.9301333305287218 0.9687057851246765 8.889292106162626 3.2540057661118684 4.565386545337823 0 15.217665954663378 1012.5887874818687 -4.618925027074764 15.364852056967534 52.717789975648
1776678362.1437979 | 1 1 1 1 10 40.90018564725175 -72.35014523013143 0.8038446232760216 -0.6936656082408441 -0.6498582715666448 9.640529541150926 -3.9929456916360637 -3.746952486534969 0 15.734630051538987 1012.9489028961798 19.994791313741302 15.728112164327856 51.57042591560386
1776678362.243796 | 1 1 1 1 8 40.900207242041596 -72.3501243720013 2.158719098660508 0.5408494390885723 0.9741479257081993 8.629714866293769 1.1936169844965328 -0.49645671297314564 0 14.08420123184873 1013.8475148335727 -10.363254257392445 14.168128907732159 39.63133636038259
1776678362.344795 | 1 1 1 1 10 40.90023005004862 -72.3501005900116 3.5943455521932055 -0.597451908413243 0.6768576221938103 9.148983357120391 -0.8240491427042773 1.0171918073101764 0 15.903757318511573 1013.6782119885501 22.502064783067574 16.30690819663087 59.70033666780621
1776678362.4547932 | 1 1 1 1 10 40.900210119701605 -72.35005106422733 2.2960418657506274 -0.31920921629084487 -0.23897917476399244 9.10227731725115 -3.178319985034419 -0.8784897957810136 0 15.945369014104482 1012.4468948517751 -17.180075968537 15.782583711846671 58.77138853659873
1776678362.5597916 | 1 1 1 1 10 40.90019787399576 -72.35009958183855 117.08686633669448 0.656142664562078 0.5046321235573612 11.47291391606868 3.326842488824612 4.776630095057824 120 14.036911813464446 1009.6004867808964 123.19108603090784 13.628156992577248 53.69645297226919
1776678362.6597903 | 1 1 1 1 12 40.900152670031424 -72.35014067431203 241.46159240189604 0.6202586593922392 -0.45317674586821677 14.759512624374223 -3.204328548284252 -3.7196109786254183 120 14.700801348099507 1004.7630317187154 251.79935717200445 14.634838877887773 31.4986599263825
1776678362.7597888 | 1 1 1 1 9 40.90019575840187 -72.35009458316684 366.127735816205 0.6550815751139147 0.7272344816361944 11.153074957384534 0.35567462241101033 -4.933458352257633 120 13.3884307933532 1001.4614562682581 352.4229106510143 13.882731769845375 61.317170399424725
1776678362.8607874 | 1 1 1 1 12 40.90021123113718 -72.3501258202263 482.5148472030801 0.34508439880685415 -0.19537219133989758 11.225553192616744 -2.571057731791454 -3.1153068127613412 120 13.902032876219627 998.5973912654218 472.5873496818667 13.788565310940681 60.04558878360728
1776678362.9617858 | 1 1 1 1 7 40.9002317523822 -72.350108121638 598.7980378028666 -0.42733319902372147 0.16196214103359652 13.542809924027083 -0.8575444280044255 0.6097036579473656 120 14.703220192850697 995.3834132166678 616.5228345367643 14.275796945571502 64.92383617170164
1776678363.0657847 | 1 1 1 1 11 40.90020815455521 -72.3501466811167 715.4251121776035 0.8898498844692029 -0.9518158696816412 10.913735652852711 3.0922373415646245 -0.4937727999839989 120 13.218854727854815 991.4154314166636 730.5980431440419 13.093341055525318 59.259697203914016
1776678363.166783 | 1 1 1 1 12 40.90025216081972 -72.35018592453088 841.2978355780203 0.38385016059888355 0.27662930527053975 13.06043127793475 3.3415852405220576 -0.3136197373532612 120 12.932699216568702 987.6420603698076 858.0902225959624 12.718400649379634 44.58914232758977
1776678363.2667818 | 1 1 1 1 6 40.900254940140975 -72.3501897984148 956.3677111256776 0.5412618013007202 0.8846863546408557 13.562226764749042 4.834270948548086 3.582642281745855 120 12.246864255793932 984.2981867590272 956.8957348080231 12.601960271542392 60.82619934202418
1776678363.36678 | 1 1 1 1 12 40.90026667374865 -72.350232000631 1081.2043416037486 0.7252595924591638 -0.050655329646274616 11.876376490230903 0.06606349398070588 4.813195914119142 120 13.532262278983403 980.6545119118925 1093.7244185948023 13.754855176628503 48.44378824405698
1776678363.4677784 | 1 1 1 1 7 40.90024345579769 -72.35024763532402 1193.3433048805896 -0.28491989391724304 0.6217777204932617 9.376142146721731 4.504744894548034 -2.7817302930181818 120 11.94855351422387 976.9315903767615 1202.9069614107984 12.1546965501249 49.54770533737076
1776678363.5687773 | 1 1 1 1 8 40.900205418883566 -72.35025053394739 1305.5618670692895 0.7775303614391011 -0.7871395711697897 11.342144656373348 -3.122002208879974 1.4508446252182141 120 11.593325042024905 973.9806273725112 1299.9471666609147 11.280580147269992 42.89086555148481
1776678363.6687758 | 1 1 1 1 8 40.90016949543062 -72.3502401939668 1422.4944557996143 0.9731198981822178 0.8513507657502535 9.120134896746032 -1.848297330879424 -3.4932656234546275 120 11.337737533751053 969.5420759148055 1424.486426697095 11.1909721974064 52.95247465162853
1776678363.7687745 | 1 1 1 1 7 40.90015679455942 -72.35025582455303 1552.4002849626338 -0.10519772185282017 0.8747356904802575 14.351276030053224 -1.4793190085145556 -4.916281562308575 120 11.574320364311472 966.4697360332431 1569.128535571507 11.608423196046882 61.221059648187975
1776678363.8687727 | 1 1 1 1 10 40.900125380683285 -72.3502666098891 1682.1999420123027 0.9050313242362686 0.5805870573996987 10.29107215857602 -2.027306206274951 1.429596835651493 120 10.840758260335305 961.5928387569469 1680.4409682953683 10.451780675132177 31.099966643558435
1776678363.9697716 | 1 1 1 1 10 40.9001131751724 -72.35025717014159 1807.4766554226544 0.42298334136772 0.5226305555975814 11.725674514593917 -3.956935810114075 1.9550034292645826 120 11.897966968759157 958.1916368231041 1794.797599573137 11.861236961592377 45.54741357889503
1776678364.07077 | 1 1 1 1 8 40.90014985115825 -72.35020770231183 1919.3912661632276 0.005871944666141049 -0.6664560072926042 11.32034662657501 -3.3239815519563596 -3.2518393878166374 120 10.33755381862792 955.3628027051464 1913.030244705153 10.602750095434658 53.202262355969
1776678364.1877682 | 1 1 1 1 8 40.9001132300505 -72.35018043722165 2036.7092274053684 0.36993275605285114 0.5573190832364714 10.839602146204866 -4.738146759043018 4.229488349084127 120 11.398404159065983 951.2094772045022 2056.557430939313 11.572709887223196 65.86697912977691
1776678364.2877667 | 1 1 1 1 11 40.900085182618014 -72.35019668362237 2148.7860307868823 0.0730834180309623 0.9825255622630056 12.981824939138239 -3.7887548893774934 2.2941903258636733 120 11.665379141042898 948.6965125557357 2147.7571104388862 11.453384809481056 39.022117819989305
1776678364.3877654 | 1 1 1 1 10 40.90006681536892 -72.35015610801025 2268.2538597349517 0.2930002362006947 0.21432031796662598 11.850173341933658 -3.670915220726595 -1.342464580987346 120 9.68250484653969 945.4101670477464 2281.2553857112557 9.18552436265839 69.56949143761005
1776678364.4897642 | 1 1 1 1 11 40.900042584602915 -72.35016690351297 2385.434338768941 0.5824730637233486 -0.07379078135278472 13.633627900558261 0.9724413463699939 -0.1286756314879236 120 9.951435999486797 941.85965667563 2400.2841150708487 9.753031083014676 64.15692275975678
1776678364.6157622 | 1 1 1 1 11 40.90009064808824 -72.35016795833866 2498.3876485722362 -0.37361724571069566 -0.39309429564424003 14.495669524237657 -3.3791003982161696 0.43820507824134136 120 10.352354757592266 938.2018332592061 2500.3896757933007 10.434742787860486 69.94803271596979
1776678364.7167609 | 1 1 1 1 7 40.90004296714252 -72.35013940111337 2616.1999772144236 0.025741477521237677 -0.012393863951607909 11.33407154603443 -4.715380567901929 2.9482073294262348 120 9.455964677528288 934.3934421858659 2603.960322535277 8.975727029148796 67.10336409095734
1776678364.8157594 | 1 1 1 1 11 40.90005710430274 -72.35016262807227 2728.997318014133 -0.19672871402825853 -0.9413413146000631 9.187565885681481 -2.803231473604859 -4.857484979659121 120 9.437825749960263 930.7624785739358 2710.0615264336 9.416101498670399 43.225646689454095
1776678364.9167578 | 1 1 1 1 10 40.900077758020586 -72.35012175620324 2843.00487182732 -0.3626376590931073 0.4002400889818649 13.526393050960554 -0.5490731321114595 1.1011850413856692 120 10.187247424256979 927.726116825538 2825.077618556985 10.563299168797963 36.81664859672936
1776678365.0187564 | 1 1 1 1 8 40.9000964254872 -72.35014285044856 2954.160058285845 0.2374142288796539 -0.14363427340174106 11.639639105885657 3.6353594271160503 3.013418508368556 120 9.789363692470884 923.7000598325162 2941.118763392534 9.685510624457908 62.204786630448254
1776678365.119755 | 1 1 1 1 11 40.90007480827959 -72.35015501855078 3077.6865456331225 0.340802434969532 -0.6780380188310626 11.095890957310964 -0.699438669328635 -1.5542162823308159 120 9.439064252774545 920.1628595511736 3068.8475067697746 9.83209564517582 52.356674154032504
1776678365.2207534 | 1 1 1 1 9 40.900099035922906 -72.35012179798458 3197.1143116878447 0.9446894099431455 -0.6455947123804686 10.477964571929135 3.7590769277841822 -0.6062180960879271 120 8.82521596318333 916.4840757600505 3203.8339652802924 8.3489412100724 42.931705784987955
1776678365.325752 | 1 1 1 1 6 40.90012516283196 -72.35011194392295 3319.11535533686 0.7894949484875255 0.24963977790759917 12.428419479754181 -0.3953680133774915 -0.5552877384180217 120 9.243340574351723 912.7163497101315 3300.2440650987924 9.150014430143415 63.05775667846862
1776678365.4337504 | 1 1 1 1 11 40.90014258685099 -72.35007525402659 3448.275071490752 -0.49789788367757604 -0.35861883627316926 11.321168396853533 1.7945398521836884 -2.0412910819329255 120 7.922853365748985 909.4089792326781 3429.3863773500925 8.374648527244766 50.15950176876317
1776678365.534749 | 1 1 1 1 11 40.90012304237142 -72.35003358447291 3573.6910334516415 -0.05283646208408155 0.6539080027609112 14.394699575913183 3.2123407064531424 4.4940447071587375 120 7.856408945992181 905.8733313716477 3565.5402387148206 8.276074964625483 50.75922518763521
1776678365.6357477 | 1 1 1 1 12 40.90010825900982 -72.35007286958086 3692.7908737680323 -0.1718094693323995 0.13739247298454238 9.007032126129275 -3.776729583353239 -1.1121568465859202 120 8.450615778719184 902.501160205697 3695.1745652452255 8.493171320945462 40.38070305968924
1776678365.7347462 | 1 1 1 1 10 40.900096841128374 -72.35009916612644 3822.006853696043 -0.39666417566666534 0.35752071869871593 10.696954445023714 -0.629892857555463 3.137451480747444 120 7.369355855723272 897.6848987343533 3831.1789573087276 7.574598176543478 51.24629982081673
1776678365.8357446 | 1 1 1 1 6 40.90009709213724 -72.35006605760114 3951.478937120557 -0.6453711986698056 0.8588386578503024 9.92285797337089 -4.502000993703308 -2.2423151184965384 120 6.8202641838118625 893.888749768061 3945.031044374828 6.518957866095031 67.65619797528325
1776678365.944743 | 1 1 1 1 9 40.90013474216568 -72.35005371878846 4066.335200955813 -0.09140192692122096 -0.844536415238422 10.022334464298039 4.434737708092413 1.3449429030282358 120 6.123784795616656 890.8361776915069 4072.467682963649 6.2040451741388525 41.92558837768931
1776678366.0517414 | 1 1 1 1 7 40.90013138361246 -72.35008404402129 4191.884787724361 0.2989575685692194 -0.6741055653161983 12.269591204370714 -3.7477645485867503 -0.13147956322963417 120 6.298319567905332 887.3026252026322 4176.625387078406 5.810917533316002 53.60351794050367
1776678366.15274 | 1 1 1 1 11 40.900132571701484 -72.35010547144088 4305.3149099323455 -0.29404199777411866 0.9706940846780052 11.382004608544232 3.0689873922489603 4.833115515369428 120 6.298073029005481 884.1063085637215 4291.269407430912 6.153002553440014 66.13748595653055
1776678366.2557387 | 1 1 1 1 10 40.90012192452062 -72.35006584474213 4426.146115379649 -0.27570977274683317 -0.4173320854698852 13.57922338140714 -2.863329135322127 -0.737129269979401 120 6.8672152425093005 879.4823054910391 4430.261931963304 7.162858065759541 54.386475735881604
1776678366.3577373 | 1 1 1 1 6 40.90015110025754 -72.35007864515704 4542.856974050546 -0.2777193961745654 -0.4570732103345514 13.335501995580502 -4.048326139555219 4.344606499884412 120 6.015634812693344 875.7751407520202 4555.655007140213 5.626024260256023 36.98970298028672
1776678366.4777355 | 1 1 1 1 11 40.90011455562289 -72.35003465072532 4661.110372124555 -0.5012350325539978 -0.16346566167848775 11.420215860225092 0.7228100268658046 -1.521341684294205 120 4.800401363122236 872.3885165218658 4649.722385441582 4.6392334577132175 58.411874492653986
1776678366.5837338 | 1 1 1 1 7 40.900105866776435 -72.35004210958567 4785.18001927585 0.5032365890262778 -0.9646054532853636 9.84078042476042 -1.1864364473196884 -4.883312850843037 120 5.452478639475035 870.0227237051544 4770.937063866058 5.441340584532806 64.63476444990329
1776678366.6867323 | 1 1 1 1 8 40.900139671069354 -72.35005436373373 4911.5079480640825 0.2283976407834245 0.8562719835478498 10.121774502580658 -2.055726842197271 -3.638098253001579 120 6.1174421663916165 865.2609234164512 4921.318370200602 5.784309990740886 31.68874486730698
1776678366.7887309 | 1 1 1 1 10 40.90011508391335 -72.35004202580726 5031.408416738306 -0.5758285008142521 0.14280700946931613 14.796984077979912 -2.77483182077411 4.373370110732695 120 4.279365817968916 862.9102947861471 5011.615333187734 4.670425862487007 62.30642138392328
1776678366.8907294 | 1 1 1 1 6 40.90015500263567 -72.35000652108059 5143.250473075148 -0.7688641330320041 -0.8074127866831473 12.460514542384788 2.729668343619915 -2.5714750456211766 120 3.9739315513653732 859.4383999582205 5147.711720518498 3.8538667526065753 52.87763429323048
1776678366.9917278 | 1 1 1 1 10 40.90017579437335 -72.35003515993056 5270.447523129375 -0.16211719155148074 -0.2819643584319662 10.173837399848697 2.2058654538630247 -4.635377881533004 120 5.071455606455194 855.2785533662568 5268.899577951109 4.982974412441746 35.132099651928456
1776678367.0947263 | 1 1 1 1 6 40.900154515056656 -72.35003798944274 5391.726832891601 -0.855946880810672 0.8878940067530523 11.382206730541954 3.8599304555749043 2.7433729915662823 120 4.259473515251841 850.2934548568657 5373.914648654327 4.6364864030111255 37.762877142456325
1776678367.2037249 | 1 1 1 1 11 40.900156406724754 -72.35006450483438 5511.352671036096 -0.2643860156216322 0.7340234208579284 10.948384210753233 1.239123557699128 3.8830352695087917 120 4.851739512671852 848.5398833560253 5522.881228860328 5.087372183427384 67.26013183384805
1776678367.3037236 | 1 1 1 1 9 40.90019801315956 -72.35005125100624 5629.032916943091 0.7337625728416737 0.34656150967474275 12.281696875659181 -2.956624205778906 -0.5985130238820595 120 3.6524532095312474 844.1102790499043 5618.773099021295 3.615746085952966 36.83570177710238
1776678367.4057221 | 1 1 1 1 9 40.90016354037449 -72.35008086822286 5750.93378070043 0.03941008990242878 0.6458355395131505 9.27245669534428 2.7980491682779673 -4.583778092451512 120 4.137521938231061 840.3398793854383 5768.833357882714 4.416229357148929 43.280931131835445
1776678367.5067205 | 1 1 1 1 10 40.900212085977444 -72.35009098415338 5869.472787709621 0.8070828735605045 -0.806591823942348 13.012565854467226 -1.0009224975344253 -2.7583890891707807 120 3.2156501714951817 837.1974931924357 5877.866009371491 2.7367913339303795 42.0384818161895
1776678367.609719 | 1 1 1 1 8 40.900206455384094 -72.35012224534766 5994.398933498386 0.8147559562157072 -0.6276193852431973 12.463485943631435 -2.947741886792583 1.6546702976376828 120 3.2930013436699768 832.7237507054601 5989.2614645719095 3.350795959478204 31.90563019733589
1776678367.7147176 | 1 1 1 1 9 40.90016415184503 -72.35008134239004 6123.110114788941 -0.5784199924205933 0.9665529922163134 12.768297162627142 -4.029833985207186 -0.3022911289688839 120 2.1334037655854976 828.586764008631 6110.311526670627 2.2519006415470946 65.49360841156128
1776678367.814716 | 1 1 1 1 8 40.90015433857687 -72.3501145455312 6252.454543051902 -0.5500251538530878 0.37663738805361713 12.828117423082315 0.18262402922437726 2.88915572140265 120 1.9744892112994463 825.4179484269133 6242.713280028335 1.9048098500004977 54.552050457715055
1776678367.9147146 | 1 1 1 1 10 40.90011404205721 -72.35008097443085 6364.849002841429 0.36742176484919953 -0.6632117660511845 10.954114726179004 -2.597525885804519 4.0485557981453795 120 2.370906216753853 823.0487832695222 6346.704210659752 2.743500758965294 40.3497026302644
1776678368.0147133 | 1 1 1 1 10 40.900153119582285 -72.35009268451661 6476.690152562794 0.5184980240988404 -0.36462191438422153 9.671755859533523 -3.694208869966593 -3.9034931403792763 120 1.1385370791160065 818.3518885183137 6466.688051557814 1.1900751244320715 50.70741222665795
1776678368.1157117 | 1 1 1 1 11 40.90014088783697 -72.35011387292757 6592.197187847742 -0.5535275625212694 -0.11321603259268498 10.231209501400011 0.25919647411543956 0.11535053583552024 120 2.395641335560079 815.3961662940741 6596.90134788627 2.2021377630915526 67.64402455733679
1776678368.22971 | 1 1 1 1 6 40.900110099137976 -72.35014786808782 6708.349424874161 -0.45729394483432384 0.9019388587913846 11.291206861142602 -2.3327529831524374 -1.4671583976940927 120 1.1103464100980893 811.4031694923827 6702.754618053009 0.7402665774896593 39.08373458270577
1776678368.3387084 | 1 1 1 1 11 40.900076065628646 -72.35013335206796 6831.683310211883 -0.5149243222057731 0.09492592517582477 11.491755019095867 3.136511029896969 -4.474598490697192 120 1.17050371066596 807.4205387300108 6850.313457125572 1.166786062889447 41.87028624908824
1776678368.438707 | 1 1 1 1 9 40.90003696043978 -72.35011823904682 6944.0718949002785 0.4149369321547123 -0.4148810958447373 11.747468301980987 -1.284713303808246 -2.0255425917878602 120 0.4722719752481499 805.4967740481246 6956.304661139793 0.12910233178608765 69.75216688142484
1776678368.5397055 | 1 1 1 1 11 40.90003875633983 -72.3500711964747 7055.101087636647 -0.5274751542586225 0.8152830468780159 9.165932665498982 0.5808982092892387 4.346693904982066 120 0.2791145153266066 801.2360933960673 7073.216694897755 0.05202490903386736 37.98111738068896
1776678368.6407042 | 1 1 1 1 9 40.900001906657145 -72.35007322763398 7171.261417723446 -0.9980151555506902 -0.887351668197141 9.48865514001697 3.4694880659615936 3.6436583163356406 120 -0.05517981044462461 798.347455254588 7162.2170771624005 0.15068924821407736 64.34234613838998
1776678368.7397027 | 1 1 1 1 8 40.90003066553429 -72.35003416714132 7288.7917201269665 0.5558413354976817 0.7678336714044283 13.312507392043688 -1.2609174657211284 -2.7139663635818243 120 1.1379039806565485 794.3193810033374 7272.171987269083 0.7631465730076287 66.09279215863032
1776678368.8417013 | 1 1 1 1 9 40.9000361190816 -72.3500477233262 7399.916981830586 0.5583730244227596 -0.37350296403116556 10.462261374091575 0.203209608288196 -1.9369232636905198 120 -0.7535206562217025 791.731064236993 7393.910359902174 -0.7578748970721163 40.20634235766251
1776678368.9416997 | 1 1 1 1 11 40.90007912556183 -72.35009295590974 7529.42030586828 -0.5217808164077289 -0.5293784168273912 9.82100842199796 -0.0018375754159283275 2.774687313195999 120 0.4668374511007123 787.505731999192 7542.15443324019 0.8275663862183088 47.777906549701456
1776678369.0426984 | 1 1 1 1 12 40.90012589098898 -72.35013565765179 7652.21542955111 -0.6906871531848715 0.28058289835589467 14.199603156347894 -3.058938566745547 3.737661322125714 120 -0.04995995743185033 783.6890581922214 7638.25151001783 0.41638985060462297 68.10674835100258
1776678369.1436968 | 1 1 1 1 11 40.90012514532316 -72.35016991293317 7767.761131397342 0.7691638838513297 0.4087407917786414 13.987267270622386 -0.36635828992537256 -0.759283022401414 120 -0.33477121746351735 780.2359334589092 7749.566095166833 -0.14421331708624563 69.52130501026707
1776678369.2426956 | 1 1 1 1 10 40.900078516426085 -72.35011999243213 7883.083742347076 0.0065646551743914205 -0.10300941074738912 9.709797873656898 1.7923056066955434 -2.2120267682102357 120 -0.8018387835227214 776.1700621938068 7878.007676993499 -1.019448752885157 66.372832758116
1776678369.3466942 | 1 1 1 1 8 40.90007891966637 -72.3501205254682 8010.770603280433 0.8746905504790985 0.8970360004904061 11.691805765484462 -1.203619726329329 -4.34997639549075 120 -1.0681444921938559 773.4389938525204 8025.922471476156 -1.4380513656020675 42.51051265725702
1776678369.4466927 | 1 1 1 1 10 40.900113102719345 -72.35016978061788 8135.422397955431 -0.09521839854769465 0.293685775261211 13.20156541630535 1.6249556819976387 3.88689286806043 120 -1.7131084222647917 769.0163060531307 8141.5570926459295 -2.0260604196381293 30.95199569654017
1776678369.5476913 | 1 1 1 1 9 40.90010058569259 -72.35014237180485 8247.247188640204 0.6818537355864336 0.006500756128464902 9.76302981023547 2.259995462595538 1.4576228325531924 120 -0.6469818964560885 766.0886046440687 8241.082315719299 -1.0666685527680144 35.45464484378763
1776678369.6496897 | 1 1 1 1 11 40.900141975352085 -72.35015080547518 8362.147032973597 -0.9112833639845757 0.8937088105253228 14.125942654171247 -4.511384158505098 -1.994257152979404 120 -1.8030929494691759 762.4650851202039 8349.445779146594 -2.229234143717259 47.38625272363291
1776678369.7496884 | 1 1 1 1 10 40.90016626555233 -72.35010852473043 8487.665830788383 -0.4575591946102493 0.02748506375103954 11.649467073013238 -0.2537044057807414 3.7256679252203657 120 -2.884070661699817 757.9428244411529 8489.404430059742 -2.7783307794311436 42.04268733888354
1776678369.8496869 | 1 1 1 1 7 40.90020620292109 -72.35009767313053 8607.358693601744 0.5599509725709064 -0.24644256293188938 9.991928311542956 -3.209362199673005 0.8938007295729102 120 -1.5830422492654943 754.7495492272596 8609.15131468079 -1.329715023771143 37.69862668694394
1776678369.9566853 | 1 1 1 1 6 40.90023240972295 -72.35006536196269 8717.778641668367 -0.39932537007920166 -0.46832077072098977 11.790118039319225 1.832792812056578 -1.5115345272364387 120 -1.6998227676028448 751.8532775326803 8726.7040391117 -1.9292199488464883 54.28996648585439
1776678370.0566838 | 1 1 1 1 10 40.90018461608312 -72.35007899195907 8844.677447779777 0.7796509888561358 0.48968329475288064 12.907647951245908 4.790154565348045 -2.223789911873142 120 -2.2979320077221885 748.1729808350481 8831.595649631225 -1.8331300908809185 32.33835401503661
1776678370.1566825 | 1 1 1 1 9 40.90014244776531 -72.35009892710771 8968.604647937085 0.9770325179805539 -0.45681859785167966 13.467049045634031 2.0274150174235714 2.9613809884952866 120 -3.7519568926707634 744.1287698913474 8974.826643438348 -4.157838514740579 38.73005057474755
1776678370.255681 | 1 1 1 1 10 40.90017674673772 -72.35010304990207 9083.462556681914 -0.2784460906469459 0.9582149439535885 9.969753445592845 -4.272434683461569 -1.3986141883666159 120 -3.6535854123031744 740.2360369745907 9067.559720092991 -3.455289777136709 41.34144815219343
1776678370.3566797 | 1 1 1 1 6 40.90018535046713 -72.35009170450364 9200.687919911945 0.2868343325053302 0.7247340802120272 12.440249176660473 2.0783767733438765 3.276300021825591 120 -2.7230066151949712 737.7559064666186 9216.271797142095 -3.0385409279402475 54.348127200583626
1776678370.4566782 | 1 1 1 1 11 40.90015453268368 -72.35007422400568 9325.471398264259 -0.32576929890241413 0.6272539753534982 14.64150249588997 3.569670955498399 -3.7850400178310393 120 -3.8879127939155853 732.4700449323864 9342.222310567035 -3.961288788570342 49.78436165642691
1776678370.5566766 | 1 1 1 1 9 40.90018196771644 -72.35010002586036 9437.476283756492 -0.23837296661027962 0.281731065498773 10.164842661271601 4.397682657989627 -1.878768188446176 120 -4.527025181497828 730.1127816009013 9432.696055197039 -4.667805683997124 32.314412814358874
1776678370.6576753 | 1 1 1 1 12 40.900203981002775 -72.3501050120478 9550.09677862208 -0.8824304212740273 0.8583371452338018 12.079786455040491 -4.637590311963392 4.030250331556099 120 -3.4535802738517516 727.2648110844412 9561.183769330453 -3.6652754498726963 65.30932204778142
1776678370.7586737 | 1 1 1 1 6 40.90021367789671 -72.35013075880835 9663.744666696493 0.0421499086883359 0.011035296876775291 11.968232531450312 -1.1860922063590085 -2.832476354372162 120 -4.493602500640964 722.3504137987477 9678.064583708072 -3.994767176890295 56.264604319339746
1776678370.8596723 | 1 1 1 1 6 40.90017708106326 -72.35010301768966 9781.217474479863 0.17434736281700092 -0.7402303142070079 14.656725188756162 4.163254112543136 3.849666089918916 120 -4.679067713981573 719.1451962642332 9791.627555538262 -4.423735560039751 32.475372760370306
1776678370.9596708 | 1 1 1 1 12 40.90018351774036 -72.35013165441985 9905.861532485917 -0.25505013022949785 -0.8018810998722361 11.962675685707731 0.9441009840477035 2.5977635273455277 120 -5.260071108308814 715.4140287528508 9893.319015948315 -5.7178596399309845 53.49053481010607
1776678371.0896692 | 1 1 1 1 6 40.900209649606055 -72.35012685880795 10026.39278814958 -0.6662162328756176 0.8408536140927285 11.342094342508975 -2.192950630106508 2.785590370621833 120 -5.14863157592883 711.5315177077047 10035.21686631514 -5.282870594982248 68.42951629945459
1776678371.1986675 | 1 1 1 1 6 40.90021265694665 -72.3501250821198 10150.423348808868 -0.44925111660992223 -0.337334231579973 12.34406341538794 0.9511842444291707 -4.487216038828009 120 -4.718362294180122 709.4630357520809 10140.707098588173 -4.765274237573165 30.237895465936653
1776678371.298666 | 1 1 1 1 9 40.90018188595097 -72.35013742657611 10263.386777174233 -0.67635364675051 -0.9839466848991711 9.195826564543863 3.5200065498114856 3.4120796481619013 120 -5.611721227868802 705.0007100929818 10252.629757113504 -5.906969786768581 30.263903849978256
1776678371.3986645 | 1 1 1 1 12 40.90016128327418 -72.35014172758859 10385.55047612093 0.6866523776107323 -0.3350189694439687 11.315701837545266 -0.751406643731082 -2.7159005058512076 120 -5.911848049748136 701.9699474023861 10380.710143972106 -5.705983169251918 51.01401764031581
1776678371.499663 | 1 1 1 1 12 40.90012713406101 -72.35011693751717 10505.229149730249 -0.44542137682664107 -0.1947542996459537 10.381270060420904 -3.858358601874298 -0.8950682750105692 120 -5.5212998889827105 698.7892606757332 10496.672233877978 -5.615067734827337 60.44548444699056
1776678371.5996616 | 1 1 1 1 6 40.900130333910454 -72.35013291710511 10634.436131586792 -0.31803229849659287 0.40260837433544205 9.658029299796649 -0.930191729091133 -1.2728879582872832 120 -6.748924897885717 693.8166614262823 10623.697512718692 -6.901649690196027 61.16127980906473
1776678371.7006602 | 1 1 1 1 6 40.90009191929513 -72.35010821930604 10760.839451747308 0.9786762080513924 -0.3256480219360922 12.356141048803607 0.9446559364474725 -3.6356407164086613 120 -6.00560057777664 690.539326033761 10767.040813003909 -6.0689788050402775 33.34607865860844
1776678371.8006587 | 1 1 1 1 7 40.90008669474058 -72.35006175422376 10889.715047990403 -0.5294559582674796 0.817287460578473 13.343355299196984 -4.493340032741921 1.5070896819899646 120 -7.3819320342292025 685.5095729833606 10906.752086028926 -7.302488293219435 67.20273950991316
1776678371.9016573 | 1 1 1 1 9 40.90012364209477 -72.35003169811472 11017.22413610568 0.5265307545184346 0.8562642368246931 10.563350295621193 1.7322120494715199 0.029003484510591093 120 -6.706825340120609 682.1319471929644 11001.415484904197 -6.9922421777859185 50.1456372009019
1776678372.0016558 | 1 1 1 1 7 40.900168537481754 -72.34999050755657 11130.239949741965 -0.5515006526230697 0.060515828874119215 12.142069539436992 4.564230828327789 -2.1190012435153784 120 -7.374235147982105 679.3069642900416 11139.434906576998 -7.465082831458984 38.66520291765832
1776678372.1006544 | 1 1 1 1 9 40.90012728276764 -72.35002997987809 11260.023464467642 -0.29328455274305854 0.16621960875184372 10.809177816813206 -4.8093145965121975 -4.570490527176676 120 -8.135172537681218 675.3717152512361 11258.01494636236 -8.407789980313488 43.160540792079175
1776678372.2186527 | 1 1 1 1 11 40.900154228202624 -72.35005343865816 11379.257630649758 -0.394177970240182 0.30522157148260987 9.302089028686611 1.6323183239771053 1.8623925842440912 120 -8.280943495554075 671.6558440511425 11360.291452167543 -8.651093632495183 31.592557735149327
1776678372.3226511 | 1 1 1 1 8 40.900124735308495 -72.35001238784113 11505.845200918026 0.7567123006534506 -0.23211273201014482 12.325961589596313 1.5709053114108817 3.1707966091821795 120 -7.846673800355061 668.0864948466449 11505.928538123137 -7.3619866916006815 55.5145799222194
1776678372.4276497 | 1 1 1 1 8 40.90010609197183 -72.34996558452366 11622.217091543382 -0.2028851952241617 0.8920081900929901 10.64377345197857 4.242516219390366 -2.0564496143417332 120 -7.800154069838594 663.6165341976749 11624.744471749984 -7.713395745142383 38.333991688507176
1776678372.5296483 | 1 1 1 1 9 40.90010112474669 -72.34994209712312 11741.457709095102 -0.7890394875618247 0.801703107001345 10.567781709360386 2.2527133164106283 -0.9493282235555345 120 -9.468735734552341 660.479745229693 11752.180278197813 -9.54290652806411 65.43508463818944
1776678372.6316466 | 1 1 1 1 6 40.90007435395008 -72.34996435843719 11862.130423939678 -0.62902253146531 -0.8017990936262793 11.768592508789292 3.7637762738096363 4.96099302649251 120 -9.36587585604454 656.5204292670226 11862.896110452542 -8.896450001913754 44.593140885103814
1776678372.7356455 | 1 1 1 1 11 40.90009597469146 -72.34992768121124 11980.066053141869 -0.8200638206798265 0.3633149286882855 11.883719627519618 -4.971512316097803 -2.3207603889340334 120 -9.827168245168426 653.0576704285677 11971.882621060102 -9.997572604673728 47.62562911447089
1776678372.8386438 | 1 1 1 1 12 40.90009530210029 -72.34994538965746 12104.057014942178 0.5890875345975084 0.563361876296397 11.896971694495758 3.7854281476744163 4.905689025319052 120 -9.683930453307095 649.2576171921012 12088.94545339277 -9.534142035352941 56.66776616493718
1776678372.9416423 | 1 1 1 1 10 40.90005445973996 -72.34997339287396 12231.48577193775 0.15438227100721558 -0.4831302467473264 12.890861170128002 0.4390602276885627 3.671821065141758 120 -9.969592067199786 645.1550871612901 12239.601767107557 -9.528098529856006 33.72669335484574
1776678373.0466409 | 1 1 1 1 7 40.90010294571708 -72.35001997535014 12361.336339680012 -0.5867237891355759 0.32784211280271003 13.822435701177024 -0.12725024420985687 -0.7336314809669533 120 -10.076935022921264 641.5468473753026 12350.945194140548 -10.542729043083547 41.20737882389784
1776678373.1496394 | 1 1 1 1 9 40.900134992419844 -72.35000380300188 12477.111411999605 -0.3342963030035344 -0.5289129042788083 14.056193357460165 -2.2684812853733707 -3.252068306091255 120 -10.230151672232088 638.6527785321698 12471.5051319764 -9.793526641151205 39.42709036280112
1776678373.251638 | 1 1 1 1 10 40.900111741449564 -72.34996113832246 12600.294299278301 -0.4399663739340185 -0.6544697092605312 10.388114432592468 0.3353081036884076 -4.559756111933484 120 -9.31555072130793 635.6227593880793 12617.828538130176 -9.389112889780906 68.82974533631705
1776678373.3666363 | 1 1 1 1 6 40.90006391308495 -72.34991268640947 12718.869156180546 -0.1700409889017862 -0.42641243819611185 14.737381501812965 0.9724332829780877 -2.6850731201889735 120 -10.58724894546414 631.8367061352884 12726.388259773632 -10.844288812527923 47.065658679304086
1776678373.4696348 | 1 1 1 1 6 40.90010424713284 -72.34994616021928 12837.320179175877 0.6122108838048059 0.8339407275195512 11.258904304387839 -2.0239125196663252 -2.164094549739355 120 -10.414084232581867 627.8156568221897 12854.871165824721 -10.31608854112537 53.71559737543747
1776678373.5706332 | 1 1 1 1 10 40.90013434597013 -72.34996053058944 12950.719568554727 -0.9468152018585945 -0.33463044960826593 9.766793532463813 1.8985446353685562 2.8576375118889263 120 -10.2106468703038 624.8087201565053 12955.677453200627 -10.287997501126863 33.4628824235338
1776678373.6776319 | 1 1 1 1 9 40.90016169298402 -72.34996138105318 13078.122160872914 0.8906086718574213 0.7300803444318091 14.891638057765707 -0.6296895675377652 -2.095939199096791 120 -11.744388363222502 621.1512967568965 13077.662370335458 -11.848732372018482 42.28963147675924
1776678373.7806304 | 1 1 1 1 7 40.90016361935676 -72.34998388304288 13204.797473177632 0.8999331346884931 0.580110507369173 11.481307848926072 -2.7107593255836426 4.851394977139336 120 -11.327621392070894 615.8726483959067 13198.0650234602 -11.309057017021528 61.84402289739138
1776678373.8836288 | 1 1 1 1 11 40.90011595807533 -72.349977211226 13325.59040090905 -0.3754957648346815 0.9893848813962394 10.484393875490637 4.250779495903194 1.2603575239666434 120 -11.588867399551834 613.480235732274 13333.999573380366 -12.005623860742094 58.67720721706725
1776678373.9886272 | 1 1 1 1 12 40.900151980228834 -72.34998096152528 13455.429296122313 -0.6864789202478458 -0.9938968033626137 12.613275032143694 1.6365716190692714 -0.7683632821706432 120 -12.775089730271247 608.7641098083498 13467.727797457657 -12.481670963214073 68.71085506790205
1776678374.0906258 | 1 1 1 1 10 40.900128148306884 -72.3499566334878 13570.011357677202 0.8421233640771812 -0.9404914442470085 12.823234480613735 -0.8452223915637411 4.0370068809679385 120 -11.530678254043425 606.3328710359799 13584.829304279625 -11.54984554911648 69.33639155963054
1776678374.195624 | 1 1 1 1 7 40.90012011545796 -72.3499166351197 13691.840640643619 -0.8020314308181511 0.7856941936924746 12.665140334389164 -4.172227303219662 -4.562481438976826 120 -13.23276337151296 601.510637814359 13695.006622438028 -13.116962471490957 37.73144735555408
1776678374.299623 | 1 1 1 1 6 40.900133088591765 -72.34992908712461 13805.483998219432 -0.045264043802377474 -0.3389651182267508 13.302712172945778 3.3246208537536965 -4.921072578685983 120 -13.188909710265783 599.3631608802283 13803.569929702648 -13.661540435267725 58.05084865098896
1776678374.4026215 | 1 1 1 1 7 40.90011296312869 -72.34992705442473 13925.646824033645 0.09991814925502629 0.46122686823298786 9.86683437656526 -3.9387055453365183 0.9452268633669991 120 -12.892928041504867 595.5492151561242 13945.160126016537 -13.072250718540307 68.78197655830243
1776678374.5206196 | 1 1 1 1 8 40.90010022497827 -72.34995881795919 14042.10323007965 -0.9055473206935905 0.5393469246702176 14.578436501649808 -1.758793028026131 3.3435640404501026 120 -12.670644366464723 591.5031998916911 14058.944003761182 -13.146428447600817 46.91421263367205
1776678374.6226182 | 1 1 1 1 9 40.9000758696769 -72.34992332569031 14165.428326105322 -0.41408399372145244 -0.1665856622692503 13.43867814125312 -4.46999054965487 3.7571011368974574 120 -14.076937484535128 587.9690345069718 14182.013813464115 -14.28738201436924 38.095014771285705
1776678374.7236168 | 1 1 1 1 6 40.90010120198282 -72.34992161755912 14292.240085650212 -0.6209274990454752 0.6043012672759251 14.263347407602222 -2.084830072817484 3.894245458333481 120 -13.06259454576805 585.105768197092 14280.838906270596 -12.758878995546194 59.12691955836298
1776678374.8266153 | 1 1 1 1 9 40.90011496645001 -72.34991179205288 14422.123336781402 -0.020640456206823643 0.500544155335549 12.940841938073834 -4.212329683625024 2.109555764262855 120 -14.314548482001538 580.6534675376598 14441.471052642963 -13.896342070626078 45.63048390032819
1776678374.9296138 | 1 1 1 1 9 40.900110746929684 -72.34986609401622 14534.667755136823 -0.511080003565727 0.39413706502052737 10.754412784978642 0.7790254420075353 -0.07191366462369153 120 -14.320677530457353 577.6321004311525 14514.80079614797 -14.650473805466234 50.64219787972413
1776678375.0306122 | 1 1 1 1 8 40.900107151167155 -72.34988031986289 14661.97735209185 -0.657417025956839 -0.996474196668258 11.990638445523587 0.38471268230428457 1.6852544866565013 120 -14.314140081247423 572.7378912641858 14653.15506941774 -14.755863144631897 50.22190978205194
1776678375.1336107 | 1 1 1 1 10 40.90007348912835 -72.3498811046208 14777.21700285176 -0.22110186007448163 0.2625998907156448 13.874375818212403 4.270552295082977 1.3000085506526897 120 -15.540630093982118 569.5351082392591 14783.416618418767 -15.471636415177793 46.976671252779994
1776678375.2356093 | 1 1 1 1 7 40.900121024211444 -72.34992548305803 14890.684497650243 -0.8951569247402191 -0.1469014574869183 11.389657671534001 2.8681992145872304 -3.75545766406273 120 -14.677464235098938 566.8386341276935 14903.806634585335 -14.508327960764575 69.82804214853704
1776678375.3406076 | 1 1 1 1 10 40.90011228945483 -72.34988005867763 15010.737848901972 0.40164092202854196 -0.8982201504166865 9.185158841886675 4.736134505573448 -0.5831696421995547 120 -15.524310457505633 563.3987841954685 15001.567839189354 -15.852695072989782 69.64501529901615
1776678375.4446063 | 1 1 1 1 9 40.900094206467486 -72.34987339104237 15135.187360200607 0.9932629693022312 0.8389099758757057 9.722158508233726 0.01175937505055824 -2.096500110965076 120 -15.115339087933627 559.867045065337 15139.081243643102 -15.14381823847654 33.1698488018038
1776678375.548605 | 1 1 1 1 9 40.90011818840751 -72.34982661590396 15246.589656308237 -0.5125938677351345 0.7876137448909963 9.171680165161106 -4.451871538373828 -2.3618198483866895 120 -15.87448712296809 556.3858722185212 15259.337773977175 -15.51070276266811 49.41692854448567
1776678375.6506033 | 1 1 1 1 7 40.90008584388008 -72.34984750711591 15359.679782915511 -0.953372539642569 0.5372007913683654 13.356335555194022 2.757616636807536 -0.18750172573064283 120 -16.238156114391323 552.3690033871065 15350.381522217154 -16.184283913382384 53.62084289980634
1776678375.7566018 | 1 1 1 1 7 40.90004075988799 -72.34982144319991 15474.88110269823 -0.128379614214005 0.24617335622462289 9.303632533039387 3.0763399308889774 -2.3417456706462856 120 -16.131247783506986 549.5143586465035 15459.013078118856 -16.536579692211784 56.05582316183088
1776678375.8576002 | 1 1 1 1 7 40.90003220399133 -72.34979295405135 15602.461897511017 -0.7601433527497701 -0.47825104534181584 13.824306644877584 -2.7653154514381817 0.9146637836652403 120 -15.355093355678976 544.4555532559851 15612.410589028705 -14.99485967600353 43.27199776184826
1776678375.957599 | 1 1 1 1 9 40.90007739870245 -72.3497443141986 15729.210124900845 0.08738838005203942 0.4202238179126361 9.451882866154966 0.9663385073437158 1.046135682818969 120 -15.916351156656123 541.542663045672 15733.489591420595 -16.1063464347913 62.961209030927606
1776678376.0585973 | 1 1 1 1 12 40.900092212693075 -72.34969573329816 15844.882495240481 -0.6466986938645953 0.4599835657171889 12.595771581747954 -0.6304978866228055 0.2853832469065001 120 -17.598670388844496 537.6445290681095 15827.840162575461 -17.980789260852738 51.894034319912656
1776678376.158596 | 1 1 1 1 10 40.90008072438482 -72.34967919510572 15959.28087485708 -0.6369929839866355 -0.3128312440649508 13.283880662055925 -0.3047502495214296 -4.790267257751175 120 -17.075938248290434 534.223024269822 15970.021817055678 -17.09514466936038 57.690474191074365
1776678376.2855942 | 1 1 1 1 11 40.9000367563929 -72.34971344289744 16070.063562585618 0.10068147592792664 -0.08613948226746193 13.349915427992466 3.6285909974408277 -0.2421425070658758 120 -17.244277894370303 531.79872251868 16063.65607133408 -17.652321314370006 52.44126443885574
1776678376.3865929 | 1 1 1 1 9 40.89999250329632 -72.34967487397739 16188.137051766962 0.5095292767466484 -0.752615962599404 13.339416462532316 -1.6964121687100264 -3.090913378207972 120 -17.706112090785453 527.9563222613981 16175.714610565205 -17.38793242641655 57.36476273277611
1776678376.4885914 | 1 1 1 1 7 40.899988783342266 -72.3496641130228 16298.732577336834 -0.05378586319734224 0.02946437672060931 14.846474722686523 0.8581239553064606 -4.827393585921222 120 -16.986904353158216 523.0940079998435 16292.000422152554 -16.920521126897604 41.5649445879922
1776678376.58859 | 1 1 1 1 12 40.89999322441747 -72.34962974733489 16424.670679070925 -0.8250716567035201 0.6351029297834965 12.134423439933387 1.971392305460963 4.511251133671147 120 -17.07842849734072 521.2544244662593 16405.18566292481 -17.258108807607815 56.240006009599625
1776678376.6915884 | 1 1 1 1 7 40.89996469673961 -72.34966520905674 16544.68237670931 -0.4239669935055397 0.9288060500221789 10.950226386355391 4.589848985313916 -4.828691737269377 120 -18.844607348161126 516.6506107267215 16547.272770092266 -18.49418641923683 58.07000970137278
1776678376.7955868 | 1 1 1 1 8 40.8999201956428 -72.34966364392062 16656.090449417658 0.7569050997133124 -0.9268520438069128 10.89032298084261 2.6422681310666984 -2.738201322699622 120 -18.564802333286544 512.8716495823 16660.78210397266 -18.365534342883777 59.26187130544143
1776678376.8945854 | 1 1 1 1 10 40.899941911987824 -72.34969709720292 16779.603701192267 0.21772788265734078 0.20197531621770493 14.097370359151208 -2.652658562631145 -4.898350187194759 120 -19.256428466254217 508.67036010510617 16785.25100573754 -18.81643970866954 39.88976638887351
1776678376.996584 | 1 1 1 1 6 40.899964595808896 -72.3497223215144 16687.554395017203 -0.5765047035896405 0.19675201834314304 9.321532279586208 2.9197916498733196 -1.4603214164893972 -90 -17.625136354461493 511.57189881282204 16679.210098158597 -18.1138791178226 56.982739991658626
1776678377.0965827 | 1 1 1 1 6 40.899936291727855 -72.34971108045028 16591.448842384085 -0.7177113497744279 0.09962748509349262 9.84593580292889 3.7090272983441093 -2.7827146035236194 -90 -18.94944629350045 515.5947096032564 16589.01787151738 -18.717091225797944 37.10337687271285
1776678377.1955812 | 1 1 1 1 11 40.89993708256882 -72.34974159257638 16505.506740472072 0.3013961827856815 -0.24489654642732184 9.46180973042299 -1.7973248998150937 2.905556514879965 -90 -17.0679486518163 517.6690786025089 16498.361576571217 -16.864803876893856 62.797865624524704
1776678377.2965796 | 1 1 1 1 9 40.89998374388621 -72.34974429123002 16410.246396705636 0.14957483636757285 0.28621471482440475 8.140076277672776 -4.291673836465183 -4.9880305457536975 -90 -18.666443831689616 520.8251409540172 16415.862330927277 -18.585029172851826 38.960555155364865
1776678377.3965783 | 1 1 1 1 6 40.9000205943029 -72.34972120618846 16314.108362757399 -0.5906059372452754 0.37748213823319277 8.436643014883602 3.689984202436614 4.560831658347269 -90 -17.636010529426642 523.2997488079435 16321.220280517126 -17.602690284405504 30.55402599192737
1776678377.4965768 | 1 1 1 1 9 40.900031206102234 -72.3496899473442 16217.903109562656 -0.3408658624779841 0.5654103844923042 9.233292748873804 -0.8496897283741109 -1.3808045026692972 -90 -16.83659522566511 527.2838893476904 16199.229772814946 -16.826912093620003 65.68428872936082
1776678377.5975754 | 1 1 1 1 12 40.90004352665442 -72.3497258627889 16133.788207995913 0.7168150580249859 -0.5737850194587337 9.796731286220174 -2.760810648346511 3.8823424253372902 -90 -17.162708659310514 529.841320603267 16116.532492586493 -17.526570281434026 61.9547034116934
1776678377.6985738 | 1 1 1 1 12 40.90003745017276 -72.34973737465276 16047.100340259072 0.7764905083403812 -0.7804482847675849 8.348304159385957 -3.5592281832897465 -1.0480510240045602 -90 -16.198345965064206 531.6090003349788 16042.690721763047 -16.120647995434364 33.6957643470484
1776678377.7995725 | 1 1 1 1 6 40.9000317403038 -72.34975025867242 15963.71511282397 -0.12812787752417032 0.16229648209183556 8.222836315516446 0.22557183739412867 -2.1429588373743904 -90 -16.74843594698228 533.1173733591844 15944.379178976802 -17.239484010386036 61.46863780462401
1776678377.9145708 | 1 1 1 1 11 40.90000707162059 -72.34977233726725 15881.688651922224 -0.6930825162843897 -0.5035102686061557 9.167234391862372 4.921153464678763 0.09859475716680244 -90 -17.506222921186694 537.4864240833466 15874.331112286694 -17.09661972478521 50.69113857830054
1776678378.0315692 | 1 1 1 1 11 40.899999152919 -72.34976487699997 15796.9724630462 0.2532304180501448 -0.3755094432563606 8.665603183072875 2.451557240764223 -1.55625424741027 -90 -16.56437793577004 538.4743201246621 15778.287123033497 -16.528625728953028 61.53647600342049
1776678378.1315677 | 1 1 1 1 6 40.90004439181177 -72.34980837234545 15712.98309212311 0.7925915516924082 0.3834817786932301 9.620653465802652 -2.7951949214970018 -3.250816495644653 -90 -17.3810350783811 541.9529227072624 15700.025738966011 -17.637442104122318 41.146775568574455
1776678378.2315664 | 1 1 1 1 11 40.900052213603615 -72.34985044128872 15625.561490170414 -0.41563380854879894 0.21950755429061952 8.125817607180002 0.8950561640463626 -1.4148261422486796 -90 -15.761931081384825 543.4995713916384 15627.950191143107 -16.19328364109324 60.253917296097356
1776678378.331565 | 1 1 1 1 12 40.90006472856957 -72.34988701686994 15545.323077123365 0.09307366272315609 -0.45142537674794614 9.737998725322168 3.689995623395067 2.5259507252351145 -90 -15.340072626047895 545.9564575658151 15536.592461862458 -15.481504950674857 55.91060409471561
1776678378.4315634 | 1 1 1 1 7 40.90006428144685 -72.34991105727097 15453.675063583176 0.07698548713221665 0.35360331514584353 9.95119257457072 1.6435830406355159 -2.002424227038965 -90 -15.310098250580506 549.2389560292714 15463.761856158128 -15.285034440853142 41.40246977556072
1776678378.532562 | 1 1 1 1 9 40.90010811092002 -72.34987590410815 15368.197461462642 -0.5355265916113492 0.20092760869575543 9.353691866780654 -3.7897052050195814 -3.2316541601498616 -90 -16.661943012738796 552.8212155081131 15372.732558091024 -16.874513898813987 52.32133695638055
1776678378.6345606 | 1 1 1 1 12 40.90010861485892 -72.34983804807807 15283.603681840685 -0.6368616109526022 -0.13233168243991922 8.38900167292012 3.972859106794493 1.466881729274081 -90 -14.66402336454634 554.1732326448564 15288.89027339373 -14.511130672034856 54.7594652836228
1776678378.735559 | 1 1 1 1 7 40.900156332379346 -72.34983540938295 15200.863800977553 -0.36717981377932585 -0.6599944662420558 8.543827131806507 -2.262365432212178 3.5035616208498315 -90 -15.371540344269302 556.3233589655117 15211.60681310765 -15.022621230498848 57.24151368154817
1776678378.8365576 | 1 1 1 1 11 40.900131071953496 -72.34987036618666 15113.99551176631 0.3709913397150342 -0.3648833923212762 9.77306082640755 1.4195902225139552 2.1665139409558787 -90 -15.336048461587712 560.2709066540115 15117.185400538994 -15.63276449767163 58.27819448378388
1776678378.936556 | 1 1 1 1 12 40.90011694188344 -72.34984000727701 15016.83667384921 -0.49710971843856067 -0.4674986882546881 9.76796803204128 -4.694417516984829 -2.6857922432950443 -90 -14.389835653612149 561.9337551814248 15009.204478768068 -14.37472464743948 57.25922194810723
1776678379.0575545 | 1 1 1 1 9 40.900136938646256 -72.34982141328607 14917.302624732287 0.6724025454688731 0.6176379107884749 9.26632022239849 -4.86297768148315 3.0985597282265527 -90 -13.97876344280262 566.0804368468685 14901.283826529683 -13.701306455854922 42.90124614835592
1776678379.1735528 | 1 1 1 1 9 40.90010838890636 -72.3497971897332 14828.702930685145 -0.6522028109722671 -0.8274038906304639 8.623057924568629 1.0496230560307795 -1.9084156562696175 -90 -15.64841584922173 567.7453276862517 14814.403514805086 -15.98473711046298 38.038872491764565
1776678379.2755513 | 1 1 1 1 12 40.90012489373439 -72.34978985046688 14734.386085010132 0.5438990831775687 -0.0027903299284537386 9.968786363496289 4.038983570073308 4.365478238778488 -90 -15.363273599689858 570.0228148951439 14722.812966479656 -15.32445788265911 68.11140022971881
1776678379.37755 | 1 1 1 1 8 40.900090980889246 -72.34981706704286 14644.209414935365 0.7465592826626384 0.5226091725535618 9.052696591604922 -3.996388861836495 4.415260926515982 -90 -14.391791116600881 574.1614690694173 14659.780077250884 -14.819006757538917 48.6193904319441
1776678379.4805484 | 1 1 1 1 10 40.90005186480843 -72.34986033193135 14559.565176101076 -0.22231075019956625 -0.3970853713617184 8.338548929165647 2.352929424103083 0.4434977080811162 -90 -13.658758198174299 575.9827763243576 14550.395935656212 -14.018707106586143 50.051065045632605
1776678379.5825467 | 1 1 1 1 6 40.90002857147402 -72.34989800315337 14462.542295383979 0.19638528719708148 -0.75762003655978 8.842642122346206 1.4893963302268158 -4.6659366495201215 -90 -13.492573752028541 579.3627559083975 14462.575105318687 -13.216373687024099 64.07869742668773
1776678379.6835454 | 1 1 1 1 8 40.90006292755298 -72.34991799973902 14379.823847842968 0.2326331234189476 -0.6034292436066828 8.307682444233986 -4.240794711376071 -4.329759638622459 -90 -13.967708288644053 581.2451167910664 14378.655162953639 -13.626956769701874 51.35165741222569
1776678379.7875438 | 1 1 1 1 11 40.90002411563543 -72.34992140704819 14284.924731942856 -0.545948092695905 0.19002075701158905 9.165381214521252 2.860821735794282 3.361972379063115 -90 -13.352978032624302 585.1867664670082 14289.578448276876 -13.073347722364243 56.41076951371083
1776678379.8925421 | 1 1 1 1 12 40.90006339862416 -72.34992207406253 14196.189124537595 0.9861263344277076 0.7747161217642091 8.803704106943318 -3.5218727394254525 -2.3440280400802083 -90 -13.590856640998583 588.0433637691802 14199.030871156887 -13.54820299707336 50.98092678765825
1776678379.9955406 | 1 1 1 1 6 40.90011132325192 -72.34991242964746 14101.3811595629 -0.48401267857076347 -0.5566128313862995 8.39209743969868 -1.3176495334201688 4.542334338624244 -90 -13.204032405037088 589.4421980400508 14083.628210167988 -13.327256937013638 60.18580819145389
1776678380.0985394 | 1 1 1 1 10 40.900150724723396 -72.34991130892166 14019.846955682495 0.22149150062468403 0.052326197958832976 8.189199651631533 -3.1530253275105435 -1.1161277273210346 -90 -12.067278264053886 592.8583173902923 14006.885254916553 -12.556317151995996 63.7628572463182
1776678380.2125375 | 1 1 1 1 12 40.90019087751575 -72.34992326257564 13936.707603082612 0.5806238314119887 -0.9233339485675192 8.415362283709161 3.432698357299561 3.25935911567554 -90 -12.857392847133815 595.5520221880192 13919.591172632883 -12.443677457406956 35.68631579879889
1776678380.3165364 | 1 1 1 1 7 40.90018551405282 -72.34996874288947 13837.538080988525 0.423005610243564 -0.5171152237472108 8.618428878196415 3.715188813976342 -1.190073841179724 -90 -12.291385830053382 597.2320762873313 13850.6937151998 -12.106061539365127 49.08882081673106
1776678380.4205348 | 1 1 1 1 10 40.900195825999305 -72.34997224589836 13752.740224843516 -0.9025592872671089 0.7111342189066296 9.477528026175092 -1.0931192597032213 -2.1255367081839216 -90 -12.68598231912005 600.1467396418426 13746.451096264556 -12.43724004023507 49.584587391731056
1776678380.5235333 | 1 1 1 1 7 40.900220968298164 -72.34993899527193 13659.09004354473 0.5881414310476503 0.7976836160996748 8.942861934514314 3.4539211932847618 3.8407004224174877 -90 -12.088926279297862 603.2476277075998 13641.236822740817 -12.38375280982652 42.2908225831962
1776678380.622532 | 1 1 1 1 12 40.9002669957885 -72.34993333271788 13570.42667171883 -0.6684841030028743 0.3774198264546764 8.335500431093088 4.042246644722869 -3.76804166781879 -90 -11.579913183299624 606.6749850669678 13587.329955057772 -12.079680235158843 31.80343566653006
1776678380.7235303 | 1 1 1 1 9 40.900281001988674 -72.34992125727307 13471.60173138028 -0.9206063253294106 0.3571579570867809 8.317025686233247 -0.4779487317131892 -0.3224349632368382 -90 -11.83668520162421 607.8704098140994 13475.952297578611 -12.14075374221321 40.86123652572621
1776678380.828529 | 1 1 1 1 8 40.90030083987138 -72.34991165267577 13377.53707918886 0.7130843680809142 -0.7667236619543385 9.20575322642186 -4.358035406081772 -2.338115282326525 -90 -10.952110304839392 612.4809950864818 13393.739265501805 -11.269743058291194 57.600715192202685
1776678380.9395273 | 1 1 1 1 6 40.90034116140151 -72.34996068912763 13280.335354796627 -0.570621619737046 0.5244415338726569 9.389594689101777 0.6463149931047871 4.160958563012533 -90 -10.849147150538997 614.1700356812529 13261.535182307423 -11.273581944935424 52.512162788822344
1776678381.039526 | 1 1 1 1 6 40.90032807018418 -72.34991645527317 13194.966738087636 0.6915030385324987 0.3456988455063026 8.291063453166249 -3.8261980828338515 3.9120188376376053 -90 -11.163256684973613 616.8309432475311 13199.90642736105 -10.97204341917396 53.67566732818465
1776678381.1445243 | 1 1 1 1 8 40.900341010976454 -72.3499276922988 13103.463768527852 -0.7278740291815269 0.444825621364362 9.92505089166379 -4.799703207742006 0.044150755868984426 -90 -12.147358647432442 619.4284940743148 13109.101802528607 -12.334458534672455 50.624089379125905
1776678381.245523 | 1 1 1 1 11 40.90035595559244 -72.34993231294989 13016.899192177632 -0.27481061826046127 0.6858341140733386 8.557210420173924 2.934307646872556 0.8871843107494657 -90 -10.50520131411748 621.8730507714954 13011.01801937998 -10.008873443043365 47.1039320914352
1776678381.3445215 | 1 1 1 1 12 40.90034025337036 -72.34989307652597 12932.65837603834 0.11385178615527547 0.5000169596940862 9.087048200421275 2.6087662949179684 4.324713701814403 -90 -10.723743336431651 625.9221409944498 12918.242196619707 -10.287508662974787 53.61098150572988
1776678381.44452 | 1 1 1 1 6 40.900324970501764 -72.34988754206529 12844.965035316864 -0.2246864614160311 -0.1493434574870791 9.379623599063459 0.12735733125095372 -3.4342874527707545 -90 -10.632685565533967 628.0885826797095 12849.645969604653 -10.370486766825499 67.85098331648194
1776678381.5495183 | 1 1 1 1 12 40.900294179131784 -72.3498952014028 12760.583514080621 -0.18536837477032098 -0.04851483424989822 8.117341311751376 1.794438809940278 -1.4534231592117228 -90 -10.531908046176873 629.7488372193817 12754.20661503929 -10.89670822434857 53.75035526442209
1776678381.6525168 | 1 1 1 1 7 40.900255178907834 -72.34990894662812 12661.518723997979 0.5550839375005707 0.6039706688743882 8.045434041764594 -2.902199254446457 0.5389300206684524 -90 -9.771784533987326 633.0763879611744 12656.523861539188 -9.800794068675401 56.15317500883317
1776678381.7555153 | 1 1 1 1 12 40.90020880119209 -72.34987132893642 12565.781719081522 -0.17593928923113267 -0.3204176192060515 9.870469109284931 3.200223978271559 0.22565306481102176 -90 -10.005142123547044 636.7782549042499 12548.11242892885 -10.22134428467199 39.903882504112346
1776678381.8585138 | 1 1 1 1 12 40.90022708056394 -72.34989417999125 12478.727501975685 -0.643330754816847 -0.1227147337436274 9.935394010779671 1.093305885010155 -0.01743929226160823 -90 -9.589505733320099 639.1076697288878 12491.401056785367 -9.114122727418108 39.11938529525794
1776678381.9635127 | 1 1 1 1 11 40.90021933397141 -72.34993339229824 12390.831635513996 -0.1374204344077774 0.48704216109577203 9.127170192559968 -4.553348414420676 4.854410521362535 -90 -9.612141388088732 641.0305228676236 12402.276278327132 -9.856647484552832 55.0909123753633
1776678382.072511 | 1 1 1 1 11 40.90025988489179 -72.34992537705276 12296.063836462525 -0.660540823352552 -0.560077505119055 8.069325696770278 4.168706741804259 2.170598921917647 -90 -8.902206638752103 643.2427128753773 12298.716550655448 -8.809204023481701 47.29773662676057
1776678382.1745095 | 1 1 1 1 6 40.900227166057284 -72.34994222891501 12206.30484627974 0.9196650391861603 -0.9891993165227424 8.300359886485792 -1.2167575337193504 3.67207003676398 -90 -9.483770362461247 647.2138719885108 12216.346081829282 -9.215621157669146 33.46931757477402
1776678382.278508 | 1 1 1 1 12 40.900209818167 -72.34996157983404 12108.42365435889 -0.9453711227322352 -0.6534793730444937 8.056880764139478 -3.286984146593311 3.491450313814795 -90 -8.700390624344974 649.8331178905951 12122.98335517495 -8.54518639936699 50.28484754584045
1776678382.3805063 | 1 1 1 1 12 40.9002217276683 -72.3499764006767 12013.358136866 0.8083371291431931 0.417421569246172 9.177680605767868 3.7933726087207535 0.11636613186135758 -90 -8.305116181911579 652.0496037435798 12002.645408862287 -7.930979424824416 38.411045320566785
1776678382.4935048 | 1 1 1 1 7 40.90023207170296 -72.3499418123572 11920.255535382199 0.12408788565498097 0.19366598561897264 8.362411979521264 1.3578243252042865 3.528857032725446 -90 -9.317838018199614 656.2890928099736 11910.937135032867 -9.462883502093753 53.929746339114516
1776678382.5955033 | 1 1 1 1 11 40.90021754948103 -72.34991408508735 11839.234809818949 -0.04729683463907697 -0.08424007296431668 9.755273134202785 -1.1379681588075066 -0.005177953947369751 -90 -8.82700459423019 658.4765136296503 11836.077096189012 -9.045798396451662 55.41995642048283
1776678382.697502 | 1 1 1 1 8 40.900238399637864 -72.34990605236075 11753.331905019304 -0.41655026345913093 -0.4340453893737548 9.961182654294586 -3.7983153544834583 -4.247544917031222 -90 -8.519370152799794 660.7562998986648 11735.276421067838 -8.548770993065537 58.53770760262906
1776678382.7975004 | 1 1 1 1 6 40.90020074244385 -72.34986394302827 11653.874504386931 0.4314743406208783 0.5945966852108244 8.862830881377832 -0.24090592148122614 -3.5398121054940814 -90 -8.957497020644176 662.6512210290306 11634.340723320383 -8.73733152690254 35.77669918746269
1776678382.899499 | 1 1 1 1 9 40.900200296208425 -72.34984852374751 11559.897363255533 -0.2045183523682088 0.22653861559879762 8.678875263267175 -0.015036036929134688 1.1014297553466248 -90 -8.594162245486665 665.5141409000156 11540.119470566424 -8.419742313916498 42.64023752258757
1776678383.0014975 | 1 1 1 1 7 40.90022695028099 -72.34988200541687 11474.134616587682 0.34701921938527747 0.233338939637884 8.194080262522762 -2.0961390135480364 -0.5867039142290782 -90 -7.096065495940033 668.3488939280877 11472.617991719879 -7.189044687524026 41.36058210622424
1776678383.1274958 | 1 1 1 1 6 40.90019587782532 -72.34989955171075 11374.526073021634 0.38575711528009804 0.46513520463404 9.32573201264676 -1.0418372139878738 3.903375387209959 -90 -8.062010728403475 671.9105245600691 11387.541833679992 -8.483507543604702 40.5724306727947
1776678383.2304943 | 1 1 1 1 10 40.90020592972221 -72.34988014008844 11292.209088663572 0.26087057214587905 0.7255384193909622 9.126792334270496 0.5113362686353682 -4.754004387509225 -90 -8.162691118428974 673.5353053810063 11272.745889108053 -8.415831946625465 64.632394778359
1776678383.3334928 | 1 1 1 1 8 40.90021494470979 -72.34983619991176 11203.137238846166 0.09098290204808457 0.6059609838322797 9.751110459830759 4.117885798313193 -4.922614542885513 -90 -6.7741573362124345 676.9807713456488 11183.619894513338 -6.769574744449525 47.621494411031236
1776678383.4334912 | 1 1 1 1 9 40.900171798933215 -72.34984934284486 11117.602421545565 -0.29815211713170564 0.05865263424724687 8.62969630153446 0.2957604890971801 2.667584142875759 -90 -7.597291176697773 680.4573513780609 11130.571801050204 -7.1466346552503275 51.76632072300969
1776678383.5354898 | 1 1 1 1 9 40.900122996633314 -72.34987742859025 11026.174861879892 0.3675776894373004 0.06370034761080312 9.260150801593264 0.6803646189572596 -1.6616562037472504 -90 -6.157597932486004 682.4916072083089 11010.919070844695 -6.36232102268073 30.731980159205136
1776678383.655488 | 1 1 1 1 9 40.90012037028763 -72.34991443107258 10929.327335948943 0.8166021379428419 0.5505792460191281 8.66121178230654 -2.621851938294796 -3.1002230779647078 -90 -7.680007883394943 684.7500831274173 10922.273840691494 -7.386242903531752 33.7658777079595
1776678383.7614865 | 1 1 1 1 10 40.90014303962127 -72.34994557287185 10838.356548023425 0.7932601337789593 0.7944603793635805 9.386857432944216 -2.3960714551582516 -0.4073491249058927 -90 -6.57623463851546 688.0421324792184 10842.818323376181 -6.079655675671983 45.73359038613514
1776678383.863485 | 1 1 1 1 7 40.90017731449534 -72.34990230634645 10740.7455992024 0.22569412745025508 -0.4915797910757185 8.505429309176053 -1.6327050311948934 -3.9234664967796773 -90 -7.435365976058922 689.9393209844048 10732.146672789837 -7.020834998450044 69.27181854979446
1776678383.9664836 | 1 1 1 1 7 40.90015263816683 -72.34989513703006 10644.122035813358 0.4570966125175189 -0.38904557603073586 9.77528766142959 -2.550136510486972 0.23410005956217095 -90 -6.3786493887753775 694.3488628057767 10646.672159200089 -6.198903670805002 31.857439015363997
1776678384.0684824 | 1 1 1 1 7 40.90016840117347 -72.34992922866836 10560.932311800905 0.5085489266007099 -0.1316808879678939 8.677890611382567 -4.674516062711901 3.685955306464498 -90 -6.424160183282826 695.8783733876696 10541.509706097911 -6.348335100705141 59.84870690543801
1776678384.1734807 | 1 1 1 1 6 40.90012684301587 -72.34991161647858 10469.689310324236 -0.5327723738708441 -0.7940670921459174 9.623101285669433 -1.1885650296155417 4.726330138309638 -90 -6.029751723091445 699.2916085515245 10483.936692200454 -6.428495358608429 67.14151515846677
1776678384.2994788 | 1 1 1 1 10 40.900160453359064 -72.34991401125522 10379.278047084475 0.44327499695812866 -0.5565453465964854 9.723717069375086 -0.4543058532087496 -4.364050265666897 -90 -6.273255803374385 701.8534922095355 10383.634910105167 -5.873352763513417 54.10726123663465
1776678384.4004774 | 1 1 1 1 12 40.90011790116024 -72.34987731033831 10281.18570167966 0.13516876730232408 0.2656283273721496 9.969750906798392 0.022419024819996025 -1.7741850976559101 -90 -6.141576184660341 703.9759869120568 10277.280985676525 -5.7587158353918815 68.56709544914415
1776678384.5014758 | 1 1 1 1 6 40.90012311366621 -72.34989131984354 10183.158812097226 0.9526844916026644 -0.18355197320202166 8.05907565291563 4.204122248013375 -0.5885522912449392 -90 -4.5353903285492585 707.1574166176594 10177.19247599295 -4.530624776929483 40.66506410982754
1776678384.6024745 | 1 1 1 1 10 40.900113800659895 -72.34987656543946 10099.922854809063 0.9693752937777449 0.9478818671460896 9.911808321584394 -3.608738350937073 -0.7833466553350155 -90 -4.401660682186764 710.6648657508825 10100.833318536012 -3.998240741877214 50.50759344095654
1776678384.704473 | 1 1 1 1 7 40.90014477384037 -72.3499248650511 10019.042948697206 0.7133240202662166 0.9076177602080284 9.021094320725126 4.17020872703649 2.534925861902268 -90 -5.614826564238322 712.8465055045335 10029.283960155282 -5.713273230929829 63.31659372147172
1776678384.8104715 | 1 1 1 1 11 40.90017840472744 -72.34997348580906 9938.757717877334 -0.6966708142026345 -0.30463039808221537 8.978382495218687 -1.340574039644824 4.996110615270002 -90 -4.785460138183863 714.767152936605 9946.489959395853 -4.798805593595601 34.835831287307315
1776678384.92147 | 1 1 1 1 9 40.90014864939545 -72.35001659488408 9852.798824510188 -0.06372410971601594 -0.8201151920250633 8.893948615350828 0.26846710691132536 -1.6948960718575288 -90 -4.363914626074287 718.2367165114713 9869.246260231075 -4.419553409577116 31.47633117002203
1776678385.0234685 | 1 1 1 1 7 40.900175330273655 -72.35000029234612 9753.821886791779 0.2602627909205182 -0.7666058022036737 9.256666205386557 -3.1622485972021352 2.255430689711819 -90 -5.284943871294291 720.5698653506778 9746.798549992416 -5.599863792816086 48.219032970209355
1776678385.126467 | 1 1 1 1 9 40.90019413117069 -72.34996282952045 9654.482719138832 0.17335056910352886 0.343163134019699 8.86020090536685 4.246043308340843 -1.5285568775070124 -90 -4.581553330602993 723.2225601896791 9642.290159125849 -4.493168534066776 43.674710780346004
1776678385.2274654 | 1 1 1 1 11 40.90019933493511 -72.34995795196905 9560.908270407203 0.3737350208077044 0.5537415211080967 8.583517909759435 -1.2142744014990257 -0.5309339578149448 -90 -4.378413056988919 726.3687411546636 9546.734331300366 -4.869808808701265 63.24068698300201
1776678385.334464 | 1 1 1 1 10 40.90024638286649 -72.34996350265858 9463.231633062653 0.7319913053788338 0.6903959616931306 9.779594911089326 1.9009504194501652 1.1986012334598461 -90 -3.1179012111648596 728.4393030952342 9478.36239968695 -2.903891317063424 59.53534239474716
1776678385.4714618 | 1 1 1 1 10 40.90026022307408 -72.34994799996028 9382.175647465927 -0.7207200548634807 0.49522083136245354 8.635102233202009 3.5074268106987123 -2.9032943574166037 -90 -4.008941985287688 731.6658681550048 9385.327415689471 -4.469314166771633 54.56344993936324
1776678385.5764606 | 1 1 1 1 11 40.900299037737994 -72.34999535568825 9294.037964775189 -0.8826857912079118 -0.23603254900840454 8.038409203527937 1.749924944770294 2.573480003946292 -90 -3.8640171218460986 734.5750287476175 9302.34373421204 -4.309563235006873 37.48059043225775
1776678385.680459 | 1 1 1 1 12 40.90032321110664 -72.35000433608242 9195.413299763542 -0.8695468603762617 0.8598652283376684 8.669225636584352 2.139806942363035 -1.4739304149764996 -90 -2.936886482861956 736.5506516947614 9204.27421156486 -2.931827120023327 66.99234461557728
1776678385.7834575 | 1 1 1 1 8 40.900339642269465 -72.34999542735959 9112.86353253232 -0.5168126434456382 -0.6891433746182769 9.391002270854493 -4.351578052002505 0.5821776257368239 -90 -3.0855417920334824 740.4869800273487 9113.239486108847 -2.6556163760919658 33.01246471916003
1776678385.885456 | 1 1 1 1 12 40.90029626090603 -72.34994765621879 9021.593652767608 0.3071927029597892 0.9794463034427656 8.069222645746132 -4.045332971739269 0.3745292449149451 -90 -2.0985811272961543 741.4480610267 9018.758598806977 -2.3276120498328643 65.11670224901152
1776678385.9894545 | 1 1 1 1 12 40.90029967961275 -72.34998693995996 8937.77520078554 0.9820293757355107 -0.35560898581736433 8.772472950668483 3.0944829760091626 4.4895367018435195 -90 -3.427216055679372 744.8297398030359 8937.517759880799 -3.7507450674257696 33.567360411203424
1776678386.092453 | 1 1 1 1 6 40.900256187336 -72.34995526282827 8844.426177316323 0.7892597348726282 0.13911277505342268 8.802026435518648 -0.16195477046105022 1.3585158119927385 -90 -2.1404948118328275 747.7617802475885 8830.28227838457 -2.0553184319080646 34.35173722610261
1776678386.1924515 | 1 1 1 1 12 40.90022244111004 -72.34995844921534 8762.191342045964 -0.33569641200363276 0.7071211383641269 9.399855172666149 -4.301203750079847 -3.016139915872661 -90 -2.994974383630951 749.9927097229316 8758.447435733076 -2.527678769997272 61.55840217042781
1776678386.29245 | 1 1 1 1 8 40.90025291497154 -72.34995757707334 8677.313255903804 -0.4137274044117938 -0.5994565825886049 8.161134123233614 2.586413057140935 4.053249355826727 -90 -2.3849590227703645 753.3658185254293 8667.112226240437 -2.259139042185371 54.977818166676215
1776678386.3934486 | 1 1 1 1 11 40.90020554663114 -72.34994232284505 8594.602520267568 0.7249845081642701 -0.732632836003716 9.099224196166608 -3.9507944988723676 4.900251188112728 -90 -1.4113035299777004 754.2248457545478 8610.114355600905 -1.0473683245222767 53.02897474878432
1776678386.493447 | 1 1 1 1 8 40.900199168801194 -72.34991253768766 8509.681152334631 -0.8893425028767445 -0.14325273582914377 9.083690320015512 4.809468159449388 3.8349831059901565 -90 -1.212166186884529 758.3928689955992 8522.294420196295 -0.9206348231143275 31.043474439228508
1776678386.6064456 | 1 1 1 1 8 40.9002425907456 -72.34995484596027 8410.44059470897 -0.3900259184868544 -0.999013595012626 9.438773796807759 2.171618494672268 3.1536152549101484 -90 -2.1802163634264375 760.7400745720056 8413.638162945977 -1.848464626199054 64.85007370259663
1776678386.714444 | 1 1 1 1 7 40.90019636512823 -72.34994719423787 8315.662568310807 0.23083397407081008 -0.8019765682528375 9.747806619582425 -4.895624756681212 -3.684428116379178 -90 -0.8296262534763363 762.9889809034444 8311.994861167295 -0.4116921555711357 42.258924774370215
1776678386.8144426 | 1 1 1 1 12 40.90022872590993 -72.34989992390635 8230.917136078944 0.8691957184240471 0.23924134175649758 8.105184887885056 -4.833670241209914 2.631870396650772 -90 -0.7418303809900599 766.1860112382633 8244.609064749156 -0.5674850779308085 40.68621298664631
1776678386.914441 | 1 1 1 1 9 40.90026565317984 -72.34992326454768 8131.731892343735 0.8799718445722764 -0.17856429580180033 9.72993251614053 2.4023359404518896 1.4125857652937022 -90 -2.219021895246567 768.1379468919621 8123.673655732616 -2.4860538203827605 55.266286197147885
1776678387.01544 | 1 1 1 1 6 40.90026871735923 -72.34989255792264 8046.327745701782 -0.1953156268547671 0.9190248145564228 9.531181660194088 -4.545160650916809 1.879366875838321 -90 -1.202820698214283 771.4877573132405 8063.724494347141 -1.1790371410966243 67.77705721158381
1776678387.1294382 | 1 1 1 1 11 40.900291850975606 -72.34988902480062 7957.212509950763 0.23758921796549015 -0.30023046111453655 9.788268871315715 2.6456812455376255 -4.084657411235806 -90 -0.8760227625254073 775.0813677594116 7948.085120897577 -1.1978604094511307 48.7432360790773
1776678387.2324367 | 1 1 1 1 8 40.9002773729527 -72.34985776711292 7863.415981827495 0.6466406801488538 0.8650125317172341 9.338165986730342 1.165777466683413 -2.549057118236584 -90 -1.0716726309417792 776.3466175320941 7878.307105810671 -1.4811826096882996 59.28001752927369
1776678387.333435 | 1 1 1 1 9 40.900283223897084 -72.34983761354017 7768.595887272428 -0.8665591976231666 0.9888748276206885 8.33877718885483 -0.751669098596591 -4.761821048219382 -90 -1.2261682154806641 780.3223359454447 7749.583320764672 -1.1160264874385923 57.21842041047657
1776678387.4404337 | 1 1 1 1 6 40.90030789417703 -72.34981818046742 7677.247693055508 -0.4985460544292404 -0.9231136672930345 9.276425419893108 -0.5475834899559162 -4.405454213944626 -90 0.2015659786909676 782.1484518394453 7674.356149944208 -0.12701295474096252 64.08151483363238
1776678387.5444322 | 1 1 1 1 6 40.900320255950774 -72.34982881657896 7592.059468115548 -0.4218099509421631 0.3782037069820987 8.321962230266 0.058667629991711046 2.2375645117912217 -90 -1.097543013731966 784.946170802221 7603.103970734131 -0.9826841461246449 42.04743125408061
1776678387.6474307 | 1 1 1 1 6 40.90036138758417 -72.34986385630945 7508.435255622529 0.7409890177080607 -0.9810264088663545 8.415420177965041 -0.12053147033488187 2.7311577125660325 -90 0.8550819572167621 786.8247235649826 7511.198055612095 0.5443013571926851 45.68797459327406
1776678387.754429 | 1 1 1 1 10 40.90039848856227 -72.34986425191151 7415.135806721319 -0.29201486179829095 0.7622923561489177 8.619551186874643 2.9508150165040536 -3.835904278936014 -90 0.038122136716300714 791.4200264556031 7401.4976870457685 -0.05834615221570094 50.47531962610115
1776678387.8584278 | 1 1 1 1 10 40.90044066472852 -72.34981621667679 7323.907523193318 0.9270602578409273 -0.8778597669166681 9.843547793490615 -1.1734514410081545 3.756274116503377 -90 0.5246146721163247 792.505691321275 7329.652528305519 0.9202980793871856 60.73084677702094
1776678387.9594262 | 1 1 1 1 9 40.900404990142285 -72.34978247244976 7232.263786701367 -0.3866751807147262 0.7730605287008443 9.828747955239102 0.7627918871318933 3.428865219737114 -90 1.0162305936672553 795.6548014459481 7229.6471080403735 0.806444185393238 61.766753949795095
1776678388.0624247 | 1 1 1 1 10 40.90037198050021 -72.34979727374335 7147.771416237503 0.9383430497957719 -0.17509636200797885 9.903638421527567 3.9667156491148923 -3.5980398745461653 -90 -0.22629467219575683 798.8969599504478 7148.103608525175 0.0410395461934977 54.14419599319462
1776678388.1644232 | 1 1 1 1 7 40.90033792397775 -72.34984336562663 7057.410418196501 -0.8327989623947436 0.9450718027028835 9.756661335349676 -3.8812276758967923 4.807134423617253 -90 0.06576746137169232 801.5600413036104 7039.227371898095 -0.13078632776088117 36.34303514196649
1776678388.2894213 | 1 1 1 1 9 40.90031436097434 -72.34984356456873 6969.390021563709 -0.007466356130497953 -0.06346938449561024 9.420878743402227 4.762329380739866 0.8134791101269254 -90 1.2738175999008468 804.5446694239403 6971.913571393399 1.0342027134290945 49.53299209216988
1776678388.39342 | 1 1 1 1 10 40.900265833343525 -72.34983386848131 6872.61229667819 0.20182511721305385 0.250456459204641 9.95486637889508 1.9009424979792247 3.7458003873741745 -90 1.6077612587423444 806.4567557628077 6885.040777446153 1.618574618223974 62.30125030944767
1776678388.4954183 | 1 1 1 1 11 40.90030828523643 -72.34986500944869 6779.930346020589 0.1656568784043715 -0.045441339369169276 9.013470269380994 -4.472024356271827 -1.6105557828956552 -90 0.52985491805085 809.5312689489612 6763.247105633481 0.5040815249113686 46.22174742424322
1776678388.5984168 | 1 1 1 1 6 40.9003420288084 -72.34991380781162 6694.312083460069 0.6653046640849052 0.8045726297686362 8.617386742601381 2.427748526917151 -2.4760019826379507 -90 1.181681742331324 812.5699979546615 6690.588354863557 1.0211983467619403 31.18669313082102
1776678388.7014155 | 1 1 1 1 6 40.900350404769256 -72.34987069006138 6598.840044722854 -0.9533458533490657 0.7972863873955247 9.998969147335616 -0.10360002317842376 1.010682163104435 -90 2.644056346487604 814.7484268394302 6601.701410183355 2.4929708634993095 61.8824861075278
1776678388.8024142 | 1 1 1 1 10 40.90034105121646 -72.34991952091869 6499.255472436405 -0.023711622517244013 0.00843004894461341 9.902879677974385 1.9017194149552585 -1.092787554137531 -90 1.9481988401008823 817.2425647796556 6496.3610214200235 2.232745868135329 34.57817622371583
1776678388.9194121 | 1 1 1 1 11 40.90036777646725 -72.34996702009578 6403.046537245222 0.553167842117789 -0.7764458583946205 9.31403385559318 -0.7141718689941765 -4.02689292323121 -90 2.3541226033226783 821.3092079698357 6418.890262735765 2.5167417295106698 55.345769183997085
1776678389.025411 | 1 1 1 1 10 40.90036481888988 -72.3499773273464 6322.429908517836 -0.49080475635969467 -0.06394762631181616 8.881585786131563 2.865943423159618 0.45898433001034356 -90 1.773573288500611 822.3427344180578 6307.532876766347 2.16034712330971 32.485014021319685
1776678389.1264095 | 1 1 1 1 12 40.90035194102412 -72.35002067585373 6240.685640835014 0.2664409431896382 -0.9912108026072244 8.998242145744399 -4.307467062291814 2.8961484870973155 -90 2.2309850859599063 824.8311912921108 6242.336210501886 2.150689415245754 47.37251433541256
1776678389.2284079 | 1 1 1 1 6 40.90037189341212 -72.34998472461756 6154.0863897015215 -0.6310267845060029 -0.24382394201404023 9.841419555323704 0.8158424730797078 -4.232494687812167 -90 2.3922373911664474 827.7464701952549 6142.713743475349 2.2261979720832823 42.26532783829663
1776678389.3294065 | 1 1 1 1 11 40.900407115448296 -72.34994014946056 6066.431068042332 -0.4396669058070979 -0.32959158584412385 9.583955745409627 1.088478759246927 0.676327090115616 -90 2.206378268985178 831.5690280866455 6078.4348153798255 2.416475388179372 63.74955215464838
1776678389.4414048 | 1 1 1 1 8 40.90037570654142 -72.34998199969615 5980.404581210077 0.6648092939535191 0.6204219885117181 9.702415256777833 -2.5873786477434866 -2.5776634082754333 -90 2.6105345037032563 833.4965763157393 5964.965005747978 2.8284080561932354 30.64224142178623
1776678389.5404034 | 1 1 1 1 12 40.9003847027753 -72.34999669238925 5890.104452040042 -0.6509848704032313 0.09857223793448444 8.91372890689616 -0.25130295706166006 0.9046991836937623 -90 3.773321972896628 837.1591840691539 5877.496613072731 3.7442815551735187 37.68212986681195
1776678389.6414018 | 1 1 1 1 7 40.90039975183349 -72.34999721847757 5794.030237997149 -0.1209018522727443 -0.01216895688225561 8.684305320751632 -2.16665012626011 0.29886093309235484 -90 3.2545036619905066 839.8743131010293 5791.044268752573 3.7333825811735624 43.50973208344225
1776678389.7424004 | 1 1 1 1 10 40.90037912510982 -72.34996630459968 5700.357322864732 -0.43326823500048683 -0.4547670154440373 8.993251962540798 2.556484462092227 0.1529200566711335 -90 2.823329664679945 841.5145770374423 5704.414083233794 2.716933541965849 38.52117607701155
1776678389.8433988 | 1 1 1 1 8 40.90041668796847 -72.34998522104759 5611.402138033711 -0.8052841262974235 0.8147386414715747 9.574326025831903 2.867517321522394 -4.656013282621338 -90 4.0201217306783885 843.9960079763607 5611.859071852555 4.14446410769568 57.945007455960315
1776678389.9423976 | 1 1 1 1 9 40.900399288004614 -72.349993168787 5514.80080359108 0.008881314149649544 -0.44090053411765084 9.709227404178744 -1.3936667009296135 1.8456564748576252 -90 3.9882148064911984 848.2096598708418 5534.650198171821 3.584868835900404 42.39921424873431
1776678390.055396 | 1 1 1 1 12 40.90039077110878 -72.3500383826631 5424.839104297495 0.34606978676146705 0.7747910484575642 9.601873144132409 1.5898789026096205 3.513382761618903 -90 3.60829759354636 850.4663456459599 5439.718859052961 3.5857253512942235 33.78809323555607
1776678390.1583943 | 1 1 1 1 9 40.90037333347481 -72.35006293200327 5341.833939497928 -0.5942573586812339 0.9751667362088818 9.069167993025493 -0.1475438725594671 -2.960474478458891 -90 5.017788564175739 852.3490485931734 5323.5761886490545 4.931426133424554 39.445098855144515
1776678390.258393 | 1 1 1 1 6 40.900333821636806 -72.35008199661583 5259.415036189687 -0.8020024175192917 -0.18662812888353564 9.530302833460578 0.19648768469419764 3.097486479909474 -90 5.0475767399368365 855.9764527683898 5260.92530628532 4.986787902673573 59.32656771603768
1776678390.3583915 | 1 1 1 1 7 40.900374328907915 -72.35011663390898 5168.970080121081 0.5420764190884546 0.7928018767035903 9.06042886551089 4.9196794155656445 -4.2687021606853515 -90 4.586779488544912 858.7436397254922 5185.25452581932 4.128165262231718 54.67185092854095
1776678390.4583902 | 1 1 1 1 9 40.900367715822796 -72.35008992627328 5069.8216304420885 -0.197021486497585 -0.8679102837831882 9.154624070412822 -1.2670867974771927 4.801058652307642 -90 4.010026317092122 861.0204628406892 5052.722197709317 3.779672906564665 66.31562863124424
1776678390.5583887 | 1 1 1 1 8 40.90038201635148 -72.35013142517028 4988.252630947028 -0.02138796459380954 0.4259449385064986 9.253196282260765 4.012270893542546 -2.181218822740382 -90 5.1004134366794265 862.9796471024061 4991.618432712057 5.225076902667408 56.96907997924557
1776678390.6623871 | 1 1 1 1 7 40.90036414209703 -72.35010840693134 4890.742919529945 -0.2441232561739819 -0.6924851759758557 9.081806257377412 1.4967191868397434 0.4266816086999148 -90 5.028447317839949 865.8851446968439 4897.431236495817 4.72631895233313 56.72818497776007
1776678390.7623858 | 1 1 1 1 7 40.9003208306189 -72.35011211070922 4803.823469374675 -0.8812507968116932 0.7423261340484804 8.25629744396589 -0.44841126633763295 4.225562477976295 -90 5.644599689492111 869.2940808668335 4796.823869443752 5.400804296620795 66.38522991142207
1776678390.8633842 | 1 1 1 1 12 40.90033218399238 -72.3500675646494 4705.846720587531 -0.38160465691642065 0.8311956535271945 8.068115372456784 -4.605357249530413 2.0844049038480117 -90 5.609476443966367 872.4680369130875 4688.379814319987 5.236249006390015 69.20145811447995
1776678390.9633827 | 1 1 1 1 10 40.900341337636775 -72.350056248508 4617.60846743499 0.2699295659752978 -0.990425404299716 8.340084016662683 -0.7917068527843876 -4.673966266001257 -90 6.7533220130720615 875.4209525991846 4615.30375485985 7.12595822003103 38.052468621905845
1776678391.0643814 | 1 1 1 1 12 40.900303244087134 -72.35007985701874 4524.547292120576 0.9911554343997306 0.22881641061096314 9.247939998686581 2.8109488286230624 -3.5771228825007673 -90 5.176751218695398 876.8921891260034 4521.677901691595 4.9469707734089825 64.94488175754245
1776678391.1853795 | 1 1 1 1 8 40.90027354771708 -72.35010704148037 4443.020906720932 -0.4102021065088757 0.6965225628539069 9.98254219826119 0.40659383431368745 2.1587374945277427 -90 6.663965058627372 879.4649071457956 4450.528611953102 6.636521231759671 64.62532844456295
1776678391.288378 | 1 1 1 1 9 40.90029505936131 -72.35007436188377 4347.130505697715 -0.6042748457440896 0.5609780683729328 8.802224224934076 -0.5232772252917268 -2.4124575949364124 -90 7.171050804775011 883.5832362680578 4329.04095743888 7.573115974558949 32.51223186767979
1776678391.3883767 | 1 1 1 1 9 40.90030939616775 -72.35009721715242 4252.081815238068 -0.8474870733264668 -0.5282153228464672 9.950655577094404 -1.531469417377017 4.95075519189707 -90 7.281989332003666 886.1895793964849 4253.157710827827 7.715130940741711 37.271415641901996
1776678391.4873753 | 1 1 1 1 9 40.90032841748829 -72.35009210265211 4166.113185747606 0.8508302170970226 0.12705606786788914 8.50011707695469 0.9395039791660036 0.36247421580664785 -90 6.58171278273086 887.6781687658513 4150.903567828424 6.26279717777981 54.888841771575361776678391.588374 | 1 1 1 1 10 40.900046223327415 -72.3500164156019 1.873857619887351 0.18421010303321728 0.42561070211532237 8.041156998166533 -0.7153652188438819 1.0350077346155837 0 14.07499366054526 1013.8665700879959 11.789207510648305 14.308058366489536 37.44516885483894
1776678391.6883724 | 1 1 1 1 11 40.90000303726906 -72.35001384642537 4.028416794535615 0.9330044972341336 0.6624747305027026 8.333487911492227 -1.2011603385710234 2.6602676112280434 0 14.961345416246381 1012.1168944439686 7.644959105436469 15.292721627924795 37.66544512155627
1776678391.791371 | 1 1 1 1 10 40.90004531550035 -72.34997004127074 4.90508944206007 0.08648121091007255 0.3364808748261203 9.013944074076411 -0.4487989341004708 1.1461742376378483 0 15.105327360632986 1012.5608118854897 2.293348682089582 14.783644197667453 37.36442564601908
1776678391.8923695 | 1 1 1 1 12 40.900026057036676 -72.34998853770111 0.47985810205126267 0.9188035637937524 -0.5733124386524027 9.632997023443108 3.4094916790333265 -1.2157656173376208 0 15.790267285892996 1012.2899538694124 17.46653291894418 15.799537634595655 63.38183238711029
1776678391.9923682 | 1 1 1 1 12 40.90007413116988 -72.35001020452877 1.133480080366327 0.15225621441782566 -0.2892857273165854 9.264970253379449 4.829011098368884 2.594664424716485 0 14.491126830949256 1012.5267509300608 0.06720042899613565 14.893416342206926 45.69172410716568
1776678392.0923667 | 1 1 1 1 9 40.900090981980924 -72.35005810912597 2.814234088612273 -0.8959854075392981 0.42633090368294435 9.18079841435376 1.2738698997912188 4.869272593018074 0 15.96115446665246 1013.5392512722693 8.869816503231611 16.18797133990146 35.113519403576404
1776678392.1953652 | 1 1 1 1 8 40.90009680690858 -72.35010473998308 1.2822782476040195 0.4781859641327306 -0.4488876578971661 9.829029773917444 0.03421884705252154 1.178537266682281 0 15.713087414373346 1012.9987212639767 13.131365688495954 15.834161688469582 69.61555370634325
1776678392.2963638 | 1 1 1 1 10 40.90011680638349 -72.3501032105449 2.393781371983957 -0.8362087293608911 0.05611074261496962 8.496874335466254 -3.286138252840831 -1.627524077596071 0 15.140346231134227 1012.5160577684727 -0.5639612967154211 14.684980085905956 59.78211857750182
1776678392.4003623 | 1 1 1 1 7 40.900128054195726 -72.35012116181049 2.1989600727148932 -0.12029739249135551 -0.1526061262204812 8.956601431993018 -2.0501253514739446 -4.544975908635109 0 15.917605210070953 1012.2574408514786 11.963211287285777 15.77650640958099 51.060480221001285
1776678392.4993608 | 1 1 1 1 9 40.90016920584157 -72.35009569448223 2.521996456722066 -0.5453465253951622 0.09683449235902852 8.505299545228585 3.289926438456103 3.7623057058956473 0 14.784598111194931 1013.6213694022069 -17.428272858033573 14.494233500508805 64.29630010367342
1776678392.5993593 | 1 1 1 1 10 40.900207613118475 -72.35014411003363 3.366766534468846 0.18278882509684036 0.5293102102252287 9.69491318391666 -3.3848502751149647 1.7255679837530815 0 15.00259208556909 1013.5810318085056 12.639305281539096 15.267939820931431 52.1093359547126
1776678392.700358 | 1 1 1 1 8 40.900252294447036 -72.35011100439927 0.34449275081157027 -0.006306038708989714 0.23634502849122718 9.065862490010497 -1.9396640745528848 0.8300162244035167 0 14.346198236241184 1012.7124268152119 1.0965492620567743 14.417755853470991 37.74525679951029
1776678392.7993565 | 1 1 1 1 6 40.90020276525708 -72.35010239848481 1.505268096403423 0.9176610098248255 -0.5027805019469738 8.968607840353558 2.9284042923666656 -4.537297035916101 0 15.085406754536026 1013.3108814835477 19.969193034050985 14.916260440288076 36.95394724755739
1776678392.9173548 | 1 1 1 1 7 40.90024222129158 -72.35010045318454 0.045653593588030894 -0.09531742767803375 -0.5684930926545408 9.873247955411376 2.543501943448666 2.0302288891925944 0 15.562911422584442 1012.1056227595091 1.1732148319766038 15.366482813188519 59.2534055382101
1776678393.0193534 | 1 1 1 1 8 40.90022254757058 -72.35006775330666 2.3585894614143648 -0.7648108810107528 -0.5032286687240901 9.02132806543347 0.6330170144718785 2.4405971510850595 0 14.212375004044368 1013.0222130625007 21.131160402497525 14.415657014389542 69.81502294373334
1776678393.122352 | 1 1 1 1 9 40.900214043183844 -72.35010456850013 0.5400344951444047 -0.9301333305287218 0.9687057851246765 8.889292106162626 3.2540057661118684 4.565386545337823 0 15.217665954663378 1012.5887874818687 -4.618925027074764 15.364852056967534 52.717789975648
1776678393.2233503 | 1 1 1 1 10 40.90018564725175 -72.35014523013143 0.8038446232760216 -0.6936656082408441 -0.6498582715666448 9.640529541150926 -3.9929456916360637 -3.746952486534969 0 15.734630051538987 1012.9489028961798 19.994791313741302 15.728112164327856 51.57042591560386
1776678393.3263488 | 1 1 1 1 8 40.900207242041596 -72.3501243720013 2.158719098660508 0.5408494390885723 0.9741479257081993 8.629714866293769 1.1936169844965328 -0.49645671297314564 0 14.08420123184873 1013.8475148335727 -10.363254257392445 14.168128907732159 39.63133636038259
1776678393.4273474 | 1 1 1 1 10 40.90023005004862 -72.3501005900116 3.5943455521932055 -0.597451908413243 0.6768576221938103 9.148983357120391 -0.8240491427042773 1.0171918073101764 0 15.903757318511573 1013.6782119885501 22.502064783067574 16.30690819663087 59.70033666780621
1776678393.5333457 | 1 1 1 1 10 40.900210119701605 -72.35005106422733 2.2960418657506274 -0.31920921629084487 -0.23897917476399244 9.10227731725115 -3.178319985034419 -0.8784897957810136 0 15.945369014104482 1012.4468948517751 -17.180075968537 15.782583711846671 58.77138853659873
1776678393.6363444 | 1 1 1 1 10 40.90019787399576 -72.35009958183855 117.08686633669448 0.656142664562078 0.5046321235573612 11.47291391606868 3.326842488824612 4.776630095057824 120 14.036911813464446 1009.6004867808964 123.19108603090784 13.628156992577248 53.69645297226919
1776678393.738343 | 1 1 1 1 12 40.900152670031424 -72.35014067431203 241.46159240189604 0.6202586593922392 -0.45317674586821677 14.759512624374223 -3.204328548284252 -3.7196109786254183 120 14.700801348099507 1004.7630317187154 251.79935717200445 14.634838877887773 31.4986599263825
1776678393.8413415 | 1 1 1 1 9 40.90019575840187 -72.35009458316684 366.127735816205 0.6550815751139147 0.7272344816361944 11.153074957384534 0.35567462241101033 -4.933458352257633 120 13.3884307933532 1001.4614562682581 352.4229106510143 13.882731769845375 61.317170399424725
1776678393.94334 | 1 1 1 1 12 40.90021123113718 -72.3501258202263 482.5148472030801 0.34508439880685415 -0.19537219133989758 11.225553192616744 -2.571057731791454 -3.1153068127613412 120 13.902032876219627 998.5973912654218 472.5873496818667 13.788565310940681 60.04558878360728
1776678394.0443385 | 1 1 1 1 7 40.9002317523822 -72.350108121638 598.7980378028666 -0.42733319902372147 0.16196214103359652 13.542809924027083 -0.8575444280044255 0.6097036579473656 120 14.703220192850697 995.3834132166678 616.5228345367643 14.275796945571502 64.92383617170164
1776678394.145337 | 1 1 1 1 11 40.90020815455521 -72.3501466811167 715.4251121776035 0.8898498844692029 -0.9518158696816412 10.913735652852711 3.0922373415646245 -0.4937727999839989 120 13.218854727854815 991.4154314166636 730.5980431440419 13.093341055525318 59.259697203914016
1776678394.2463357 | 1 1 1 1 12 40.90025216081972 -72.35018592453088 841.2978355780203 0.38385016059888355 0.27662930527053975 13.06043127793475 3.3415852405220576 -0.3136197373532612 120 12.932699216568702 987.6420603698076 858.0902225959624 12.718400649379634 44.58914232758977
1776678394.348334 | 1 1 1 1 6 40.900254940140975 -72.3501897984148 956.3677111256776 0.5412618013007202 0.8846863546408557 13.562226764749042 4.834270948548086 3.582642281745855 120 12.246864255793932 984.2981867590272 956.8957348080231 12.601960271542392 60.82619934202418
1776678394.4513326 | 1 1 1 1 12 40.90026667374865 -72.350232000631 1081.2043416037486 0.7252595924591638 -0.050655329646274616 11.876376490230903 0.06606349398070588 4.813195914119142 120 13.532262278983403 980.6545119118925 1093.7244185948023 13.754855176628503 48.44378824405698
1776678394.554331 | 1 1 1 1 7 40.90024345579769 -72.35024763532402 1193.3433048805896 -0.28491989391724304 0.6217777204932617 9.376142146721731 4.504744894548034 -2.7817302930181818 120 11.94855351422387 976.9315903767615 1202.9069614107984 12.1546965501249 49.54770533737076
1776678394.6703296 | 1 1 1 1 8 40.900205418883566 -72.35025053394739 1305.5618670692895 0.7775303614391011 -0.7871395711697897 11.342144656373348 -3.122002208879974 1.4508446252182141 120 11.593325042024905 973.9806273725112 1299.9471666609147 11.280580147269992 42.89086555148481
1776678394.771328 | 1 1 1 1 8 40.90016949543062 -72.3502401939668 1422.4944557996143 0.9731198981822178 0.8513507657502535 9.120134896746032 -1.848297330879424 -3.4932656234546275 120 11.337737533751053 969.5420759148055 1424.486426697095 11.1909721974064 52.95247465162853
1776678394.8753264 | 1 1 1 1 7 40.90015679455942 -72.35025582455303 1552.4002849626338 -0.10519772185282017 0.8747356904802575 14.351276030053224 -1.4793190085145556 -4.916281562308575 120 11.574320364311472 966.4697360332431 1569.128535571507 11.608423196046882 61.221059648187975
1776678394.9793253 | 1 1 1 1 10 40.900125380683285 -72.3502666098891 1682.1999420123027 0.9050313242362686 0.5805870573996987 10.29107215857602 -2.027306206274951 1.429596835651493 120 10.840758260335305 961.5928387569469 1680.4409682953683 10.451780675132177 31.099966643558435
1776678395.0803237 | 1 1 1 1 10 40.9001131751724 -72.35025717014159 1807.4766554226544 0.42298334136772 0.5226305555975814 11.725674514593917 -3.956935810114075 1.9550034292645826 120 11.897966968759157 958.1916368231041 1794.797599573137 11.861236961592377 45.54741357889503
1776678395.184322 | 1 1 1 1 8 40.90014985115825 -72.35020770231183 1919.3912661632276 0.005871944666141049 -0.6664560072926042 11.32034662657501 -3.3239815519563596 -3.2518393878166374 120 10.33755381862792 955.3628027051464 1913.030244705153 10.602750095434658 53.202262355969
1776678395.3153203 | 1 1 1 1 8 40.9001132300505 -72.35018043722165 2036.7092274053684 0.36993275605285114 0.5573190832364714 10.839602146204866 -4.738146759043018 4.229488349084127 120 11.398404159065983 951.2094772045022 2056.557430939313 11.572709887223196 65.86697912977691
1776678395.4183187 | 1 1 1 1 11 40.900085182618014 -72.35019668362237 2148.7860307868823 0.0730834180309623 0.9825255622630056 12.981824939138239 -3.7887548893774934 2.2941903258636733 120 11.665379141042898 948.6965125557357 2147.7571104388862 11.453384809481056 39.022117819989305
1776678395.5193172 | 1 1 1 1 10 40.90006681536892 -72.35015610801025 2268.2538597349517 0.2930002362006947 0.21432031796662598 11.850173341933658 -3.670915220726595 -1.342464580987346 120 9.68250484653969 945.4101670477464 2281.2553857112557 9.18552436265839 69.56949143761005
1776678395.621316 | 1 1 1 1 11 40.900042584602915 -72.35016690351297 2385.434338768941 0.5824730637233486 -0.07379078135278472 13.633627900558261 0.9724413463699939 -0.1286756314879236 120 9.951435999486797 941.85965667563 2400.2841150708487 9.753031083014676 64.15692275975678
1776678395.7233145 | 1 1 1 1 11 40.90009064808824 -72.35016795833866 2498.3876485722362 -0.37361724571069566 -0.39309429564424003 14.495669524237657 -3.3791003982161696 0.43820507824134136 120 10.352354757592266 938.2018332592061 2500.3896757933007 10.434742787860486 69.94803271596979
1776678395.8283129 | 1 1 1 1 7 40.90004296714252 -72.35013940111337 2616.1999772144236 0.025741477521237677 -0.012393863951607909 11.33407154603443 -4.715380567901929 2.9482073294262348 120 9.455964677528288 934.3934421858659 2603.960322535277 8.975727029148796 67.10336409095734
1776678395.9333112 | 1 1 1 1 11 40.90005710430274 -72.35016262807227 2728.997318014133 -0.19672871402825853 -0.9413413146000631 9.187565885681481 -2.803231473604859 -4.857484979659121 120 9.437825749960263 930.7624785739358 2710.0615264336 9.416101498670399 43.225646689454095
1776678396.0363097 | 1 1 1 1 10 40.900077758020586 -72.35012175620324 2843.00487182732 -0.3626376590931073 0.4002400889818649 13.526393050960554 -0.5490731321114595 1.1011850413856692 120 10.187247424256979 927.726116825538 2825.077618556985 10.563299168797963 36.81664859672936
1776678396.1393082 | 1 1 1 1 8 40.9000964254872 -72.35014285044856 2954.160058285845 0.2374142288796539 -0.14363427340174106 11.639639105885657 3.6353594271160503 3.013418508368556 120 9.789363692470884 923.7000598325162 2941.118763392534 9.685510624457908 62.204786630448254
1776678396.244307 | 1 1 1 1 11 40.90007480827959 -72.35015501855078 3077.6865456331225 0.340802434969532 -0.6780380188310626 11.095890957310964 -0.699438669328635 -1.5542162823308159 120 9.439064252774545 920.1628595511736 3068.8475067697746 9.83209564517582 52.356674154032504
1776678396.360305 | 1 1 1 1 9 40.900099035922906 -72.35012179798458 3197.1143116878447 0.9446894099431455 -0.6455947123804686 10.477964571929135 3.7590769277841822 -0.6062180960879271 120 8.82521596318333 916.4840757600505 3203.8339652802924 8.3489412100724 42.931705784987955
1776678396.4623036 | 1 1 1 1 6 40.90012516283196 -72.35011194392295 3319.11535533686 0.7894949484875255 0.24963977790759917 12.428419479754181 -0.3953680133774915 -0.5552877384180217 120 9.243340574351723 912.7163497101315 3300.2440650987924 9.150014430143415 63.05775667846862
1776678396.5673022 | 1 1 1 1 11 40.90014258685099 -72.35007525402659 3448.275071490752 -0.49789788367757604 -0.35861883627316926 11.321168396853533 1.7945398521836884 -2.0412910819329255 120 7.922853365748985 909.4089792326781 3429.3863773500925 8.374648527244766 50.15950176876317
1776678396.6683009 | 1 1 1 1 11 40.90012304237142 -72.35003358447291 3573.6910334516415 -0.05283646208408155 0.6539080027609112 14.394699575913183 3.2123407064531424 4.4940447071587375 120 7.856408945992181 905.8733313716477 3565.5402387148206 8.276074964625483 50.75922518763521
1776678396.7722993 | 1 1 1 1 12 40.90010825900982 -72.35007286958086 3692.7908737680323 -0.1718094693323995 0.13739247298454238 9.007032126129275 -3.776729583353239 -1.1121568465859202 120 8.450615778719184 902.501160205697 3695.1745652452255 8.493171320945462 40.38070305968924
1776678396.8742979 | 1 1 1 1 10 40.900096841128374 -72.35009916612644 3822.006853696043 -0.39666417566666534 0.35752071869871593 10.696954445023714 -0.629892857555463 3.137451480747444 120 7.369355855723272 897.6848987343533 3831.1789573087276 7.574598176543478 51.24629982081673
1776678396.9782963 | 1 1 1 1 6 40.90009709213724 -72.35006605760114 3951.478937120557 -0.6453711986698056 0.8588386578503024 9.92285797337089 -4.502000993703308 -2.2423151184965384 120 6.8202641838118625 893.888749768061 3945.031044374828 6.518957866095031 67.65619797528325
1776678397.0822947 | 1 1 1 1 9 40.90013474216568 -72.35005371878846 4066.335200955813 -0.09140192692122096 -0.844536415238422 10.022334464298039 4.434737708092413 1.3449429030282358 120 6.123784795616656 890.8361776915069 4072.467682963649 6.2040451741388525 41.92558837768931
1776678397.1842933 | 1 1 1 1 7 40.90013138361246 -72.35008404402129 4191.884787724361 0.2989575685692194 -0.6741055653161983 12.269591204370714 -3.7477645485867503 -0.13147956322963417 120 6.298319567905332 887.3026252026322 4176.625387078406 5.810917533316002 53.60351794050367
1776678397.286292 | 1 1 1 1 11 40.900132571701484 -72.35010547144088 4305.3149099323455 -0.29404199777411866 0.9706940846780052 11.382004608544232 3.0689873922489603 4.833115515369428 120 6.298073029005481 884.1063085637215 4291.269407430912 6.153002553440014 66.13748595653055
1776678397.3872905 | 1 1 1 1 10 40.90012192452062 -72.35006584474213 4426.146115379649 -0.27570977274683317 -0.4173320854698852 13.57922338140714 -2.863329135322127 -0.737129269979401 120 6.8672152425093005 879.4823054910391 4430.261931963304 7.162858065759541 54.386475735881604
1776678397.5062885 | 1 1 1 1 6 40.90015110025754 -72.35007864515704 4542.856974050546 -0.2777193961745654 -0.4570732103345514 13.335501995580502 -4.048326139555219 4.344606499884412 120 6.015634812693344 875.7751407520202 4555.655007140213 5.626024260256023 36.98970298028672
1776678397.6072874 | 1 1 1 1 11 40.90011455562289 -72.35003465072532 4661.110372124555 -0.5012350325539978 -0.16346566167848775 11.420215860225092 0.7228100268658046 -1.521341684294205 120 4.800401363122236 872.3885165218658 4649.722385441582 4.6392334577132175 58.411874492653986
1776678397.7092857 | 1 1 1 1 7 40.900105866776435 -72.35004210958567 4785.18001927585 0.5032365890262778 -0.9646054532853636 9.84078042476042 -1.1864364473196884 -4.883312850843037 120 5.452478639475035 870.0227237051544 4770.937063866058 5.441340584532806 64.63476444990329
1776678397.8102844 | 1 1 1 1 8 40.900139671069354 -72.35005436373373 4911.5079480640825 0.2283976407834245 0.8562719835478498 10.121774502580658 -2.055726842197271 -3.638098253001579 120 6.1174421663916165 865.2609234164512 4921.318370200602 5.784309990740886 31.68874486730698
1776678397.911283 | 1 1 1 1 10 40.90011508391335 -72.35004202580726 5031.408416738306 -0.5758285008142521 0.14280700946931613 14.796984077979912 -2.77483182077411 4.373370110732695 120 4.279365817968916 862.9102947861471 5011.615333187734 4.670425862487007 62.30642138392328
1776678398.0142815 | 1 1 1 1 6 40.90015500263567 -72.35000652108059 5143.250473075148 -0.7688641330320041 -0.8074127866831473 12.460514542384788 2.729668343619915 -2.5714750456211766 120 3.9739315513653732 859.4383999582205 5147.711720518498 3.8538667526065753 52.87763429323048
1776678398.12828 | 1 1 1 1 10 40.90017579437335 -72.35003515993056 5270.447523129375 -0.16211719155148074 -0.2819643584319662 10.173837399848697 2.2058654538630247 -4.635377881533004 120 5.071455606455194 855.2785533662568 5268.899577951109 4.982974412441746 35.132099651928456
1776678398.2332783 | 1 1 1 1 6 40.900154515056656 -72.35003798944274 5391.726832891601 -0.855946880810672 0.8878940067530523 11.382206730541954 3.8599304555749043 2.7433729915662823 120 4.259473515251841 850.2934548568657 5373.914648654327 4.6364864030111255 37.762877142456325
1776678398.3352768 | 1 1 1 1 11 40.900156406724754 -72.35006450483438 5511.352671036096 -0.2643860156216322 0.7340234208579284 10.948384210753233 1.239123557699128 3.8830352695087917 120 4.851739512671852 848.5398833560253 5522.881228860328 5.087372183427384 67.26013183384805
1776678398.4362752 | 1 1 1 1 9 40.90019801315956 -72.35005125100624 5629.032916943091 0.7337625728416737 0.34656150967474275 12.281696875659181 -2.956624205778906 -0.5985130238820595 120 3.6524532095312474 844.1102790499043 5618.773099021295 3.615746085952966 36.83570177710238
1776678398.5402737 | 1 1 1 1 9 40.90016354037449 -72.35008086822286 5750.93378070043 0.03941008990242878 0.6458355395131505 9.27245669534428 2.7980491682779673 -4.583778092451512 120 4.137521938231061 840.3398793854383 5768.833357882714 4.416229357148929 43.280931131835445
1776678398.673272 | 1 1 1 1 10 40.900212085977444 -72.35009098415338 5869.472787709621 0.8070828735605045 -0.806591823942348 13.012565854467226 -1.0009224975344253 -2.7583890891707807 120 3.2156501714951817 837.1974931924357 5877.866009371491 2.7367913339303795 42.0384818161895
1776678398.7752705 | 1 1 1 1 8 40.900206455384094 -72.35012224534766 5994.398933498386 0.8147559562157072 -0.6276193852431973 12.463485943631435 -2.947741886792583 1.6546702976376828 120 3.2930013436699768 832.7237507054601 5989.2614645719095 3.350795959478204 31.90563019733589
1776678398.877269 | 1 1 1 1 9 40.90016415184503 -72.35008134239004 6123.110114788941 -0.5784199924205933 0.9665529922163134 12.768297162627142 -4.029833985207186 -0.3022911289688839 120 2.1334037655854976 828.586764008631 6110.311526670627 2.2519006415470946 65.49360841156128
1776678398.9792676 | 1 1 1 1 8 40.90015433857687 -72.3501145455312 6252.454543051902 -0.5500251538530878 0.37663738805361713 12.828117423082315 0.18262402922437726 2.88915572140265 120 1.9744892112994463 825.4179484269133 6242.713280028335 1.9048098500004977 54.552050457715055
1776678399.080266 | 1 1 1 1 10 40.90011404205721 -72.35008097443085 6364.849002841429 0.36742176484919953 -0.6632117660511845 10.954114726179004 -2.597525885804519 4.0485557981453795 120 2.370906216753853 823.0487832695222 6346.704210659752 2.743500758965294 40.3497026302644
1776678399.1812646 | 1 1 1 1 10 40.900153119582285 -72.35009268451661 6476.690152562794 0.5184980240988404 -0.36462191438422153 9.671755859533523 -3.694208869966593 -3.9034931403792763 120 1.1385370791160065 818.3518885183137 6466.688051557814 1.1900751244320715 50.70741222665795
1776678399.282263 | 1 1 1 1 11 40.90014088783697 -72.35011387292757 6592.197187847742 -0.5535275625212694 -0.11321603259268498 10.231209501400011 0.25919647411543956 0.11535053583552024 120 2.395641335560079 815.3961662940741 6596.90134788627 2.2021377630915526 67.64402455733679
1776678399.3852615 | 1 1 1 1 6 40.900110099137976 -72.35014786808782 6708.349424874161 -0.45729394483432384 0.9019388587913846 11.291206861142602 -2.3327529831524374 -1.4671583976940927 120 1.1103464100980893 811.4031694923827 6702.754618053009 0.7402665774896593 39.08373458270577
1776678399.4862602 | 1 1 1 1 11 40.900076065628646 -72.35013335206796 6831.683310211883 -0.5149243222057731 0.09492592517582477 11.491755019095867 3.136511029896969 -4.474598490697192 120 1.17050371066596 807.4205387300108 6850.313457125572 1.166786062889447 41.87028624908824
1776678399.5882587 | 1 1 1 1 9 40.90003696043978 -72.35011823904682 6944.0718949002785 0.4149369321547123 -0.4148810958447373 11.747468301980987 -1.284713303808246 -2.0255425917878602 120 0.4722719752481499 805.4967740481246 6956.304661139793 0.12910233178608765 69.75216688142484
1776678399.690257 | 1 1 1 1 11 40.90003875633983 -72.3500711964747 7055.101087636647 -0.5274751542586225 0.8152830468780159 9.165932665498982 0.5808982092892387 4.346693904982066 120 0.2791145153266066 801.2360933960673 7073.216694897755 0.05202490903386736 37.98111738068896
1776678399.795256 | 1 1 1 1 9 40.900001906657145 -72.35007322763398 7171.261417723446 -0.9980151555506902 -0.887351668197141 9.48865514001697 3.4694880659615936 3.6436583163356406 120 -0.05517981044462461 798.347455254588 7162.2170771624005 0.15068924821407736 64.34234613838998
1776678399.908254 | 1 1 1 1 8 40.90003066553429 -72.35003416714132 7288.7917201269665 0.5558413354976817 0.7678336714044283 13.312507392043688 -1.2609174657211284 -2.7139663635818243 120 1.1379039806565485 794.3193810033374 7272.171987269083 0.7631465730076287 66.09279215863032
1776678400.0092525 | 1 1 1 1 9 40.9000361190816 -72.3500477233262 7399.916981830586 0.5583730244227596 -0.37350296403116556 10.462261374091575 0.203209608288196 -1.9369232636905198 120 -0.7535206562217025 791.731064236993 7393.910359902174 -0.7578748970721163 40.20634235766251
1776678400.111251 | 1 1 1 1 11 40.90007912556183 -72.35009295590974 7529.42030586828 -0.5217808164077289 -0.5293784168273912 9.82100842199796 -0.0018375754159283275 2.774687313195999 120 0.4668374511007123 787.505731999192 7542.15443324019 0.8275663862183088 47.777906549701456
1776678400.2142496 | 1 1 1 1 12 40.90012589098898 -72.35013565765179 7652.21542955111 -0.6906871531848715 0.28058289835589467 14.199603156347894 -3.058938566745547 3.737661322125714 120 -0.04995995743185033 783.6890581922214 7638.25151001783 0.41638985060462297 68.10674835100258
1776678400.3162484 | 1 1 1 1 11 40.90012514532316 -72.35016991293317 7767.761131397342 0.7691638838513297 0.4087407917786414 13.987267270622386 -0.36635828992537256 -0.759283022401414 120 -0.33477121746351735 780.2359334589092 7749.566095166833 -0.14421331708624563 69.52130501026707
1776678400.4322464 | 1 1 1 1 10 40.900078516426085 -72.35011999243213 7883.083742347076 0.0065646551743914205 -0.10300941074738912 9.709797873656898 1.7923056066955434 -2.2120267682102357 120 -0.8018387835227214 776.1700621938068 7878.007676993499 -1.019448752885157 66.372832758116
1776678400.533245 | 1 1 1 1 8 40.90007891966637 -72.3501205254682 8010.770603280433 0.8746905504790985 0.8970360004904061 11.691805765484462 -1.203619726329329 -4.34997639549075 120 -1.0681444921938559 773.4389938525204 8025.922471476156 -1.4380513656020675 42.51051265725702
1776678400.6332436 | 1 1 1 1 10 40.900113102719345 -72.35016978061788 8135.422397955431 -0.09521839854769465 0.293685775261211 13.20156541630535 1.6249556819976387 3.88689286806043 120 -1.7131084222647917 769.0163060531307 8141.5570926459295 -2.0260604196381293 30.95199569654017
1776678400.733242 | 1 1 1 1 9 40.90010058569259 -72.35014237180485 8247.247188640204 0.6818537355864336 0.006500756128464902 9.76302981023547 2.259995462595538 1.4576228325531924 120 -0.6469818964560885 766.0886046440687 8241.082315719299 -1.0666685527680144 35.45464484378763
1776678400.8342407 | 1 1 1 1 11 40.900141975352085 -72.35015080547518 8362.147032973597 -0.9112833639845757 0.8937088105253228 14.125942654171247 -4.511384158505098 -1.994257152979404 120 -1.8030929494691759 762.4650851202039 8349.445779146594 -2.229234143717259 47.38625272363291
1776678400.9342391 | 1 1 1 1 10 40.90016626555233 -72.35010852473043 8487.665830788383 -0.4575591946102493 0.02748506375103954 11.649467073013238 -0.2537044057807414 3.7256679252203657 120 -2.884070661699817 757.9428244411529 8489.404430059742 -2.7783307794311436 42.04268733888354
1776678401.0342379 | 1 1 1 1 7 40.90020620292109 -72.35009767313053 8607.358693601744 0.5599509725709064 -0.24644256293188938 9.991928311542956 -3.209362199673005 0.8938007295729102 120 -1.5830422492654943 754.7495492272596 8609.15131468079 -1.329715023771143 37.69862668694394
1776678401.1342363 | 1 1 1 1 6 40.90023240972295 -72.35006536196269 8717.778641668367 -0.39932537007920166 -0.46832077072098977 11.790118039319225 1.832792812056578 -1.5115345272364387 120 -1.6998227676028448 751.8532775326803 8726.7040391117 -1.9292199488464883 54.28996648585439
1776678401.233235 | 1 1 1 1 10 40.90018461608312 -72.35007899195907 8844.677447779777 0.7796509888561358 0.48968329475288064 12.907647951245908 4.790154565348045 -2.223789911873142 120 -2.2979320077221885 748.1729808350481 8831.595649631225 -1.8331300908809185 32.33835401503661
1776678401.3332336 | 1 1 1 1 9 40.90014244776531 -72.35009892710771 8968.604647937085 0.9770325179805539 -0.45681859785167966 13.467049045634031 2.0274150174235714 2.9613809884952866 120 -3.7519568926707634 744.1287698913474 8974.826643438348 -4.157838514740579 38.73005057474755
1776678401.433232 | 1 1 1 1 10 40.90017674673772 -72.35010304990207 9083.462556681914 -0.2784460906469459 0.9582149439535885 9.969753445592845 -4.272434683461569 -1.3986141883666159 120 -3.6535854123031744 740.2360369745907 9067.559720092991 -3.455289777136709 41.34144815219343
1776678401.5332305 | 1 1 1 1 6 40.90018535046713 -72.35009170450364 9200.687919911945 0.2868343325053302 0.7247340802120272 12.440249176660473 2.0783767733438765 3.276300021825591 120 -2.7230066151949712 737.7559064666186 9216.271797142095 -3.0385409279402475 54.348127200583626
1776678401.6332293 | 1 1 1 1 11 40.90015453268368 -72.35007422400568 9325.471398264259 -0.32576929890241413 0.6272539753534982 14.64150249588997 3.569670955498399 -3.7850400178310393 120 -3.8879127939155853 732.4700449323864 9342.222310567035 -3.961288788570342 49.78436165642691
1776678401.7352276 | 1 1 1 1 9 40.90018196771644 -72.35010002586036 9437.476283756492 -0.23837296661027962 0.281731065498773 10.164842661271601 4.397682657989627 -1.878768188446176 120 -4.527025181497828 730.1127816009013 9432.696055197039 -4.667805683997124 32.314412814358874
1776678401.8352263 | 1 1 1 1 12 40.900203981002775 -72.3501050120478 9550.09677862208 -0.8824304212740273 0.8583371452338018 12.079786455040491 -4.637590311963392 4.030250331556099 120 -3.4535802738517516 727.2648110844412 9561.183769330453 -3.6652754498726963 65.30932204778142
1776678401.9362247 | 1 1 1 1 6 40.90021367789671 -72.35013075880835 9663.744666696493 0.0421499086883359 0.011035296876775291 11.968232531450312 -1.1860922063590085 -2.832476354372162 120 -4.493602500640964 722.3504137987477 9678.064583708072 -3.994767176890295 56.264604319339746
1776678402.0462234 | 1 1 1 1 6 40.90017708106326 -72.35010301768966 9781.217474479863 0.17434736281700092 -0.7402303142070079 14.656725188756162 4.163254112543136 3.849666089918916 120 -4.679067713981573 719.1451962642332 9791.627555538262 -4.423735560039751 32.475372760370306
1776678402.1572216 | 1 1 1 1 12 40.90018351774036 -72.35013165441985 9905.861532485917 -0.25505013022949785 -0.8018810998722361 11.962675685707731 0.9441009840477035 2.5977635273455277 120 -5.260071108308814 715.4140287528508 9893.319015948315 -5.7178596399309845 53.49053481010607
1776678402.26122 | 1 1 1 1 6 40.900209649606055 -72.35012685880795 10026.39278814958 -0.6662162328756176 0.8408536140927285 11.342094342508975 -2.192950630106508 2.785590370621833 120 -5.14863157592883 711.5315177077047 10035.21686631514 -5.282870594982248 68.42951629945459
1776678402.3672187 | 1 1 1 1 6 40.90021265694665 -72.3501250821198 10150.423348808868 -0.44925111660992223 -0.337334231579973 12.34406341538794 0.9511842444291707 -4.487216038828009 120 -4.718362294180122 709.4630357520809 10140.707098588173 -4.765274237573165 30.237895465936653
1776678402.4682171 | 1 1 1 1 9 40.90018188595097 -72.35013742657611 10263.386777174233 -0.67635364675051 -0.9839466848991711 9.195826564543863 3.5200065498114856 3.4120796481619013 120 -5.611721227868802 705.0007100929818 10252.629757113504 -5.906969786768581 30.263903849978256
1776678402.5722158 | 1 1 1 1 12 40.90016128327418 -72.35014172758859 10385.55047612093 0.6866523776107323 -0.3350189694439687 11.315701837545266 -0.751406643731082 -2.7159005058512076 120 -5.911848049748136 701.9699474023861 10380.710143972106 -5.705983169251918 51.01401764031581
1776678402.6772141 | 1 1 1 1 12 40.90012713406101 -72.35011693751717 10505.229149730249 -0.44542137682664107 -0.1947542996459537 10.381270060420904 -3.858358601874298 -0.8950682750105692 120 -5.5212998889827105 698.7892606757332 10496.672233877978 -5.615067734827337 60.44548444699056
1776678402.7922125 | 1 1 1 1 6 40.900130333910454 -72.35013291710511 10634.436131586792 -0.31803229849659287 0.40260837433544205 9.658029299796649 -0.930191729091133 -1.2728879582872832 120 -6.748924897885717 693.8166614262823 10623.697512718692 -6.901649690196027 61.16127980906473
1776678402.894211 | 1 1 1 1 6 40.90009191929513 -72.35010821930604 10760.839451747308 0.9786762080513924 -0.3256480219360922 12.356141048803607 0.9446559364474725 -3.6356407164086613 120 -6.00560057777664 690.539326033761 10767.040813003909 -6.0689788050402775 33.34607865860844
1776678402.9962096 | 1 1 1 1 7 40.90008669474058 -72.35006175422376 10889.715047990403 -0.5294559582674796 0.817287460578473 13.343355299196984 -4.493340032741921 1.5070896819899646 120 -7.3819320342292025 685.5095729833606 10906.752086028926 -7.302488293219435 67.20273950991316
1776678403.101208 | 1 1 1 1 9 40.90012364209477 -72.35003169811472 11017.22413610568 0.5265307545184346 0.8562642368246931 10.563350295621193 1.7322120494715199 0.029003484510591093 120 -6.706825340120609 682.1319471929644 11001.415484904197 -6.9922421777859185 50.1456372009019
1776678403.2042067 | 1 1 1 1 7 40.900168537481754 -72.34999050755657 11130.239949741965 -0.5515006526230697 0.060515828874119215 12.142069539436992 4.564230828327789 -2.1190012435153784 120 -7.374235147982105 679.3069642900416 11139.434906576998 -7.465082831458984 38.66520291765832
1776678403.3062053 | 1 1 1 1 9 40.90012728276764 -72.35002997987809 11260.023464467642 -0.29328455274305854 0.16621960875184372 10.809177816813206 -4.8093145965121975 -4.570490527176676 120 -8.135172537681218 675.3717152512361 11258.01494636236 -8.407789980313488 43.160540792079175
1776678403.4102037 | 1 1 1 1 11 40.900154228202624 -72.35005343865816 11379.257630649758 -0.394177970240182 0.30522157148260987 9.302089028686611 1.6323183239771053 1.8623925842440912 120 -8.280943495554075 671.6558440511425 11360.291452167543 -8.651093632495183 31.592557735149327
1776678403.5112023 | 1 1 1 1 8 40.900124735308495 -72.35001238784113 11505.845200918026 0.7567123006534506 -0.23211273201014482 12.325961589596313 1.5709053114108817 3.1707966091821795 120 -7.846673800355061 668.0864948466449 11505.928538123137 -7.3619866916006815 55.5145799222194
1776678403.610201 | 1 1 1 1 8 40.90010609197183 -72.34996558452366 11622.217091543382 -0.2028851952241617 0.8920081900929901 10.64377345197857 4.242516219390366 -2.0564496143417332 120 -7.800154069838594 663.6165341976749 11624.744471749984 -7.713395745142383 38.333991688507176
1776678403.7101994 | 1 1 1 1 9 40.90010112474669 -72.34994209712312 11741.457709095102 -0.7890394875618247 0.801703107001345 10.567781709360386 2.2527133164106283 -0.9493282235555345 120 -9.468735734552341 660.479745229693 11752.180278197813 -9.54290652806411 65.43508463818944
1776678403.8101978 | 1 1 1 1 6 40.90007435395008 -72.34996435843719 11862.130423939678 -0.62902253146531 -0.8017990936262793 11.768592508789292 3.7637762738096363 4.96099302649251 120 -9.36587585604454 656.5204292670226 11862.896110452542 -8.896450001913754 44.593140885103814
1776678403.9141965 | 1 1 1 1 11 40.90009597469146 -72.34992768121124 11980.066053141869 -0.8200638206798265 0.3633149286882855 11.883719627519618 -4.971512316097803 -2.3207603889340334 120 -9.827168245168426 653.0576704285677 11971.882621060102 -9.997572604673728 47.62562911447089
1776678404.028195 | 1 1 1 1 12 40.90009530210029 -72.34994538965746 12104.057014942178 0.5890875345975084 0.563361876296397 11.896971694495758 3.7854281476744163 4.905689025319052 120 -9.683930453307095 649.2576171921012 12088.94545339277 -9.534142035352941 56.66776616493718
1776678404.1281934 | 1 1 1 1 10 40.90005445973996 -72.34997339287396 12231.48577193775 0.15438227100721558 -0.4831302467473264 12.890861170128002 0.4390602276885627 3.671821065141758 120 -9.969592067199786 645.1550871612901 12239.601767107557 -9.528098529856006 33.72669335484574
1776678404.2281919 | 1 1 1 1 7 40.90010294571708 -72.35001997535014 12361.336339680012 -0.5867237891355759 0.32784211280271003 13.822435701177024 -0.12725024420985687 -0.7336314809669533 120 -10.076935022921264 641.5468473753026 12350.945194140548 -10.542729043083547 41.20737882389784
1776678404.3291905 | 1 1 1 1 9 40.900134992419844 -72.35000380300188 12477.111411999605 -0.3342963030035344 -0.5289129042788083 14.056193357460165 -2.2684812853733707 -3.252068306091255 120 -10.230151672232088 638.6527785321698 12471.5051319764 -9.793526641151205 39.42709036280112
1776678404.428189 | 1 1 1 1 10 40.900111741449564 -72.34996113832246 12600.294299278301 -0.4399663739340185 -0.6544697092605312 10.388114432592468 0.3353081036884076 -4.559756111933484 120 -9.31555072130793 635.6227593880793 12617.828538130176 -9.389112889780906 68.82974533631705
1776678404.5291877 | 1 1 1 1 6 40.90006391308495 -72.34991268640947 12718.869156180546 -0.1700409889017862 -0.42641243819611185 14.737381501812965 0.9724332829780877 -2.6850731201889735 120 -10.58724894546414 631.8367061352884 12726.388259773632 -10.844288812527923 47.065658679304086
1776678404.6291862 | 1 1 1 1 6 40.90010424713284 -72.34994616021928 12837.320179175877 0.6122108838048059 0.8339407275195512 11.258904304387839 -2.0239125196663252 -2.164094549739355 120 -10.414084232581867 627.8156568221897 12854.871165824721 -10.31608854112537 53.71559737543747
1776678404.7291846 | 1 1 1 1 10 40.90013434597013 -72.34996053058944 12950.719568554727 -0.9468152018585945 -0.33463044960826593 9.766793532463813 1.8985446353685562 2.8576375118889263 120 -10.2106468703038 624.8087201565053 12955.677453200627 -10.287997501126863 33.4628824235338
1776678404.8291833 | 1 1 1 1 9 40.90016169298402 -72.34996138105318 13078.122160872914 0.8906086718574213 0.7300803444318091 14.891638057765707 -0.6296895675377652 -2.095939199096791 120 -11.744388363222502 621.1512967568965 13077.662370335458 -11.848732372018482 42.28963147675924
1776678404.931182 | 1 1 1 1 7 40.90016361935676 -72.34998388304288 13204.797473177632 0.8999331346884931 0.580110507369173 11.481307848926072 -2.7107593255836426 4.851394977139336 120 -11.327621392070894 615.8726483959067 13198.0650234602 -11.309057017021528 61.84402289739138
1776678405.0311804 | 1 1 1 1 11 40.90011595807533 -72.349977211226 13325.59040090905 -0.3754957648346815 0.9893848813962394 10.484393875490637 4.250779495903194 1.2603575239666434 120 -11.588867399551834 613.480235732274 13333.999573380366 -12.005623860742094 58.67720721706725
1776678405.1651783 | 1 1 1 1 12 40.900151980228834 -72.34998096152528 13455.429296122313 -0.6864789202478458 -0.9938968033626137 12.613275032143694 1.6365716190692714 -0.7683632821706432 120 -12.775089730271247 608.7641098083498 13467.727797457657 -12.481670963214073 68.71085506790205
1776678405.266177 | 1 1 1 1 10 40.900128148306884 -72.3499566334878 13570.011357677202 0.8421233640771812 -0.9404914442470085 12.823234480613735 -0.8452223915637411 4.0370068809679385 120 -11.530678254043425 606.3328710359799 13584.829304279625 -11.54984554911648 69.33639155963054
1776678405.3651755 | 1 1 1 1 7 40.90012011545796 -72.3499166351197 13691.840640643619 -0.8020314308181511 0.7856941936924746 12.665140334389164 -4.172227303219662 -4.562481438976826 120 -13.23276337151296 601.510637814359 13695.006622438028 -13.116962471490957 37.73144735555408
1776678405.464174 | 1 1 1 1 6 40.900133088591765 -72.34992908712461 13805.483998219432 -0.045264043802377474 -0.3389651182267508 13.302712172945778 3.3246208537536965 -4.921072578685983 120 -13.188909710265783 599.3631608802283 13803.569929702648 -13.661540435267725 58.05084865098896
1776678405.5671725 | 1 1 1 1 7 40.90011296312869 -72.34992705442473 13925.646824033645 0.09991814925502629 0.46122686823298786 9.86683437656526 -3.9387055453365183 0.9452268633669991 120 -12.892928041504867 595.5492151561242 13945.160126016537 -13.072250718540307 68.78197655830243
1776678405.685171 | 1 1 1 1 8 40.90010022497827 -72.34995881795919 14042.10323007965 -0.9055473206935905 0.5393469246702176 14.578436501649808 -1.758793028026131 3.3435640404501026 120 -12.670644366464723 591.5031998916911 14058.944003761182 -13.146428447600817 46.91421263367205
1776678405.7851694 | 1 1 1 1 9 40.9000758696769 -72.34992332569031 14165.428326105322 -0.41408399372145244 -0.1665856622692503 13.43867814125312 -4.46999054965487 3.7571011368974574 120 -14.076937484535128 587.9690345069718 14182.013813464115 -14.28738201436924 38.095014771285705
1776678405.886168 | 1 1 1 1 6 40.90010120198282 -72.34992161755912 14292.240085650212 -0.6209274990454752 0.6043012672759251 14.263347407602222 -2.084830072817484 3.894245458333481 120 -13.06259454576805 585.105768197092 14280.838906270596 -12.758878995546194 59.12691955836298
1776678405.9851665 | 1 1 1 1 9 40.90011496645001 -72.34991179205288 14422.123336781402 -0.020640456206823643 0.500544155335549 12.940841938073834 -4.212329683625024 2.109555764262855 120 -14.314548482001538 580.6534675376598 14441.471052642963 -13.896342070626078 45.63048390032819
1776678406.085165 | 1 1 1 1 9 40.900110746929684 -72.34986609401622 14534.667755136823 -0.511080003565727 0.39413706502052737 10.754412784978642 0.7790254420075353 -0.07191366462369153 120 -14.320677530457353 577.6321004311525 14514.80079614797 -14.650473805466234 50.64219787972413
1776678406.1851637 | 1 1 1 1 8 40.900107151167155 -72.34988031986289 14661.97735209185 -0.657417025956839 -0.996474196668258 11.990638445523587 0.38471268230428457 1.6852544866565013 120 -14.314140081247423 572.7378912641858 14653.15506941774 -14.755863144631897 50.22190978205194
1776678406.2851622 | 1 1 1 1 10 40.90007348912835 -72.3498811046208 14777.21700285176 -0.22110186007448163 0.2625998907156448 13.874375818212403 4.270552295082977 1.3000085506526897 120 -15.540630093982118 569.5351082392591 14783.416618418767 -15.471636415177793 46.976671252779994
1776678406.3861606 | 1 1 1 1 7 40.900121024211444 -72.34992548305803 14890.684497650243 -0.8951569247402191 -0.1469014574869183 11.389657671534001 2.8681992145872304 -3.75545766406273 120 -14.677464235098938 566.8386341276935 14903.806634585335 -14.508327960764575 69.82804214853704
1776678406.4861593 | 1 1 1 1 10 40.90011228945483 -72.34988005867763 15010.737848901972 0.40164092202854196 -0.8982201504166865 9.185158841886675 4.736134505573448 -0.5831696421995547 120 -15.524310457505633 563.3987841954685 15001.567839189354 -15.852695072989782 69.64501529901615
1776678406.5861578 | 1 1 1 1 9 40.900094206467486 -72.34987339104237 15135.187360200607 0.9932629693022312 0.8389099758757057 9.722158508233726 0.01175937505055824 -2.096500110965076 120 -15.115339087933627 559.867045065337 15139.081243643102 -15.14381823847654 33.1698488018038
1776678406.6861565 | 1 1 1 1 9 40.90011818840751 -72.34982661590396 15246.589656308237 -0.5125938677351345 0.7876137448909963 9.171680165161106 -4.451871538373828 -2.3618198483866895 120 -15.87448712296809 556.3858722185212 15259.337773977175 -15.51070276266811 49.41692854448567
1776678406.7931547 | 1 1 1 1 7 40.90008584388008 -72.34984750711591 15359.679782915511 -0.953372539642569 0.5372007913683654 13.356335555194022 2.757616636807536 -0.18750172573064283 120 -16.238156114391323 552.3690033871065 15350.381522217154 -16.184283913382384 53.62084289980634
1776678406.9151533 | 1 1 1 1 7 40.90004075988799 -72.34982144319991 15474.88110269823 -0.128379614214005 0.24617335622462289 9.303632533039387 3.0763399308889774 -2.3417456706462856 120 -16.131247783506986 549.5143586465035 15459.013078118856 -16.536579692211784 56.05582316183088
1776678407.0181518 | 1 1 1 1 7 40.90003220399133 -72.34979295405135 15602.461897511017 -0.7601433527497701 -0.47825104534181584 13.824306644877584 -2.7653154514381817 0.9146637836652403 120 -15.355093355678976 544.4555532559851 15612.410589028705 -14.99485967600353 43.27199776184826
1776678407.1221502 | 1 1 1 1 9 40.90007739870245 -72.3497443141986 15729.210124900845 0.08738838005203942 0.4202238179126361 9.451882866154966 0.9663385073437158 1.046135682818969 120 -15.916351156656123 541.542663045672 15733.489591420595 -16.1063464347913 62.961209030927606
1776678407.2241488 | 1 1 1 1 12 40.900092212693075 -72.34969573329816 15844.882495240481 -0.6466986938645953 0.4599835657171889 12.595771581747954 -0.6304978866228055 0.2853832469065001 120 -17.598670388844496 537.6445290681095 15827.840162575461 -17.980789260852738 51.894034319912656
1776678407.3261473 | 1 1 1 1 10 40.90008072438482 -72.34967919510572 15959.28087485708 -0.6369929839866355 -0.3128312440649508 13.283880662055925 -0.3047502495214296 -4.790267257751175 120 -17.075938248290434 534.223024269822 15970.021817055678 -17.09514466936038 57.690474191074365
1776678407.4371457 | 1 1 1 1 11 40.9000367563929 -72.34971344289744 16070.063562585618 0.10068147592792664 -0.08613948226746193 13.349915427992466 3.6285909974408277 -0.2421425070658758 120 -17.244277894370303 531.79872251868 16063.65607133408 -17.652321314370006 52.44126443885574
1776678407.537144 | 1 1 1 1 9 40.89999250329632 -72.34967487397739 16188.137051766962 0.5095292767466484 -0.752615962599404 13.339416462532316 -1.6964121687100264 -3.090913378207972 120 -17.706112090785453 527.9563222613981 16175.714610565205 -17.38793242641655 57.36476273277611
1776678407.6381428 | 1 1 1 1 7 40.899988783342266 -72.3496641130228 16298.732577336834 -0.05378586319734224 0.02946437672060931 14.846474722686523 0.8581239553064606 -4.827393585921222 120 -16.986904353158216 523.0940079998435 16292.000422152554 -16.920521126897604 41.5649445879922
1776678407.7391415 | 1 1 1 1 12 40.89999322441747 -72.34962974733489 16424.670679070925 -0.8250716567035201 0.6351029297834965 12.134423439933387 1.971392305460963 4.511251133671147 120 -17.07842849734072 521.2544244662593 16405.18566292481 -17.258108807607815 56.240006009599625
1776678407.83914 | 1 1 1 1 7 40.89996469673961 -72.34966520905674 16544.68237670931 -0.4239669935055397 0.9288060500221789 10.950226386355391 4.589848985313916 -4.828691737269377 120 -18.844607348161126 516.6506107267215 16547.272770092266 -18.49418641923683 58.07000970137278
1776678407.9391384 | 1 1 1 1 8 40.8999201956428 -72.34966364392062 16656.090449417658 0.7569050997133124 -0.9268520438069128 10.89032298084261 2.6422681310666984 -2.738201322699622 120 -18.564802333286544 512.8716495823 16660.78210397266 -18.365534342883777 59.26187130544143
1776678408.0541368 | 1 1 1 1 10 40.899941911987824 -72.34969709720292 16779.603701192267 0.21772788265734078 0.20197531621770493 14.097370359151208 -2.652658562631145 -4.898350187194759 120 -19.256428466254217 508.67036010510617 16785.25100573754 -18.81643970866954 39.88976638887351
1776678408.1581354 | 1 1 1 1 6 40.899964595808896 -72.3497223215144 16687.554395017203 -0.5765047035896405 0.19675201834314304 9.321532279586208 2.9197916498733196 -1.4603214164893972 -90 -17.625136354461493 511.57189881282204 16679.210098158597 -18.1138791178226 56.982739991658626
1776678408.260134 | 1 1 1 1 6 40.899936291727855 -72.34971108045028 16591.448842384085 -0.7177113497744279 0.09962748509349262 9.84593580292889 3.7090272983441093 -2.7827146035236194 -90 -18.94944629350045 515.5947096032564 16589.01787151738 -18.717091225797944 37.10337687271285
1776678408.3651323 | 1 1 1 1 11 40.89993708256882 -72.34974159257638 16505.506740472072 0.3013961827856815 -0.24489654642732184 9.46180973042299 -1.7973248998150937 2.905556514879965 -90 -17.0679486518163 517.6690786025089 16498.361576571217 -16.864803876893856 62.797865624524704
1776678408.4701307 | 1 1 1 1 9 40.89998374388621 -72.34974429123002 16410.246396705636 0.14957483636757285 0.28621471482440475 8.140076277672776 -4.291673836465183 -4.9880305457536975 -90 -18.666443831689616 520.8251409540172 16415.862330927277 -18.585029172851826 38.960555155364865
1776678408.5981288 | 1 1 1 1 6 40.9000205943029 -72.34972120618846 16314.108362757399 -0.5906059372452754 0.37748213823319277 8.436643014883602 3.689984202436614 4.560831658347269 -90 -17.636010529426642 523.2997488079435 16321.220280517126 -17.602690284405504 30.55402599192737
1776678408.7041276 | 1 1 1 1 9 40.900031206102234 -72.3496899473442 16217.903109562656 -0.3408658624779841 0.5654103844923042 9.233292748873804 -0.8496897283741109 -1.3808045026692972 -90 -16.83659522566511 527.2838893476904 16199.229772814946 -16.826912093620003 65.68428872936082
1776678408.8071258 | 1 1 1 1 12 40.90004352665442 -72.3497258627889 16133.788207995913 0.7168150580249859 -0.5737850194587337 9.796731286220174 -2.760810648346511 3.8823424253372902 -90 -17.162708659310514 529.841320603267 16116.532492586493 -17.526570281434026 61.9547034116934
1776678408.9101243 | 1 1 1 1 12 40.90003745017276 -72.34973737465276 16047.100340259072 0.7764905083403812 -0.7804482847675849 8.348304159385957 -3.5592281832897465 -1.0480510240045602 -90 -16.198345965064206 531.6090003349788 16042.690721763047 -16.120647995434364 33.6957643470484
1776678409.0131228 | 1 1 1 1 6 40.9000317403038 -72.34975025867242 15963.71511282397 -0.12812787752417032 0.16229648209183556 8.222836315516446 0.22557183739412867 -2.1429588373743904 -90 -16.74843594698228 533.1173733591844 15944.379178976802 -17.239484010386036 61.46863780462401
1776678409.1141214 | 1 1 1 1 11 40.90000707162059 -72.34977233726725 15881.688651922224 -0.6930825162843897 -0.5035102686061557 9.167234391862372 4.921153464678763 0.09859475716680244 -90 -17.506222921186694 537.4864240833466 15874.331112286694 -17.09661972478521 50.69113857830054
1776678409.2191198 | 1 1 1 1 11 40.899999152919 -72.34976487699997 15796.9724630462 0.2532304180501448 -0.3755094432563606 8.665603183072875 2.451557240764223 -1.55625424741027 -90 -16.56437793577004 538.4743201246621 15778.287123033497 -16.528625728953028 61.53647600342049
1776678409.3401182 | 1 1 1 1 6 40.90004439181177 -72.34980837234545 15712.98309212311 0.7925915516924082 0.3834817786932301 9.620653465802652 -2.7951949214970018 -3.250816495644653 -90 -17.3810350783811 541.9529227072624 15700.025738966011 -17.637442104122318 41.146775568574455
1776678409.4421165 | 1 1 1 1 11 40.900052213603615 -72.34985044128872 15625.561490170414 -0.41563380854879894 0.21950755429061952 8.125817607180002 0.8950561640463626 -1.4148261422486796 -90 -15.761931081384825 543.4995713916384 15627.950191143107 -16.19328364109324 60.253917296097356
1776678409.5431154 | 1 1 1 1 12 40.90006472856957 -72.34988701686994 15545.323077123365 0.09307366272315609 -0.45142537674794614 9.737998725322168 3.689995623395067 2.5259507252351145 -90 -15.340072626047895 545.9564575658151 15536.592461862458 -15.481504950674857 55.91060409471561
1776678409.6431136 | 1 1 1 1 7 40.90006428144685 -72.34991105727097 15453.675063583176 0.07698548713221665 0.35360331514584353 9.95119257457072 1.6435830406355159 -2.002424227038965 -90 -15.310098250580506 549.2389560292714 15463.761856158128 -15.285034440853142 41.40246977556072
1776678409.7431126 | 1 1 1 1 9 40.90010811092002 -72.34987590410815 15368.197461462642 -0.5355265916113492 0.20092760869575543 9.353691866780654 -3.7897052050195814 -3.2316541601498616 -90 -16.661943012738796 552.8212155081131 15372.732558091024 -16.874513898813987 52.32133695638055
1776678409.8431108 | 1 1 1 1 12 40.90010861485892 -72.34983804807807 15283.603681840685 -0.6368616109526022 -0.13233168243991922 8.38900167292012 3.972859106794493 1.466881729274081 -90 -14.66402336454634 554.1732326448564 15288.89027339373 -14.511130672034856 54.7594652836228
1776678409.9421093 | 1 1 1 1 7 40.900156332379346 -72.34983540938295 15200.863800977553 -0.36717981377932585 -0.6599944662420558 8.543827131806507 -2.262365432212178 3.5035616208498315 -90 -15.371540344269302 556.3233589655117 15211.60681310765 -15.022621230498848 57.24151368154817
1776678410.0411081 | 1 1 1 1 11 40.900131071953496 -72.34987036618666 15113.99551176631 0.3709913397150342 -0.3648833923212762 9.77306082640755 1.4195902225139552 2.1665139409558787 -90 -15.336048461587712 560.2709066540115 15117.185400538994 -15.63276449767163 58.27819448378388
1776678410.1401067 | 1 1 1 1 12 40.90011694188344 -72.34984000727701 15016.83667384921 -0.49710971843856067 -0.4674986882546881 9.76796803204128 -4.694417516984829 -2.6857922432950443 -90 -14.389835653612149 561.9337551814248 15009.204478768068 -14.37472464743948 57.25922194810723
1776678410.242105 | 1 1 1 1 9 40.900136938646256 -72.34982141328607 14917.302624732287 0.6724025454688731 0.6176379107884749 9.26632022239849 -4.86297768148315 3.0985597282265527 -90 -13.97876344280262 566.0804368468685 14901.283826529683 -13.701306455854922 42.90124614835592
1776678410.3431036 | 1 1 1 1 9 40.90010838890636 -72.3497971897332 14828.702930685145 -0.6522028109722671 -0.8274038906304639 8.623057924568629 1.0496230560307795 -1.9084156562696175 -90 -15.64841584922173 567.7453276862517 14814.403514805086 -15.98473711046298 38.038872491764565
1776678410.4431021 | 1 1 1 1 12 40.90012489373439 -72.34978985046688 14734.386085010132 0.5438990831775687 -0.0027903299284537386 9.968786363496289 4.038983570073308 4.365478238778488 -90 -15.363273599689858 570.0228148951439 14722.812966479656 -15.32445788265911 68.11140022971881
1776678410.5431008 | 1 1 1 1 8 40.900090980889246 -72.34981706704286 14644.209414935365 0.7465592826626384 0.5226091725535618 9.052696591604922 -3.996388861836495 4.415260926515982 -90 -14.391791116600881 574.1614690694173 14659.780077250884 -14.819006757538917 48.6193904319441
1776678410.6450994 | 1 1 1 1 10 40.90005186480843 -72.34986033193135 14559.565176101076 -0.22231075019956625 -0.3970853713617184 8.338548929165647 2.352929424103083 0.4434977080811162 -90 -13.658758198174299 575.9827763243576 14550.395935656212 -14.018707106586143 50.051065045632605
1776678410.744098 | 1 1 1 1 6 40.90002857147402 -72.34989800315337 14462.542295383979 0.19638528719708148 -0.75762003655978 8.842642122346206 1.4893963302268158 -4.6659366495201215 -90 -13.492573752028541 579.3627559083975 14462.575105318687 -13.216373687024099 64.07869742668773
1776678410.8440964 | 1 1 1 1 8 40.90006292755298 -72.34991799973902 14379.823847842968 0.2326331234189476 -0.6034292436066828 8.307682444233986 -4.240794711376071 -4.329759638622459 -90 -13.967708288644053 581.2451167910664 14378.655162953639 -13.626956769701874 51.35165741222569
1776678410.9590948 | 1 1 1 1 11 40.90002411563543 -72.34992140704819 14284.924731942856 -0.545948092695905 0.19002075701158905 9.165381214521252 2.860821735794282 3.361972379063115 -90 -13.352978032624302 585.1867664670082 14289.578448276876 -13.073347722364243 56.41076951371083
1776678411.0760932 | 1 1 1 1 12 40.90006339862416 -72.34992207406253 14196.189124537595 0.9861263344277076 0.7747161217642091 8.803704106943318 -3.5218727394254525 -2.3440280400802083 -90 -13.590856640998583 588.0433637691802 14199.030871156887 -13.54820299707336 50.98092678765825
1776678411.1780918 | 1 1 1 1 6 40.90011132325192 -72.34991242964746 14101.3811595629 -0.48401267857076347 -0.5566128313862995 8.39209743969868 -1.3176495334201688 4.542334338624244 -90 -13.204032405037088 589.4421980400508 14083.628210167988 -13.327256937013638 60.18580819145389
1776678411.2790902 | 1 1 1 1 10 40.900150724723396 -72.34991130892166 14019.846955682495 0.22149150062468403 0.052326197958832976 8.189199651631533 -3.1530253275105435 -1.1161277273210346 -90 -12.067278264053886 592.8583173902923 14006.885254916553 -12.556317151995996 63.7628572463182
1776678411.3850887 | 1 1 1 1 12 40.90019087751575 -72.34992326257564 13936.707603082612 0.5806238314119887 -0.9233339485675192 8.415362283709161 3.432698357299561 3.25935911567554 -90 -12.857392847133815 595.5520221880192 13919.591172632883 -12.443677457406956 35.68631579879889
1776678411.486087 | 1 1 1 1 7 40.90018551405282 -72.34996874288947 13837.538080988525 0.423005610243564 -0.5171152237472108 8.618428878196415 3.715188813976342 -1.190073841179724 -90 -12.291385830053382 597.2320762873313 13850.6937151998 -12.106061539365127 49.08882081673106
1776678411.5990856 | 1 1 1 1 10 40.900195825999305 -72.34997224589836 13752.740224843516 -0.9025592872671089 0.7111342189066296 9.477528026175092 -1.0931192597032213 -2.1255367081839216 -90 -12.68598231912005 600.1467396418426 13746.451096264556 -12.43724004023507 49.584587391731056
1776678411.706084 | 1 1 1 1 7 40.900220968298164 -72.34993899527193 13659.09004354473 0.5881414310476503 0.7976836160996748 8.942861934514314 3.4539211932847618 3.8407004224174877 -90 -12.088926279297862 603.2476277075998 13641.236822740817 -12.38375280982652 42.2908225831962
1776678411.8070827 | 1 1 1 1 12 40.9002669957885 -72.34993333271788 13570.42667171883 -0.6684841030028743 0.3774198264546764 8.335500431093088 4.042246644722869 -3.76804166781879 -90 -11.579913183299624 606.6749850669678 13587.329955057772 -12.079680235158843 31.80343566653006
1776678411.9070811 | 1 1 1 1 9 40.900281001988674 -72.34992125727307 13471.60173138028 -0.9206063253294106 0.3571579570867809 8.317025686233247 -0.4779487317131892 -0.3224349632368382 -90 -11.83668520162421 607.8704098140994 13475.952297578611 -12.14075374221321 40.86123652572621
1776678412.0070796 | 1 1 1 1 8 40.90030083987138 -72.34991165267577 13377.53707918886 0.7130843680809142 -0.7667236619543385 9.20575322642186 -4.358035406081772 -2.338115282326525 -90 -10.952110304839392 612.4809950864818 13393.739265501805 -11.269743058291194 57.600715192202685
1776678412.1080782 | 1 1 1 1 6 40.90034116140151 -72.34996068912763 13280.335354796627 -0.570621619737046 0.5244415338726569 9.389594689101777 0.6463149931047871 4.160958563012533 -90 -10.849147150538997 614.1700356812529 13261.535182307423 -11.273581944935424 52.512162788822344
1776678412.2080767 | 1 1 1 1 6 40.90032807018418 -72.34991645527317 13194.966738087636 0.6915030385324987 0.3456988455063026 8.291063453166249 -3.8261980828338515 3.9120188376376053 -90 -11.163256684973613 616.8309432475311 13199.90642736105 -10.97204341917396 53.67566732818465
1776678412.3090754 | 1 1 1 1 8 40.900341010976454 -72.3499276922988 13103.463768527852 -0.7278740291815269 0.444825621364362 9.92505089166379 -4.799703207742006 0.044150755868984426 -90 -12.147358647432442 619.4284940743148 13109.101802528607 -12.334458534672455 50.624089379125905
1776678412.4090738 | 1 1 1 1 11 40.90035595559244 -72.34993231294989 13016.899192177632 -0.27481061826046127 0.6858341140733386 8.557210420173924 2.934307646872556 0.8871843107494657 -90 -10.50520131411748 621.8730507714954 13011.01801937998 -10.008873443043365 47.1039320914352
1776678412.5090725 | 1 1 1 1 12 40.90034025337036 -72.34989307652597 12932.65837603834 0.11385178615527547 0.5000169596940862 9.087048200421275 2.6087662949179684 4.324713701814403 -90 -10.723743336431651 625.9221409944498 12918.242196619707 -10.287508662974787 53.61098150572988
1776678412.609071 | 1 1 1 1 6 40.900324970501764 -72.34988754206529 12844.965035316864 -0.2246864614160311 -0.1493434574870791 9.379623599063459 0.12735733125095372 -3.4342874527707545 -90 -10.632685565533967 628.0885826797095 12849.645969604653 -10.370486766825499 67.85098331648194
1776678412.7210696 | 1 1 1 1 12 40.900294179131784 -72.3498952014028 12760.583514080621 -0.18536837477032098 -0.04851483424989822 8.117341311751376 1.794438809940278 -1.4534231592117228 -90 -10.531908046176873 629.7488372193817 12754.20661503929 -10.89670822434857 53.75035526442209
1776678412.825068 | 1 1 1 1 7 40.900255178907834 -72.34990894662812 12661.518723997979 0.5550839375005707 0.6039706688743882 8.045434041764594 -2.902199254446457 0.5389300206684524 -90 -9.771784533987326 633.0763879611744 12656.523861539188 -9.800794068675401 56.15317500883317
1776678412.9320667 | 1 1 1 1 12 40.90020880119209 -72.34987132893642 12565.781719081522 -0.17593928923113267 -0.3204176192060515 9.870469109284931 3.200223978271559 0.22565306481102176 -90 -10.005142123547044 636.7782549042499 12548.11242892885 -10.22134428467199 39.903882504112346
1776678413.034065 | 1 1 1 1 12 40.90022708056394 -72.34989417999125 12478.727501975685 -0.643330754816847 -0.1227147337436274 9.935394010779671 1.093305885010155 -0.01743929226160823 -90 -9.589505733320099 639.1076697288878 12491.401056785367 -9.114122727418108 39.11938529525794
1776678413.1350636 | 1 1 1 1 11 40.90021933397141 -72.34993339229824 12390.831635513996 -0.1374204344077774 0.48704216109577203 9.127170192559968 -4.553348414420676 4.854410521362535 -90 -9.612141388088732 641.0305228676236 12402.276278327132 -9.856647484552832 55.0909123753633
1776678413.2380621 | 1 1 1 1 11 40.90025988489179 -72.34992537705276 12296.063836462525 -0.660540823352552 -0.560077505119055 8.069325696770278 4.168706741804259 2.170598921917647 -90 -8.902206638752103 643.2427128753773 12298.716550655448 -8.809204023481701 47.29773662676057
1776678413.3480604 | 1 1 1 1 6 40.900227166057284 -72.34994222891501 12206.30484627974 0.9196650391861603 -0.9891993165227424 8.300359886485792 -1.2167575337193504 3.67207003676398 -90 -9.483770362461247 647.2138719885108 12216.346081829282 -9.215621157669146 33.46931757477402
1776678413.4530587 | 1 1 1 1 12 40.900209818167 -72.34996157983404 12108.42365435889 -0.9453711227322352 -0.6534793730444937 8.056880764139478 -3.286984146593311 3.491450313814795 -90 -8.700390624344974 649.8331178905951 12122.98335517495 -8.54518639936699 50.28484754584045
1776678413.5580575 | 1 1 1 1 12 40.9002217276683 -72.3499764006767 12013.358136866 0.8083371291431931 0.417421569246172 9.177680605767868 3.7933726087207535 0.11636613186135758 -90 -8.305116181911579 652.0496037435798 12002.645408862287 -7.930979424824416 38.411045320566785
1776678413.659056 | 1 1 1 1 7 40.90023207170296 -72.3499418123572 11920.255535382199 0.12408788565498097 0.19366598561897264 8.362411979521264 1.3578243252042865 3.528857032725446 -90 -9.317838018199614 656.2890928099736 11910.937135032867 -9.462883502093753 53.929746339114516
1776678413.7600546 | 1 1 1 1 11 40.90021754948103 -72.34991408508735 11839.234809818949 -0.04729683463907697 -0.08424007296431668 9.755273134202785 -1.1379681588075066 -0.005177953947369751 -90 -8.82700459423019 658.4765136296503 11836.077096189012 -9.045798396451662 55.41995642048283
1776678413.861053 | 1 1 1 1 8 40.900238399637864 -72.34990605236075 11753.331905019304 -0.41655026345913093 -0.4340453893737548 9.961182654294586 -3.7983153544834583 -4.247544917031222 -90 -8.519370152799794 660.7562998986648 11735.276421067838 -8.548770993065537 58.53770760262906
1776678413.9640515 | 1 1 1 1 6 40.90020074244385 -72.34986394302827 11653.874504386931 0.4314743406208783 0.5945966852108244 8.862830881377832 -0.24090592148122614 -3.5398121054940814 -90 -8.957497020644176 662.6512210290306 11634.340723320383 -8.73733152690254 35.77669918746269
1776678414.07005 | 1 1 1 1 9 40.900200296208425 -72.34984852374751 11559.897363255533 -0.2045183523682088 0.22653861559879762 8.678875263267175 -0.015036036929134688 1.1014297553466248 -90 -8.594162245486665 665.5141409000156 11540.119470566424 -8.419742313916498 42.64023752258757
1776678414.1740484 | 1 1 1 1 7 40.90022695028099 -72.34988200541687 11474.134616587682 0.34701921938527747 0.233338939637884 8.194080262522762 -2.0961390135480364 -0.5867039142290782 -90 -7.096065495940033 668.3488939280877 11472.617991719879 -7.189044687524026 41.36058210622424
1776678414.275047 | 1 1 1 1 6 40.90019587782532 -72.34989955171075 11374.526073021634 0.38575711528009804 0.46513520463404 9.32573201264676 -1.0418372139878738 3.903375387209959 -90 -8.062010728403475 671.9105245600691 11387.541833679992 -8.483507543604702 40.5724306727947
1776678414.3810456 | 1 1 1 1 10 40.90020592972221 -72.34988014008844 11292.209088663572 0.26087057214587905 0.7255384193909622 9.126792334270496 0.5113362686353682 -4.754004387509225 -90 -8.162691118428974 673.5353053810063 11272.745889108053 -8.415831946625465 64.632394778359
1776678414.498044 | 1 1 1 1 8 40.90021494470979 -72.34983619991176 11203.137238846166 0.09098290204808457 0.6059609838322797 9.751110459830759 4.117885798313193 -4.922614542885513 -90 -6.7741573362124345 676.9807713456488 11183.619894513338 -6.769574744449525 47.621494411031236
1776678414.6000426 | 1 1 1 1 9 40.900171798933215 -72.34984934284486 11117.602421545565 -0.29815211713170564 0.05865263424724687 8.62969630153446 0.2957604890971801 2.667584142875759 -90 -7.597291176697773 680.4573513780609 11130.571801050204 -7.1466346552503275 51.76632072300969
1776678414.701041 | 1 1 1 1 9 40.900122996633314 -72.34987742859025 11026.174861879892 0.3675776894373004 0.06370034761080312 9.260150801593264 0.6803646189572596 -1.6616562037472504 -90 -6.157597932486004 682.4916072083089 11010.919070844695 -6.36232102268073 30.731980159205136
1776678414.8010397 | 1 1 1 1 9 40.90012037028763 -72.34991443107258 10929.327335948943 0.8166021379428419 0.5505792460191281 8.66121178230654 -2.621851938294796 -3.1002230779647078 -90 -7.680007883394943 684.7500831274173 10922.273840691494 -7.386242903531752 33.7658777079595
1776678414.902038 | 1 1 1 1 10 40.90014303962127 -72.34994557287185 10838.356548023425 0.7932601337789593 0.7944603793635805 9.386857432944216 -2.3960714551582516 -0.4073491249058927 -90 -6.57623463851546 688.0421324792184 10842.818323376181 -6.079655675671983 45.73359038613514
1776678415.0030367 | 1 1 1 1 7 40.90017731449534 -72.34990230634645 10740.7455992024 0.22569412745025508 -0.4915797910757185 8.505429309176053 -1.6327050311948934 -3.9234664967796773 -90 -7.435365976058922 689.9393209844048 10732.146672789837 -7.020834998450044 69.27181854979446
1776678415.109035 | 1 1 1 1 7 40.90015263816683 -72.34989513703006 10644.122035813358 0.4570966125175189 -0.38904557603073586 9.77528766142959 -2.550136510486972 0.23410005956217095 -90 -6.3786493887753775 694.3488628057767 10646.672159200089 -6.198903670805002 31.857439015363997
1776678415.2140336 | 1 1 1 1 7 40.90016840117347 -72.34992922866836 10560.932311800905 0.5085489266007099 -0.1316808879678939 8.677890611382567 -4.674516062711901 3.685955306464498 -90 -6.424160183282826 695.8783733876696 10541.509706097911 -6.348335100705141 59.84870690543801
1776678415.314032 | 1 1 1 1 6 40.90012684301587 -72.34991161647858 10469.689310324236 -0.5327723738708441 -0.7940670921459174 9.623101285669433 -1.1885650296155417 4.726330138309638 -90 -6.029751723091445 699.2916085515245 10483.936692200454 -6.428495358608429 67.14151515846677
1776678415.4140306 | 1 1 1 1 10 40.900160453359064 -72.34991401125522 10379.278047084475 0.44327499695812866 -0.5565453465964854 9.723717069375086 -0.4543058532087496 -4.364050265666897 -90 -6.273255803374385 701.8534922095355 10383.634910105167 -5.873352763513417 54.10726123663465
1776678415.5140293 | 1 1 1 1 12 40.90011790116024 -72.34987731033831 10281.18570167966 0.13516876730232408 0.2656283273721496 9.969750906798392 0.022419024819996025 -1.7741850976559101 -90 -6.141576184660341 703.9759869120568 10277.280985676525 -5.7587158353918815 68.56709544914415
1776678415.6140277 | 1 1 1 1 6 40.90012311366621 -72.34989131984354 10183.158812097226 0.9526844916026644 -0.18355197320202166 8.05907565291563 4.204122248013375 -0.5885522912449392 -90 -4.5353903285492585 707.1574166176594 10177.19247599295 -4.530624776929483 40.66506410982754
1776678415.7200263 | 1 1 1 1 10 40.900113800659895 -72.34987656543946 10099.922854809063 0.9693752937777449 0.9478818671460896 9.911808321584394 -3.608738350937073 -0.7833466553350155 -90 -4.401660682186764 710.6648657508825 10100.833318536012 -3.998240741877214 50.50759344095654
1776678415.8210247 | 1 1 1 1 7 40.90014477384037 -72.3499248650511 10019.042948697206 0.7133240202662166 0.9076177602080284 9.021094320725126 4.17020872703649 2.534925861902268 -90 -5.614826564238322 712.8465055045335 10029.283960155282 -5.713273230929829 63.31659372147172
1776678415.9220235 | 1 1 1 1 11 40.90017840472744 -72.34997348580906 9938.757717877334 -0.6966708142026345 -0.30463039808221537 8.978382495218687 -1.340574039644824 4.996110615270002 -90 -4.785460138183863 714.767152936605 9946.489959395853 -4.798805593595601 34.835831287307315
1776678416.0220218 | 1 1 1 1 9 40.90014864939545 -72.35001659488408 9852.798824510188 -0.06372410971601594 -0.8201151920250633 8.893948615350828 0.26846710691132536 -1.6948960718575288 -90 -4.363914626074287 718.2367165114713 9869.246260231075 -4.419553409577116 31.47633117002203
1776678416.1220202 | 1 1 1 1 7 40.900175330273655 -72.35000029234612 9753.821886791779 0.2602627909205182 -0.7666058022036737 9.256666205386557 -3.1622485972021352 2.255430689711819 -90 -5.284943871294291 720.5698653506778 9746.798549992416 -5.599863792816086 48.219032970209355
1776678416.231019 | 1 1 1 1 9 40.90019413117069 -72.34996282952045 9654.482719138832 0.17335056910352886 0.343163134019699 8.86020090536685 4.246043308340843 -1.5285568775070124 -90 -4.581553330602993 723.2225601896791 9642.290159125849 -4.493168534066776 43.674710780346004
1776678416.3490171 | 1 1 1 1 11 40.90019933493511 -72.34995795196905 9560.908270407203 0.3737350208077044 0.5537415211080967 8.583517909759435 -1.2142744014990257 -0.5309339578149448 -90 -4.378413056988919 726.3687411546636 9546.734331300366 -4.869808808701265 63.24068698300201
1776678416.4490159 | 1 1 1 1 10 40.90024638286649 -72.34996350265858 9463.231633062653 0.7319913053788338 0.6903959616931306 9.779594911089326 1.9009504194501652 1.1986012334598461 -90 -3.1179012111648596 728.4393030952342 9478.36239968695 -2.903891317063424 59.53534239474716
1776678416.5490143 | 1 1 1 1 10 40.90026022307408 -72.34994799996028 9382.175647465927 -0.7207200548634807 0.49522083136245354 8.635102233202009 3.5074268106987123 -2.9032943574166037 -90 -4.008941985287688 731.6658681550048 9385.327415689471 -4.469314166771633 54.56344993936324
1776678416.649013 | 1 1 1 1 11 40.900299037737994 -72.34999535568825 9294.037964775189 -0.8826857912079118 -0.23603254900840454 8.038409203527937 1.749924944770294 2.573480003946292 -90 -3.8640171218460986 734.5750287476175 9302.34373421204 -4.309563235006873 37.48059043225775
1776678416.7490115 | 1 1 1 1 12 40.90032321110664 -72.35000433608242 9195.413299763542 -0.8695468603762617 0.8598652283376684 8.669225636584352 2.139806942363035 -1.4739304149764996 -90 -2.936886482861956 736.5506516947614 9204.27421156486 -2.931827120023327 66.99234461557728
1776678416.8670099 | 1 1 1 1 8 40.900339642269465 -72.34999542735959 9112.86353253232 -0.5168126434456382 -0.6891433746182769 9.391002270854493 -4.351578052002505 0.5821776257368239 -90 -3.0855417920334824 740.4869800273487 9113.239486108847 -2.6556163760919658 33.01246471916003
1776678416.9690084 | 1 1 1 1 12 40.90029626090603 -72.34994765621879 9021.593652767608 0.3071927029597892 0.9794463034427656 8.069222645746132 -4.045332971739269 0.3745292449149451 -90 -2.0985811272961543 741.4480610267 9018.758598806977 -2.3276120498328643 65.11670224901152
1776678417.069007 | 1 1 1 1 12 40.90029967961275 -72.34998693995996 8937.77520078554 0.9820293757355107 -0.35560898581736433 8.772472950668483 3.0944829760091626 4.4895367018435195 -90 -3.427216055679372 744.8297398030359 8937.517759880799 -3.7507450674257696 33.567360411203424
1776678417.1690054 | 1 1 1 1 6 40.900256187336 -72.34995526282827 8844.426177316323 0.7892597348726282 0.13911277505342268 8.802026435518648 -0.16195477046105022 1.3585158119927385 -90 -2.1404948118328275 747.7617802475885 8830.28227838457 -2.0553184319080646 34.35173722610261
1776678417.269004 | 1 1 1 1 12 40.90022244111004 -72.34995844921534 8762.191342045964 -0.33569641200363276 0.7071211383641269 9.399855172666149 -4.301203750079847 -3.016139915872661 -90 -2.994974383630951 749.9927097229316 8758.447435733076 -2.527678769997272 61.55840217042781
1776678417.3700025 | 1 1 1 1 8 40.90025291497154 -72.34995757707334 8677.313255903804 -0.4137274044117938 -0.5994565825886049 8.161134123233614 2.586413057140935 4.053249355826727 -90 -2.3849590227703645 753.3658185254293 8667.112226240437 -2.259139042185371 54.977818166676215
1776678417.4700012 | 1 1 1 1 11 40.90020554663114 -72.34994232284505 8594.602520267568 0.7249845081642701 -0.732632836003716 9.099224196166608 -3.9507944988723676 4.900251188112728 -90 -1.4113035299777004 754.2248457545478 8610.114355600905 -1.0473683245222767 53.02897474878432
1776678417.5729997 | 1 1 1 1 8 40.900199168801194 -72.34991253768766 8509.681152334631 -0.8893425028767445 -0.14325273582914377 9.083690320015512 4.809468159449388 3.8349831059901565 -90 -1.212166186884529 758.3928689955992 8522.294420196295 -0.9206348231143275 31.043474439228508
1776678417.675998 | 1 1 1 1 8 40.9002425907456 -72.34995484596027 8410.44059470897 -0.3900259184868544 -0.999013595012626 9.438773796807759 2.171618494672268 3.1536152549101484 -90 -2.1802163634264375 760.7400745720056 8413.638162945977 -1.848464626199054 64.85007370259663
1776678417.7789965 | 1 1 1 1 7 40.90019636512823 -72.34994719423787 8315.662568310807 0.23083397407081008 -0.8019765682528375 9.747806619582425 -4.895624756681212 -3.684428116379178 -90 -0.8296262534763363 762.9889809034444 8311.994861167295 -0.4116921555711357 42.258924774370215
1776678417.880995 | 1 1 1 1 12 40.90022872590993 -72.34989992390635 8230.917136078944 0.8691957184240471 0.23924134175649758 8.105184887885056 -4.833670241209914 2.631870396650772 -90 -0.7418303809900599 766.1860112382633 8244.609064749156 -0.5674850779308085 40.68621298664631
1776678417.9949934 | 1 1 1 1 9 40.90026565317984 -72.34992326454768 8131.731892343735 0.8799718445722764 -0.17856429580180033 9.72993251614053 2.4023359404518896 1.4125857652937022 -90 -2.219021895246567 768.1379468919621 8123.673655732616 -2.4860538203827605 55.266286197147885
1776678418.096992 | 1 1 1 1 6 40.90026871735923 -72.34989255792264 8046.327745701782 -0.1953156268547671 0.9190248145564228 9.531181660194088 -4.545160650916809 1.879366875838321 -90 -1.202820698214283 771.4877573132405 8063.724494347141 -1.1790371410966243 67.77705721158381
1776678418.1999905 | 1 1 1 1 11 40.900291850975606 -72.34988902480062 7957.212509950763 0.23758921796549015 -0.30023046111453655 9.788268871315715 2.6456812455376255 -4.084657411235806 -90 -0.8760227625254073 775.0813677594116 7948.085120897577 -1.1978604094511307 48.7432360790773
1776678418.302989 | 1 1 1 1 8 40.9002773729527 -72.34985776711292 7863.415981827495 0.6466406801488538 0.8650125317172341 9.338165986730342 1.165777466683413 -2.549057118236584 -90 -1.0716726309417792 776.3466175320941 7878.307105810671 -1.4811826096882996 59.28001752927369
1776678418.4049876 | 1 1 1 1 9 40.900283223897084 -72.34983761354017 7768.595887272428 -0.8665591976231666 0.9888748276206885 8.33877718885483 -0.751669098596591 -4.761821048219382 -90 -1.2261682154806641 780.3223359454447 7749.583320764672 -1.1160264874385923 57.21842041047657
1776678418.5669851 | 1 1 1 1 6 40.90030789417703 -72.34981818046742 7677.247693055508 -0.4985460544292404 -0.9231136672930345 9.276425419893108 -0.5475834899559162 -4.405454213944626 -90 0.2015659786909676 782.1484518394453 7674.356149944208 -0.12701295474096252 64.08151483363238
1776678418.6719837 | 1 1 1 1 6 40.900320255950774 -72.34982881657896 7592.059468115548 -0.4218099509421631 0.3782037069820987 8.321962230266 0.058667629991711046 2.2375645117912217 -90 -1.097543013731966 784.946170802221 7603.103970734131 -0.9826841461246449 42.04743125408061
1776678418.7719824 | 1 1 1 1 6 40.90036138758417 -72.34986385630945 7508.435255622529 0.7409890177080607 -0.9810264088663545 8.415420177965041 -0.12053147033488187 2.7311577125660325 -90 0.8550819572167621 786.8247235649826 7511.198055612095 0.5443013571926851 45.68797459327406
1776678418.8729808 | 1 1 1 1 10 40.90039848856227 -72.34986425191151 7415.135806721319 -0.29201486179829095 0.7622923561489177 8.619551186874643 2.9508150165040536 -3.835904278936014 -90 0.038122136716300714 791.4200264556031 7401.4976870457685 -0.05834615221570094 50.47531962610115
1776678418.9739795 | 1 1 1 1 10 40.90044066472852 -72.34981621667679 7323.907523193318 0.9270602578409273 -0.8778597669166681 9.843547793490615 -1.1734514410081545 3.756274116503377 -90 0.5246146721163247 792.505691321275 7329.652528305519 0.9202980793871856 60.73084677702094
1776678419.0799778 | 1 1 1 1 9 40.900404990142285 -72.34978247244976 7232.263786701367 -0.3866751807147262 0.7730605287008443 9.828747955239102 0.7627918871318933 3.428865219737114 -90 1.0162305936672553 795.6548014459481 7229.6471080403735 0.806444185393238 61.766753949795095
1776678419.1819763 | 1 1 1 1 10 40.90037198050021 -72.34979727374335 7147.771416237503 0.9383430497957719 -0.17509636200797885 9.903638421527567 3.9667156491148923 -3.5980398745461653 -90 -0.22629467219575683 798.8969599504478 7148.103608525175 0.0410395461934977 54.14419599319462
1776678419.286975 | 1 1 1 1 7 40.90033792397775 -72.34984336562663 7057.410418196501 -0.8327989623947436 0.9450718027028835 9.756661335349676 -3.8812276758967923 4.807134423617253 -90 0.06576746137169232 801.5600413036104 7039.227371898095 -0.13078632776088117 36.34303514196649
1776678419.3869734 | 1 1 1 1 9 40.90031436097434 -72.34984356456873 6969.390021563709 -0.007466356130497953 -0.06346938449561024 9.420878743402227 4.762329380739866 0.8134791101269254 -90 1.2738175999008468 804.5446694239403 6971.913571393399 1.0342027134290945 49.53299209216988
1776678419.4869719 | 1 1 1 1 10 40.900265833343525 -72.34983386848131 6872.61229667819 0.20182511721305385 0.250456459204641 9.95486637889508 1.9009424979792247 3.7458003873741745 -90 1.6077612587423444 806.4567557628077 6885.040777446153 1.618574618223974 62.30125030944767
1776678419.5889704 | 1 1 1 1 11 40.90030828523643 -72.34986500944869 6779.930346020589 0.1656568784043715 -0.045441339369169276 9.013470269380994 -4.472024356271827 -1.6105557828956552 -90 0.52985491805085 809.5312689489612 6763.247105633481 0.5040815249113686 46.22174742424322
1776678419.7099686 | 1 1 1 1 6 40.9003420288084 -72.34991380781162 6694.312083460069 0.6653046640849052 0.8045726297686362 8.617386742601381 2.427748526917151 -2.4760019826379507 -90 1.181681742331324 812.5699979546615 6690.588354863557 1.0211983467619403 31.18669313082102
1776678419.8159673 | 1 1 1 1 6 40.900350404769256 -72.34987069006138 6598.840044722854 -0.9533458533490657 0.7972863873955247 9.998969147335616 -0.10360002317842376 1.010682163104435 -90 2.644056346487604 814.7484268394302 6601.701410183355 2.4929708634993095 61.8824861075278
1776678419.9209657 | 1 1 1 1 10 40.90034105121646 -72.34991952091869 6499.255472436405 -0.023711622517244013 0.00843004894461341 9.902879677974385 1.9017194149552585 -1.092787554137531 -90 1.9481988401008823 817.2425647796556 6496.3610214200235 2.232745868135329 34.57817622371583
1776678420.0229642 | 1 1 1 1 11 40.90036777646725 -72.34996702009578 6403.046537245222 0.553167842117789 -0.7764458583946205 9.31403385559318 -0.7141718689941765 -4.02689292323121 -90 2.3541226033226783 821.3092079698357 6418.890262735765 2.5167417295106698 55.345769183997085
1776678420.1299627 | 1 1 1 1 10 40.90036481888988 -72.3499773273464 6322.429908517836 -0.49080475635969467 -0.06394762631181616 8.881585786131563 2.865943423159618 0.45898433001034356 -90 1.773573288500611 822.3427344180578 6307.532876766347 2.16034712330971 32.485014021319685
1776678420.2329612 | 1 1 1 1 12 40.90035194102412 -72.35002067585373 6240.685640835014 0.2664409431896382 -0.9912108026072244 8.998242145744399 -4.307467062291814 2.8961484870973155 -90 2.2309850859599063 824.8311912921108 6242.336210501886 2.150689415245754 47.37251433541256
1776678420.3399596 | 1 1 1 1 6 40.90037189341212 -72.34998472461756 6154.0863897015215 -0.6310267845060029 -0.24382394201404023 9.841419555323704 0.8158424730797078 -4.232494687812167 -90 2.3922373911664474 827.7464701952549 6142.713743475349 2.2261979720832823 42.26532783829663
1776678420.4439583 | 1 1 1 1 11 40.900407115448296 -72.34994014946056 6066.431068042332 -0.4396669058070979 -0.32959158584412385 9.583955745409627 1.088478759246927 0.676327090115616 -90 2.206378268985178 831.5690280866455 6078.4348153798255 2.416475388179372 63.74955215464838
1776678420.5449567 | 1 1 1 1 8 40.90037570654142 -72.34998199969615 5980.404581210077 0.6648092939535191 0.6204219885117181 9.702415256777833 -2.5873786477434866 -2.5776634082754333 -90 2.6105345037032563 833.4965763157393 5964.965005747978 2.8284080561932354 30.64224142178623
1776678420.6509552 | 1 1 1 1 12 40.9003847027753 -72.34999669238925 5890.104452040042 -0.6509848704032313 0.09857223793448444 8.91372890689616 -0.25130295706166006 0.9046991836937623 -90 3.773321972896628 837.1591840691539 5877.496613072731 3.7442815551735187 37.68212986681195
1776678420.7549536 | 1 1 1 1 7 40.90039975183349 -72.34999721847757 5794.030237997149 -0.1209018522727443 -0.01216895688225561 8.684305320751632 -2.16665012626011 0.29886093309235484 -90 3.2545036619905066 839.8743131010293 5791.044268752573 3.7333825811735624 43.50973208344225
1776678420.8619523 | 1 1 1 1 10 40.90037912510982 -72.34996630459968 5700.357322864732 -0.43326823500048683 -0.4547670154440373 8.993251962540798 2.556484462092227 0.1529200566711335 -90 2.823329664679945 841.5145770374423 5704.414083233794 2.716933541965849 38.52117607701155
1776678420.9689505 | 1 1 1 1 8 40.90041668796847 -72.34998522104759 5611.402138033711 -0.8052841262974235 0.8147386414715747 9.574326025831903 2.867517321522394 -4.656013282621338 -90 4.0201217306783885 843.9960079763607 5611.859071852555 4.14446410769568 57.945007455960315
1776678421.070949 | 1 1 1 1 9 40.900399288004614 -72.349993168787 5514.80080359108 0.008881314149649544 -0.44090053411765084 9.709227404178744 -1.3936667009296135 1.8456564748576252 -90 3.9882148064911984 848.2096598708418 5534.650198171821 3.584868835900404 42.39921424873431
1776678421.1789477 | 1 1 1 1 12 40.90039077110878 -72.3500383826631 5424.839104297495 0.34606978676146705 0.7747910484575642 9.601873144132409 1.5898789026096205 3.513382761618903 -90 3.60829759354636 850.4663456459599 5439.718859052961 3.5857253512942235 33.78809323555607
1776678421.2809463 | 1 1 1 1 9 40.90037333347481 -72.35006293200327 5341.833939497928 -0.5942573586812339 0.9751667362088818 9.069167993025493 -0.1475438725594671 -2.960474478458891 -90 5.017788564175739 852.3490485931734 5323.5761886490545 4.931426133424554 39.445098855144515
1776678421.3819447 | 1 1 1 1 6 40.900333821636806 -72.35008199661583 5259.415036189687 -0.8020024175192917 -0.18662812888353564 9.530302833460578 0.19648768469419764 3.097486479909474 -90 5.0475767399368365 855.9764527683898 5260.92530628532 4.986787902673573 59.32656771603768
1776678421.5319424 | 1 1 1 1 7 40.900374328907915 -72.35011663390898 5168.970080121081 0.5420764190884546 0.7928018767035903 9.06042886551089 4.9196794155656445 -4.2687021606853515 -90 4.586779488544912 858.7436397254922 5185.25452581932 4.128165262231718 54.67185092854095
1776678421.640941 | 1 1 1 1 9 40.900367715822796 -72.35008992627328 5069.8216304420885 -0.197021486497585 -0.8679102837831882 9.154624070412822 -1.2670867974771927 4.801058652307642 -90 4.010026317092122 861.0204628406892 5052.722197709317 3.779672906564665 66.31562863124424
1776678421.7419395 | 1 1 1 1 8 40.90038201635148 -72.35013142517028 4988.252630947028 -0.02138796459380954 0.4259449385064986 9.253196282260765 4.012270893542546 -2.181218822740382 -90 5.1004134366794265 862.9796471024061 4991.618432712057 5.225076902667408 56.96907997924557
1776678421.841938 | 1 1 1 1 7 40.90036414209703 -72.35010840693134 4890.742919529945 -0.2441232561739819 -0.6924851759758557 9.081806257377412 1.4967191868397434 0.4266816086999148 -90 5.028447317839949 865.8851446968439 4897.431236495817 4.72631895233313 56.72818497776007
1776678421.9429367 | 1 1 1 1 7 40.9003208306189 -72.35011211070922 4803.823469374675 -0.8812507968116932 0.7423261340484804 8.25629744396589 -0.44841126633763295 4.225562477976295 -90 5.644599689492111 869.2940808668335 4796.823869443752 5.400804296620795 66.38522991142207
1776678422.0569348 | 1 1 1 1 12 40.90033218399238 -72.3500675646494 4705.846720587531 -0.38160465691642065 0.8311956535271945 8.068115372456784 -4.605357249530413 2.0844049038480117 -90 5.609476443966367 872.4680369130875 4688.379814319987 5.236249006390015 69.20145811447995
1776678422.176933 | 1 1 1 1 10 40.900341337636775 -72.350056248508 4617.60846743499 0.2699295659752978 -0.990425404299716 8.340084016662683 -0.7917068527843876 -4.673966266001257 -90 6.7533220130720615 875.4209525991846 4615.30375485985 7.12595822003103 38.052468621905845
1776678422.2789316 | 1 1 1 1 12 40.900303244087134 -72.35007985701874 4524.547292120576 0.9911554343997306 0.22881641061096314 9.247939998686581 2.8109488286230624 -3.5771228825007673 -90 5.176751218695398 876.8921891260034 4521.677901691595 4.9469707734089825 64.94488175754245
1776678422.3809302 | 1 1 1 1 8 40.90027354771708 -72.35010704148037 4443.020906720932 -0.4102021065088757 0.6965225628539069 9.98254219826119 0.40659383431368745 2.1587374945277427 -90 6.663965058627372 879.4649071457956 4450.528611953102 6.636521231759671 64.62532844456295
1776678422.4819286 | 1 1 1 1 9 40.90029505936131 -72.35007436188377 4347.130505697715 -0.6042748457440896 0.5609780683729328 8.802224224934076 -0.5232772252917268 -2.4124575949364124 -90 7.171050804775011 883.5832362680578 4329.04095743888 7.573115974558949 32.51223186767979
1776678422.5859275 | 1 1 1 1 9 40.90030939616775 -72.35009721715242 4252.081815238068 -0.8474870733264668 -0.5282153228464672 9.950655577094404 -1.531469417377017 4.95075519189707 -90 7.281989332003666 886.1895793964849 4253.157710827827 7.715130940741711 37.271415641901996
1776678422.6959257 | 1 1 1 1 9 40.90032841748829 -72.35009210265211 4166.113185747606 0.8508302170970226 0.12705606786788914 8.50011707695469 0.9395039791660036 0.36247421580664785 -90 6.58171278273086 887.6781687658513 4150.903567828424 6.26279717777981 54.888841771575361776678422.8049242 | 1 1 1 1 10 40.900046223327415 -72.3500164156019 1.873857619887351 0.18421010303321728 0.42561070211532237 8.041156998166533 -0.7153652188438819 1.0350077346155837 0 14.07499366054526 1013.8665700879959 11.789207510648305 14.308058366489536 37.44516885483894
1776678422.9059227 | 1 1 1 1 11 40.90000303726906 -72.35001384642537 4.028416794535615 0.9330044972341336 0.6624747305027026 8.333487911492227 -1.2011603385710234 2.6602676112280434 0 14.961345416246381 1012.1168944439686 7.644959105436469 15.292721627924795 37.66544512155627
1776678423.0069213 | 1 1 1 1 10 40.90004531550035 -72.34997004127074 4.90508944206007 0.08648121091007255 0.3364808748261203 9.013944074076411 -0.4487989341004708 1.1461742376378483 0 15.105327360632986 1012.5608118854897 2.293348682089582 14.783644197667453 37.36442564601908
1776678423.10792 | 1 1 1 1 12 40.900026057036676 -72.34998853770111 0.47985810205126267 0.9188035637937524 -0.5733124386524027 9.632997023443108 3.4094916790333265 -1.2157656173376208 0 15.790267285892996 1012.2899538694124 17.46653291894418 15.799537634595655 63.38183238711029
1776678423.2079184 | 1 1 1 1 12 40.90007413116988 -72.35001020452877 1.133480080366327 0.15225621441782566 -0.2892857273165854 9.264970253379449 4.829011098368884 2.594664424716485 0 14.491126830949256 1012.5267509300608 0.06720042899613565 14.893416342206926 45.69172410716568
1776678423.3249168 | 1 1 1 1 9 40.900090981980924 -72.35005810912597 2.814234088612273 -0.8959854075392981 0.42633090368294435 9.18079841435376 1.2738698997912188 4.869272593018074 0 15.96115446665246 1013.5392512722693 8.869816503231611 16.18797133990146 35.113519403576404
1776678423.431915 | 1 1 1 1 8 40.90009680690858 -72.35010473998308 1.2822782476040195 0.4781859641327306 -0.4488876578971661 9.829029773917444 0.03421884705252154 1.178537266682281 0 15.713087414373346 1012.9987212639767 13.131365688495954 15.834161688469582 69.61555370634325
1776678423.5399134 | 1 1 1 1 10 40.90011680638349 -72.3501032105449 2.393781371983957 -0.8362087293608911 0.05611074261496962 8.496874335466254 -3.286138252840831 -1.627524077596071 0 15.140346231134227 1012.5160577684727 -0.5639612967154211 14.684980085905956 59.78211857750182
1776678423.642912 | 1 1 1 1 7 40.900128054195726 -72.35012116181049 2.1989600727148932 -0.12029739249135551 -0.1526061262204812 8.956601431993018 -2.0501253514739446 -4.544975908635109 0 15.917605210070953 1012.2574408514786 11.963211287285777 15.77650640958099 51.060480221001285
1776678423.7509105 | 1 1 1 1 9 40.90016920584157 -72.35009569448223 2.521996456722066 -0.5453465253951622 0.09683449235902852 8.505299545228585 3.289926438456103 3.7623057058956473 0 14.784598111194931 1013.6213694022069 -17.428272858033573 14.494233500508805 64.29630010367342
1776678423.8519092 | 1 1 1 1 10 40.900207613118475 -72.35014411003363 3.366766534468846 0.18278882509684036 0.5293102102252287 9.69491318391666 -3.3848502751149647 1.7255679837530815 0 15.00259208556909 1013.5810318085056 12.639305281539096 15.267939820931431 52.1093359547126
1776678423.9529076 | 1 1 1 1 8 40.900252294447036 -72.35011100439927 0.34449275081157027 -0.006306038708989714 0.23634502849122718 9.065862490010497 -1.9396640745528848 0.8300162244035167 0 14.346198236241184 1012.7124268152119 1.0965492620567743 14.417755853470991 37.74525679951029
1776678424.0539062 | 1 1 1 1 6 40.90020276525708 -72.35010239848481 1.505268096403423 0.9176610098248255 -0.5027805019469738 8.968607840353558 2.9284042923666656 -4.537297035916101 0 15.085406754536026 1013.3108814835477 19.969193034050985 14.916260440288076 36.95394724755739
1776678424.1549046 | 1 1 1 1 7 40.90024222129158 -72.35010045318454 0.045653593588030894 -0.09531742767803375 -0.5684930926545408 9.873247955411376 2.543501943448666 2.0302288891925944 0 15.562911422584442 1012.1056227595091 1.1732148319766038 15.366482813188519 59.2534055382101
1776678424.2559032 | 1 1 1 1 8 40.90022254757058 -72.35006775330666 2.3585894614143648 -0.7648108810107528 -0.5032286687240901 9.02132806543347 0.6330170144718785 2.4405971510850595 0 14.212375004044368 1013.0222130625007 21.131160402497525 14.415657014389542 69.81502294373334
1776678424.3609016 | 1 1 1 1 9 40.900214043183844 -72.35010456850013 0.5400344951444047 -0.9301333305287218 0.9687057851246765 8.889292106162626 3.2540057661118684 4.565386545337823 0 15.217665954663378 1012.5887874818687 -4.618925027074764 15.364852056967534 52.717789975648
1776678424.5068996 | 1 1 1 1 10 40.90018564725175 -72.35014523013143 0.8038446232760216 -0.6936656082408441 -0.6498582715666448 9.640529541150926 -3.9929456916360637 -3.746952486534969 0 15.734630051538987 1012.9489028961798 19.994791313741302 15.728112164327856 51.57042591560386
1776678424.613898 | 1 1 1 1 8 40.900207242041596 -72.3501243720013 2.158719098660508 0.5408494390885723 0.9741479257081993 8.629714866293769 1.1936169844965328 -0.49645671297314564 0 14.08420123184873 1013.8475148335727 -10.363254257392445 14.168128907732159 39.63133636038259
1776678424.7148967 | 1 1 1 1 10 40.90023005004862 -72.3501005900116 3.5943455521932055 -0.597451908413243 0.6768576221938103 9.148983357120391 -0.8240491427042773 1.0171918073101764 0 15.903757318511573 1013.6782119885501 22.502064783067574 16.30690819663087 59.70033666780621
1776678424.8178952 | 1 1 1 1 10 40.900210119701605 -72.35005106422733 2.2960418657506274 -0.31920921629084487 -0.23897917476399244 9.10227731725115 -3.178319985034419 -0.8784897957810136 0 15.945369014104482 1012.4468948517751 -17.180075968537 15.782583711846671 58.77138853659873
1776678424.9188936 | 1 1 1 1 10 40.90019787399576 -72.35009958183855 117.08686633669448 0.656142664562078 0.5046321235573612 11.47291391606868 3.326842488824612 4.776630095057824 120 14.036911813464446 1009.6004867808964 123.19108603090784 13.628156992577248 53.69645297226919
1776678425.0638914 | 1 1 1 1 12 40.900152670031424 -72.35014067431203 241.46159240189604 0.6202586593922392 -0.45317674586821677 14.759512624374223 -3.204328548284252 -3.7196109786254183 120 14.700801348099507 1004.7630317187154 251.79935717200445 14.634838877887773 31.4986599263825
1776678425.16889 | 1 1 1 1 9 40.90019575840187 -72.35009458316684 366.127735816205 0.6550815751139147 0.7272344816361944 11.153074957384534 0.35567462241101033 -4.933458352257633 120 13.3884307933532 1001.4614562682581 352.4229106510143 13.882731769845375 61.317170399424725
1776678425.2728887 | 1 1 1 1 12 40.90021123113718 -72.3501258202263 482.5148472030801 0.34508439880685415 -0.19537219133989758 11.225553192616744 -2.571057731791454 -3.1153068127613412 120 13.902032876219627 998.5973912654218 472.5873496818667 13.788565310940681 60.04558878360728
1776678425.381887 | 1 1 1 1 7 40.9002317523822 -72.350108121638 598.7980378028666 -0.42733319902372147 0.16196214103359652 13.542809924027083 -0.8575444280044255 0.6097036579473656 120 14.703220192850697 995.3834132166678 616.5228345367643 14.275796945571502 64.92383617170164
1776678425.4828856 | 1 1 1 1 11 40.90020815455521 -72.3501466811167 715.4251121776035 0.8898498844692029 -0.9518158696816412 10.913735652852711 3.0922373415646245 -0.4937727999839989 120 13.218854727854815 991.4154314166636 730.5980431440419 13.093341055525318 59.259697203914016
1776678425.5988839 | 1 1 1 1 12 40.90025216081972 -72.35018592453088 841.2978355780203 0.38385016059888355 0.27662930527053975 13.06043127793475 3.3415852405220576 -0.3136197373532612 120 12.932699216568702 987.6420603698076 858.0902225959624 12.718400649379634 44.58914232758977
1776678425.7038822 | 1 1 1 1 6 40.900254940140975 -72.3501897984148 956.3677111256776 0.5412618013007202 0.8846863546408557 13.562226764749042 4.834270948548086 3.582642281745855 120 12.246864255793932 984.2981867590272 956.8957348080231 12.601960271542392 60.82619934202418
1776678425.8078809 | 1 1 1 1 12 40.90026667374865 -72.350232000631 1081.2043416037486 0.7252595924591638 -0.050655329646274616 11.876376490230903 0.06606349398070588 4.813195914119142 120 13.532262278983403 980.6545119118925 1093.7244185948023 13.754855176628503 48.44378824405698
1776678425.9088793 | 1 1 1 1 7 40.90024345579769 -72.35024763532402 1193.3433048805896 -0.28491989391724304 0.6217777204932617 9.376142146721731 4.504744894548034 -2.7817302930181818 120 11.94855351422387 976.9315903767615 1202.9069614107984 12.1546965501249 49.54770533737076
1776678426.0108778 | 1 1 1 1 8 40.900205418883566 -72.35025053394739 1305.5618670692895 0.7775303614391011 -0.7871395711697897 11.342144656373348 -3.122002208879974 1.4508446252182141 120 11.593325042024905 973.9806273725112 1299.9471666609147 11.280580147269992 42.89086555148481
1776678426.1138766 | 1 1 1 1 8 40.90016949543062 -72.3502401939668 1422.4944557996143 0.9731198981822178 0.8513507657502535 9.120134896746032 -1.848297330879424 -3.4932656234546275 120 11.337737533751053 969.5420759148055 1424.486426697095 11.1909721974064 52.95247465162853
1776678426.2288747 | 1 1 1 1 7 40.90015679455942 -72.35025582455303 1552.4002849626338 -0.10519772185282017 0.8747356904802575 14.351276030053224 -1.4793190085145556 -4.916281562308575 120 11.574320364311472 966.4697360332431 1569.128535571507 11.608423196046882 61.221059648187975
1776678426.332873 | 1 1 1 1 10 40.900125380683285 -72.3502666098891 1682.1999420123027 0.9050313242362686 0.5805870573996987 10.29107215857602 -2.027306206274951 1.429596835651493 120 10.840758260335305 961.5928387569469 1680.4409682953683 10.451780675132177 31.099966643558435
1776678426.434872 | 1 1 1 1 10 40.9001131751724 -72.35025717014159 1807.4766554226544 0.42298334136772 0.5226305555975814 11.725674514593917 -3.956935810114075 1.9550034292645826 120 11.897966968759157 958.1916368231041 1794.797599573137 11.861236961592377 45.54741357889503
1776678426.5378704 | 1 1 1 1 8 40.90014985115825 -72.35020770231183 1919.3912661632276 0.005871944666141049 -0.6664560072926042 11.32034662657501 -3.3239815519563596 -3.2518393878166374 120 10.33755381862792 955.3628027051464 1913.030244705153 10.602750095434658 53.202262355969
1776678426.639869 | 1 1 1 1 8 40.9001132300505 -72.35018043722165 2036.7092274053684 0.36993275605285114 0.5573190832364714 10.839602146204866 -4.738146759043018 4.229488349084127 120 11.398404159065983 951.2094772045022 2056.557430939313 11.572709887223196 65.86697912977691
1776678426.7468672 | 1 1 1 1 11 40.900085182618014 -72.35019668362237 2148.7860307868823 0.0730834180309623 0.9825255622630056 12.981824939138239 -3.7887548893774934 2.2941903258636733 120 11.665379141042898 948.6965125557357 2147.7571104388862 11.453384809481056 39.022117819989305
1776678426.8528657 | 1 1 1 1 10 40.90006681536892 -72.35015610801025 2268.2538597349517 0.2930002362006947 0.21432031796662598 11.850173341933658 -3.670915220726595 -1.342464580987346 120 9.68250484653969 945.4101670477464 2281.2553857112557 9.18552436265839 69.56949143761005
1776678426.9568644 | 1 1 1 1 11 40.900042584602915 -72.35016690351297 2385.434338768941 0.5824730637233486 -0.07379078135278472 13.633627900558261 0.9724413463699939 -0.1286756314879236 120 9.951435999486797 941.85965667563 2400.2841150708487 9.753031083014676 64.15692275975678
1776678427.057863 | 1 1 1 1 11 40.90009064808824 -72.35016795833866 2498.3876485722362 -0.37361724571069566 -0.39309429564424003 14.495669524237657 -3.3791003982161696 0.43820507824134136 120 10.352354757592266 938.2018332592061 2500.3896757933007 10.434742787860486 69.94803271596979
1776678427.1628613 | 1 1 1 1 7 40.90004296714252 -72.35013940111337 2616.1999772144236 0.025741477521237677 -0.012393863951607909 11.33407154603443 -4.715380567901929 2.9482073294262348 120 9.455964677528288 934.3934421858659 2603.960322535277 8.975727029148796 67.10336409095734
1776678427.2658598 | 1 1 1 1 11 40.90005710430274 -72.35016262807227 2728.997318014133 -0.19672871402825853 -0.9413413146000631 9.187565885681481 -2.803231473604859 -4.857484979659121 120 9.437825749960263 930.7624785739358 2710.0615264336 9.416101498670399 43.225646689454095
1776678427.375858 | 1 1 1 1 10 40.900077758020586 -72.35012175620324 2843.00487182732 -0.3626376590931073 0.4002400889818649 13.526393050960554 -0.5490731321114595 1.1011850413856692 120 10.187247424256979 927.726116825538 2825.077618556985 10.563299168797963 36.81664859672936
1776678427.4908566 | 1 1 1 1 8 40.9000964254872 -72.35014285044856 2954.160058285845 0.2374142288796539 -0.14363427340174106 11.639639105885657 3.6353594271160503 3.013418508368556 120 9.789363692470884 923.7000598325162 2941.118763392534 9.685510624457908 62.204786630448254
1776678427.604855 | 1 1 1 1 11 40.90007480827959 -72.35015501855078 3077.6865456331225 0.340802434969532 -0.6780380188310626 11.095890957310964 -0.699438669328635 -1.5542162823308159 120 9.439064252774545 920.1628595511736 3068.8475067697746 9.83209564517582 52.356674154032504
1776678427.7088535 | 1 1 1 1 9 40.900099035922906 -72.35012179798458 3197.1143116878447 0.9446894099431455 -0.6455947123804686 10.477964571929135 3.7590769277841822 -0.6062180960879271 120 8.82521596318333 916.4840757600505 3203.8339652802924 8.3489412100724 42.931705784987955
1776678427.811852 | 1 1 1 1 6 40.90012516283196 -72.35011194392295 3319.11535533686 0.7894949484875255 0.24963977790759917 12.428419479754181 -0.3953680133774915 -0.5552877384180217 120 9.243340574351723 912.7163497101315 3300.2440650987924 9.150014430143415 63.05775667846862
1776678427.9168503 | 1 1 1 1 11 40.90014258685099 -72.35007525402659 3448.275071490752 -0.49789788367757604 -0.35861883627316926 11.321168396853533 1.7945398521836884 -2.0412910819329255 120 7.922853365748985 909.4089792326781 3429.3863773500925 8.374648527244766 50.15950176876317
1776678428.024849 | 1 1 1 1 11 40.90012304237142 -72.35003358447291 3573.6910334516415 -0.05283646208408155 0.6539080027609112 14.394699575913183 3.2123407064531424 4.4940447071587375 120 7.856408945992181 905.8733313716477 3565.5402387148206 8.276074964625483 50.75922518763521
1776678428.1328473 | 1 1 1 1 12 40.90010825900982 -72.35007286958086 3692.7908737680323 -0.1718094693323995 0.13739247298454238 9.007032126129275 -3.776729583353239 -1.1121568465859202 120 8.450615778719184 902.501160205697 3695.1745652452255 8.493171320945462 40.38070305968924
1776678428.2368457 | 1 1 1 1 10 40.900096841128374 -72.35009916612644 3822.006853696043 -0.39666417566666534 0.35752071869871593 10.696954445023714 -0.629892857555463 3.137451480747444 120 7.369355855723272 897.6848987343533 3831.1789573087276 7.574598176543478 51.24629982081673
1776678428.3468442 | 1 1 1 1 6 40.90009709213724 -72.35006605760114 3951.478937120557 -0.6453711986698056 0.8588386578503024 9.92285797337089 -4.502000993703308 -2.2423151184965384 120 6.8202641838118625 893.888749768061 3945.031044374828 6.518957866095031 67.65619797528325
1776678428.4498427 | 1 1 1 1 9 40.90013474216568 -72.35005371878846 4066.335200955813 -0.09140192692122096 -0.844536415238422 10.022334464298039 4.434737708092413 1.3449429030282358 120 6.123784795616656 890.8361776915069 4072.467682963649 6.2040451741388525 41.92558837768931
1776678428.553841 | 1 1 1 1 7 40.90013138361246 -72.35008404402129 4191.884787724361 0.2989575685692194 -0.6741055653161983 12.269591204370714 -3.7477645485867503 -0.13147956322963417 120 6.298319567905332 887.3026252026322 4176.625387078406 5.810917533316002 53.60351794050367
1776678428.6798394 | 1 1 1 1 11 40.900132571701484 -72.35010547144088 4305.3149099323455 -0.29404199777411866 0.9706940846780052 11.382004608544232 3.0689873922489603 4.833115515369428 120 6.298073029005481 884.1063085637215 4291.269407430912 6.153002553440014 66.13748595653055
1776678428.782838 | 1 1 1 1 10 40.90012192452062 -72.35006584474213 4426.146115379649 -0.27570977274683317 -0.4173320854698852 13.57922338140714 -2.863329135322127 -0.737129269979401 120 6.8672152425093005 879.4823054910391 4430.261931963304 7.162858065759541 54.386475735881604
1776678428.8868365 | 1 1 1 1 6 40.90015110025754 -72.35007864515704 4542.856974050546 -0.2777193961745654 -0.4570732103345514 13.335501995580502 -4.048326139555219 4.344606499884412 120 6.015634812693344 875.7751407520202 4555.655007140213 5.626024260256023 36.98970298028672
1776678428.990835 | 1 1 1 1 11 40.90011455562289 -72.35003465072532 4661.110372124555 -0.5012350325539978 -0.16346566167848775 11.420215860225092 0.7228100268658046 -1.521341684294205 120 4.800401363122236 872.3885165218658 4649.722385441582 4.6392334577132175 58.411874492653986
1776678429.0968335 | 1 1 1 1 7 40.900105866776435 -72.35004210958567 4785.18001927585 0.5032365890262778 -0.9646054532853636 9.84078042476042 -1.1864364473196884 -4.883312850843037 120 5.452478639475035 870.0227237051544 4770.937063866058 5.441340584532806 64.63476444990329
1776678429.1978319 | 1 1 1 1 8 40.900139671069354 -72.35005436373373 4911.5079480640825 0.2283976407834245 0.8562719835478498 10.121774502580658 -2.055726842197271 -3.638098253001579 120 6.1174421663916165 865.2609234164512 4921.318370200602 5.784309990740886 31.68874486730698
1776678429.3378298 | 1 1 1 1 10 40.90011508391335 -72.35004202580726 5031.408416738306 -0.5758285008142521 0.14280700946931613 14.796984077979912 -2.77483182077411 4.373370110732695 120 4.279365817968916 862.9102947861471 5011.615333187734 4.670425862487007 62.30642138392328
1776678429.4408283 | 1 1 1 1 6 40.90015500263567 -72.35000652108059 5143.250473075148 -0.7688641330320041 -0.8074127866831473 12.460514542384788 2.729668343619915 -2.5714750456211766 120 3.9739315513653732 859.4383999582205 5147.711720518498 3.8538667526065753 52.87763429323048
1776678429.540827 | 1 1 1 1 10 40.90017579437335 -72.35003515993056 5270.447523129375 -0.16211719155148074 -0.2819643584319662 10.173837399848697 2.2058654538630247 -4.635377881533004 120 5.071455606455194 855.2785533662568 5268.899577951109 4.982974412441746 35.132099651928456
1776678429.6418254 | 1 1 1 1 6 40.900154515056656 -72.35003798944274 5391.726832891601 -0.855946880810672 0.8878940067530523 11.382206730541954 3.8599304555749043 2.7433729915662823 120 4.259473515251841 850.2934548568657 5373.914648654327 4.6364864030111255 37.762877142456325
1776678429.7438242 | 1 1 1 1 11 40.900156406724754 -72.35006450483438 5511.352671036096 -0.2643860156216322 0.7340234208579284 10.948384210753233 1.239123557699128 3.8830352695087917 120 4.851739512671852 848.5398833560253 5522.881228860328 5.087372183427384 67.26013183384805
1776678429.8438225 | 1 1 1 1 9 40.90019801315956 -72.35005125100624 5629.032916943091 0.7337625728416737 0.34656150967474275 12.281696875659181 -2.956624205778906 -0.5985130238820595 120 3.6524532095312474 844.1102790499043 5618.773099021295 3.615746085952966 36.83570177710238
1776678429.9468212 | 1 1 1 1 9 40.90016354037449 -72.35008086822286 5750.93378070043 0.03941008990242878 0.6458355395131505 9.27245669534428 2.7980491682779673 -4.583778092451512 120 4.137521938231061 840.3398793854383 5768.833357882714 4.416229357148929 43.280931131835445
1776678430.04682 | 1 1 1 1 10 40.900212085977444 -72.35009098415338 5869.472787709621 0.8070828735605045 -0.806591823942348 13.012565854467226 -1.0009224975344253 -2.7583890891707807 120 3.2156501714951817 837.1974931924357 5877.866009371491 2.7367913339303795 42.0384818161895
1776678430.1488183 | 1 1 1 1 8 40.900206455384094 -72.35012224534766 5994.398933498386 0.8147559562157072 -0.6276193852431973 12.463485943631435 -2.947741886792583 1.6546702976376828 120 3.2930013436699768 832.7237507054601 5989.2614645719095 3.350795959478204 31.90563019733589
1776678430.2508168 | 1 1 1 1 9 40.90016415184503 -72.35008134239004 6123.110114788941 -0.5784199924205933 0.9665529922163134 12.768297162627142 -4.029833985207186 -0.3022911289688839 120 2.1334037655854976 828.586764008631 6110.311526670627 2.2519006415470946 65.49360841156128
1776678430.3528154 | 1 1 1 1 8 40.90015433857687 -72.3501145455312 6252.454543051902 -0.5500251538530878 0.37663738805361713 12.828117423082315 0.18262402922437726 2.88915572140265 120 1.9744892112994463 825.4179484269133 6242.713280028335 1.9048098500004977 54.552050457715055
1776678430.4538138 | 1 1 1 1 10 40.90011404205721 -72.35008097443085 6364.849002841429 0.36742176484919953 -0.6632117660511845 10.954114726179004 -2.597525885804519 4.0485557981453795 120 2.370906216753853 823.0487832695222 6346.704210659752 2.743500758965294 40.3497026302644
1776678430.590812 | 1 1 1 1 10 40.900153119582285 -72.35009268451661 6476.690152562794 0.5184980240988404 -0.36462191438422153 9.671755859533523 -3.694208869966593 -3.9034931403792763 120 1.1385370791160065 818.3518885183137 6466.688051557814 1.1900751244320715 50.70741222665795
1776678430.6908104 | 1 1 1 1 11 40.90014088783697 -72.35011387292757 6592.197187847742 -0.5535275625212694 -0.11321603259268498 10.231209501400011 0.25919647411543956 0.11535053583552024 120 2.395641335560079 815.3961662940741 6596.90134788627 2.2021377630915526 67.64402455733679
1776678430.8018088 | 1 1 1 1 6 40.900110099137976 -72.35014786808782 6708.349424874161 -0.45729394483432384 0.9019388587913846 11.291206861142602 -2.3327529831524374 -1.4671583976940927 120 1.1103464100980893 811.4031694923827 6702.754618053009 0.7402665774896593 39.08373458270577
1776678430.9038074 | 1 1 1 1 11 40.900076065628646 -72.35013335206796 6831.683310211883 -0.5149243222057731 0.09492592517582477 11.491755019095867 3.136511029896969 -4.474598490697192 120 1.17050371066596 807.4205387300108 6850.313457125572 1.166786062889447 41.87028624908824
1776678431.0048058 | 1 1 1 1 9 40.90003696043978 -72.35011823904682 6944.0718949002785 0.4149369321547123 -0.4148810958447373 11.747468301980987 -1.284713303808246 -2.0255425917878602 120 0.4722719752481499 805.4967740481246 6956.304661139793 0.12910233178608765 69.75216688142484
1776678431.1058044 | 1 1 1 1 11 40.90003875633983 -72.3500711964747 7055.101087636647 -0.5274751542586225 0.8152830468780159 9.165932665498982 0.5808982092892387 4.346693904982066 120 0.2791145153266066 801.2360933960673 7073.216694897755 0.05202490903386736 37.98111738068896
1776678431.2088032 | 1 1 1 1 9 40.900001906657145 -72.35007322763398 7171.261417723446 -0.9980151555506902 -0.887351668197141 9.48865514001697 3.4694880659615936 3.6436583163356406 120 -0.05517981044462461 798.347455254588 7162.2170771624005 0.15068924821407736 64.34234613838998
1776678431.3138015 | 1 1 1 1 8 40.90003066553429 -72.35003416714132 7288.7917201269665 0.5558413354976817 0.7678336714044283 13.312507392043688 -1.2609174657211284 -2.7139663635818243 120 1.1379039806565485 794.3193810033374 7272.171987269083 0.7631465730076287 66.09279215863032
1776678431.4158 | 1 1 1 1 9 40.9000361190816 -72.3500477233262 7399.916981830586 0.5583730244227596 -0.37350296403116556 10.462261374091575 0.203209608288196 -1.9369232636905198 120 -0.7535206562217025 791.731064236993 7393.910359902174 -0.7578748970721163 40.20634235766251
1776678431.5177987 | 1 1 1 1 11 40.90007912556183 -72.35009295590974 7529.42030586828 -0.5217808164077289 -0.5293784168273912 9.82100842199796 -0.0018375754159283275 2.774687313195999 120 0.4668374511007123 787.505731999192 7542.15443324019 0.8275663862183088 47.777906549701456
1776678431.6247969 | 1 1 1 1 12 40.90012589098898 -72.35013565765179 7652.21542955111 -0.6906871531848715 0.28058289835589467 14.199603156347894 -3.058938566745547 3.737661322125714 120 -0.04995995743185033 783.6890581922214 7638.25151001783 0.41638985060462297 68.10674835100258
1776678431.7367954 | 1 1 1 1 11 40.90012514532316 -72.35016991293317 7767.761131397342 0.7691638838513297 0.4087407917786414 13.987267270622386 -0.36635828992537256 -0.759283022401414 120 -0.33477121746351735 780.2359334589092 7749.566095166833 -0.14421331708624563 69.52130501026707
1776678431.8427937 | 1 1 1 1 10 40.900078516426085 -72.35011999243213 7883.083742347076 0.0065646551743914205 -0.10300941074738912 9.709797873656898 1.7923056066955434 -2.2120267682102357 120 -0.8018387835227214 776.1700621938068 7878.007676993499 -1.019448752885157 66.372832758116
1776678431.9437923 | 1 1 1 1 8 40.90007891966637 -72.3501205254682 8010.770603280433 0.8746905504790985 0.8970360004904061 11.691805765484462 -1.203619726329329 -4.34997639549075 120 -1.0681444921938559 773.4389938525204 8025.922471476156 -1.4380513656020675 42.51051265725702
1776678432.044791 | 1 1 1 1 10 40.900113102719345 -72.35016978061788 8135.422397955431 -0.09521839854769465 0.293685775261211 13.20156541630535 1.6249556819976387 3.88689286806043 120 -1.7131084222647917 769.0163060531307 8141.5570926459295 -2.0260604196381293 30.95199569654017
1776678432.1457894 | 1 1 1 1 9 40.90010058569259 -72.35014237180485 8247.247188640204 0.6818537355864336 0.006500756128464902 9.76302981023547 2.259995462595538 1.4576228325531924 120 -0.6469818964560885 766.0886046440687 8241.082315719299 -1.0666685527680144 35.45464484378763
1776678432.253788 | 1 1 1 1 11 40.900141975352085 -72.35015080547518 8362.147032973597 -0.9112833639845757 0.8937088105253228 14.125942654171247 -4.511384158505098 -1.994257152979404 120 -1.8030929494691759 762.4650851202039 8349.445779146594 -2.229234143717259 47.38625272363291
1776678432.3757863 | 1 1 1 1 10 40.90016626555233 -72.35010852473043 8487.665830788383 -0.4575591946102493 0.02748506375103954 11.649467073013238 -0.2537044057807414 3.7256679252203657 120 -2.884070661699817 757.9428244411529 8489.404430059742 -2.7783307794311436 42.04268733888354
1776678432.4777846 | 1 1 1 1 7 40.90020620292109 -72.35009767313053 8607.358693601744 0.5599509725709064 -0.24644256293188938 9.991928311542956 -3.209362199673005 0.8938007295729102 120 -1.5830422492654943 754.7495492272596 8609.15131468079 -1.329715023771143 37.69862668694394
1776678432.5787833 | 1 1 1 1 6 40.90023240972295 -72.35006536196269 8717.778641668367 -0.39932537007920166 -0.46832077072098977 11.790118039319225 1.832792812056578 -1.5115345272364387 120 -1.6998227676028448 751.8532775326803 8726.7040391117 -1.9292199488464883 54.28996648585439
1776678432.6787817 | 1 1 1 1 10 40.90018461608312 -72.35007899195907 8844.677447779777 0.7796509888561358 0.48968329475288064 12.907647951245908 4.790154565348045 -2.223789911873142 120 -2.2979320077221885 748.1729808350481 8831.595649631225 -1.8331300908809185 32.33835401503661
1776678432.7797804 | 1 1 1 1 9 40.90014244776531 -72.35009892710771 8968.604647937085 0.9770325179805539 -0.45681859785167966 13.467049045634031 2.0274150174235714 2.9613809884952866 120 -3.7519568926707634 744.1287698913474 8974.826643438348 -4.157838514740579 38.73005057474755
1776678432.8917787 | 1 1 1 1 10 40.90017674673772 -72.35010304990207 9083.462556681914 -0.2784460906469459 0.9582149439535885 9.969753445592845 -4.272434683461569 -1.3986141883666159 120 -3.6535854123031744 740.2360369745907 9067.559720092991 -3.455289777136709 41.34144815219343
1776678433.0007772 | 1 1 1 1 6 40.90018535046713 -72.35009170450364 9200.687919911945 0.2868343325053302 0.7247340802120272 12.440249176660473 2.0783767733438765 3.276300021825591 120 -2.7230066151949712 737.7559064666186 9216.271797142095 -3.0385409279402475 54.348127200583626
1776678433.1017756 | 1 1 1 1 11 40.90015453268368 -72.35007422400568 9325.471398264259 -0.32576929890241413 0.6272539753534982 14.64150249588997 3.569670955498399 -3.7850400178310393 120 -3.8879127939155853 732.4700449323864 9342.222310567035 -3.961288788570342 49.78436165642691
1776678433.2027743 | 1 1 1 1 9 40.90018196771644 -72.35010002586036 9437.476283756492 -0.23837296661027962 0.281731065498773 10.164842661271601 4.397682657989627 -1.878768188446176 120 -4.527025181497828 730.1127816009013 9432.696055197039 -4.667805683997124 32.314412814358874
1776678433.3037727 | 1 1 1 1 12 40.900203981002775 -72.3501050120478 9550.09677862208 -0.8824304212740273 0.8583371452338018 12.079786455040491 -4.637590311963392 4.030250331556099 120 -3.4535802738517516 727.2648110844412 9561.183769330453 -3.6652754498726963 65.30932204778142
1776678433.4057713 | 1 1 1 1 6 40.90021367789671 -72.35013075880835 9663.744666696493 0.0421499086883359 0.011035296876775291 11.968232531450312 -1.1860922063590085 -2.832476354372162 120 -4.493602500640964 722.3504137987477 9678.064583708072 -3.994767176890295 56.264604319339746
1776678433.5217698 | 1 1 1 1 6 40.90017708106326 -72.35010301768966 9781.217474479863 0.17434736281700092 -0.7402303142070079 14.656725188756162 4.163254112543136 3.849666089918916 120 -4.679067713981573 719.1451962642332 9791.627555538262 -4.423735560039751 32.475372760370306
1776678433.632768 | 1 1 1 1 12 40.90018351774036 -72.35013165441985 9905.861532485917 -0.25505013022949785 -0.8018810998722361 11.962675685707731 0.9441009840477035 2.5977635273455277 120 -5.260071108308814 715.4140287528508 9893.319015948315 -5.7178596399309845 53.49053481010607
1776678433.7417665 | 1 1 1 1 6 40.900209649606055 -72.35012685880795 10026.39278814958 -0.6662162328756176 0.8408536140927285 11.342094342508975 -2.192950630106508 2.785590370621833 120 -5.14863157592883 711.5315177077047 10035.21686631514 -5.282870594982248 68.42951629945459
1776678433.843765 | 1 1 1 1 6 40.90021265694665 -72.3501250821198 10150.423348808868 -0.44925111660992223 -0.337334231579973 12.34406341538794 0.9511842444291707 -4.487216038828009 120 -4.718362294180122 709.4630357520809 10140.707098588173 -4.765274237573165 30.237895465936653
1776678433.9457636 | 1 1 1 1 9 40.90018188595097 -72.35013742657611 10263.386777174233 -0.67635364675051 -0.9839466848991711 9.195826564543863 3.5200065498114856 3.4120796481619013 120 -5.611721227868802 705.0007100929818 10252.629757113504 -5.906969786768581 30.263903849978256
1776678434.053762 | 1 1 1 1 12 40.90016128327418 -72.35014172758859 10385.55047612093 0.6866523776107323 -0.3350189694439687 11.315701837545266 -0.751406643731082 -2.7159005058512076 120 -5.911848049748136 701.9699474023861 10380.710143972106 -5.705983169251918 51.01401764031581
1776678434.1827602 | 1 1 1 1 12 40.90012713406101 -72.35011693751717 10505.229149730249 -0.44542137682664107 -0.1947542996459537 10.381270060420904 -3.858358601874298 -0.8950682750105692 120 -5.5212998889827105 698.7892606757332 10496.672233877978 -5.615067734827337 60.44548444699056
1776678434.2907586 | 1 1 1 1 6 40.900130333910454 -72.35013291710511 10634.436131586792 -0.31803229849659287 0.40260837433544205 9.658029299796649 -0.930191729091133 -1.2728879582872832 120 -6.748924897885717 693.8166614262823 10623.697512718692 -6.901649690196027 61.16127980906473
1776678434.393757 | 1 1 1 1 6 40.90009191929513 -72.35010821930604 10760.839451747308 0.9786762080513924 -0.3256480219360922 12.356141048803607 0.9446559364474725 -3.6356407164086613 120 -6.00560057777664 690.539326033761 10767.040813003909 -6.0689788050402775 33.34607865860844
1776678434.4977558 | 1 1 1 1 7 40.90008669474058 -72.35006175422376 10889.715047990403 -0.5294559582674796 0.817287460578473 13.343355299196984 -4.493340032741921 1.5070896819899646 120 -7.3819320342292025 685.5095729833606 10906.752086028926 -7.302488293219435 67.20273950991316
1776678434.598754 | 1 1 1 1 9 40.90012364209477 -72.35003169811472 11017.22413610568 0.5265307545184346 0.8562642368246931 10.563350295621193 1.7322120494715199 0.029003484510591093 120 -6.706825340120609 682.1319471929644 11001.415484904197 -6.9922421777859185 50.1456372009019
1776678434.6997528 | 1 1 1 1 7 40.900168537481754 -72.34999050755657 11130.239949741965 -0.5515006526230697 0.060515828874119215 12.142069539436992 4.564230828327789 -2.1190012435153784 120 -7.374235147982105 679.3069642900416 11139.434906576998 -7.465082831458984 38.66520291765832
1776678434.8007512 | 1 1 1 1 9 40.90012728276764 -72.35002997987809 11260.023464467642 -0.29328455274305854 0.16621960875184372 10.809177816813206 -4.8093145965121975 -4.570490527176676 120 -8.135172537681218 675.3717152512361 11258.01494636236 -8.407789980313488 43.160540792079175
1776678434.90075 | 1 1 1 1 11 40.900154228202624 -72.35005343865816 11379.257630649758 -0.394177970240182 0.30522157148260987 9.302089028686611 1.6323183239771053 1.8623925842440912 120 -8.280943495554075 671.6558440511425 11360.291452167543 -8.651093632495183 31.592557735149327
1776678435.0007484 | 1 1 1 1 8 40.900124735308495 -72.35001238784113 11505.845200918026 0.7567123006534506 -0.23211273201014482 12.325961589596313 1.5709053114108817 3.1707966091821795 120 -7.846673800355061 668.0864948466449 11505.928538123137 -7.3619866916006815 55.5145799222194
1776678435.1007469 | 1 1 1 1 8 40.90010609197183 -72.34996558452366 11622.217091543382 -0.2028851952241617 0.8920081900929901 10.64377345197857 4.242516219390366 -2.0564496143417332 120 -7.800154069838594 663.6165341976749 11624.744471749984 -7.713395745142383 38.333991688507176
1776678435.2027454 | 1 1 1 1 9 40.90010112474669 -72.34994209712312 11741.457709095102 -0.7890394875618247 0.801703107001345 10.567781709360386 2.2527133164106283 -0.9493282235555345 120 -9.468735734552341 660.479745229693 11752.180278197813 -9.54290652806411 65.43508463818944
1776678435.3277435 | 1 1 1 1 6 40.90007435395008 -72.34996435843719 11862.130423939678 -0.62902253146531 -0.8017990936262793 11.768592508789292 3.7637762738096363 4.96099302649251 120 -9.36587585604454 656.5204292670226 11862.896110452542 -8.896450001913754 44.593140885103814
1776678435.4467418 | 1 1 1 1 11 40.90009597469146 -72.34992768121124 11980.066053141869 -0.8200638206798265 0.3633149286882855 11.883719627519618 -4.971512316097803 -2.3207603889340334 120 -9.827168245168426 653.0576704285677 11971.882621060102 -9.997572604673728 47.62562911447089
1776678435.5467405 | 1 1 1 1 12 40.90009530210029 -72.34994538965746 12104.057014942178 0.5890875345975084 0.563361876296397 11.896971694495758 3.7854281476744163 4.905689025319052 120 -9.683930453307095 649.2576171921012 12088.94545339277 -9.534142035352941 56.66776616493718
1776678435.649739 | 1 1 1 1 10 40.90005445973996 -72.34997339287396 12231.48577193775 0.15438227100721558 -0.4831302467473264 12.890861170128002 0.4390602276885627 3.671821065141758 120 -9.969592067199786 645.1550871612901 12239.601767107557 -9.528098529856006 33.72669335484574
1776678435.7497375 | 1 1 1 1 7 40.90010294571708 -72.35001997535014 12361.336339680012 -0.5867237891355759 0.32784211280271003 13.822435701177024 -0.12725024420985687 -0.7336314809669533 120 -10.076935022921264 641.5468473753026 12350.945194140548 -10.542729043083547 41.20737882389784
1776678435.8507361 | 1 1 1 1 9 40.900134992419844 -72.35000380300188 12477.111411999605 -0.3342963030035344 -0.5289129042788083 14.056193357460165 -2.2684812853733707 -3.252068306091255 120 -10.230151672232088 638.6527785321698 12471.5051319764 -9.793526641151205 39.42709036280112
1776678435.9517345 | 1 1 1 1 10 40.900111741449564 -72.34996113832246 12600.294299278301 -0.4399663739340185 -0.6544697092605312 10.388114432592468 0.3353081036884076 -4.559756111933484 120 -9.31555072130793 635.6227593880793 12617.828538130176 -9.389112889780906 68.82974533631705
1776678436.058733 | 1 1 1 1 6 40.90006391308495 -72.34991268640947 12718.869156180546 -0.1700409889017862 -0.42641243819611185 14.737381501812965 0.9724332829780877 -2.6850731201889735 120 -10.58724894546414 631.8367061352884 12726.388259773632 -10.844288812527923 47.065658679304086
1776678436.1597316 | 1 1 1 1 6 40.90010424713284 -72.34994616021928 12837.320179175877 0.6122108838048059 0.8339407275195512 11.258904304387839 -2.0239125196663252 -2.164094549739355 120 -10.414084232581867 627.8156568221897 12854.871165824721 -10.31608854112537 53.71559737543747
1776678436.25973 | 1 1 1 1 10 40.90013434597013 -72.34996053058944 12950.719568554727 -0.9468152018585945 -0.33463044960826593 9.766793532463813 1.8985446353685562 2.8576375118889263 120 -10.2106468703038 624.8087201565053 12955.677453200627 -10.287997501126863 33.4628824235338
1776678436.3597286 | 1 1 1 1 9 40.90016169298402 -72.34996138105318 13078.122160872914 0.8906086718574213 0.7300803444318091 14.891638057765707 -0.6296895675377652 -2.095939199096791 120 -11.744388363222502 621.1512967568965 13077.662370335458 -11.848732372018482 42.28963147675924
1776678436.4607272 | 1 1 1 1 7 40.90016361935676 -72.34998388304288 13204.797473177632 0.8999331346884931 0.580110507369173 11.481307848926072 -2.7107593255836426 4.851394977139336 120 -11.327621392070894 615.8726483959067 13198.0650234602 -11.309057017021528 61.84402289739138
1776678436.5777256 | 1 1 1 1 11 40.90011595807533 -72.349977211226 13325.59040090905 -0.3754957648346815 0.9893848813962394 10.484393875490637 4.250779495903194 1.2603575239666434 120 -11.588867399551834 613.480235732274 13333.999573380366 -12.005623860742094 58.67720721706725
1776678436.678724 | 1 1 1 1 12 40.900151980228834 -72.34998096152528 13455.429296122313 -0.6864789202478458 -0.9938968033626137 12.613275032143694 1.6365716190692714 -0.7683632821706432 120 -12.775089730271247 608.7641098083498 13467.727797457657 -12.481670963214073 68.71085506790205
1776678436.7807226 | 1 1 1 1 10 40.900128148306884 -72.3499566334878 13570.011357677202 0.8421233640771812 -0.9404914442470085 12.823234480613735 -0.8452223915637411 4.0370068809679385 120 -11.530678254043425 606.3328710359799 13584.829304279625 -11.54984554911648 69.33639155963054
1776678436.880721 | 1 1 1 1 7 40.90012011545796 -72.3499166351197 13691.840640643619 -0.8020314308181511 0.7856941936924746 12.665140334389164 -4.172227303219662 -4.562481438976826 120 -13.23276337151296 601.510637814359 13695.006622438028 -13.116962471490957 37.73144735555408
1776678436.9807198 | 1 1 1 1 6 40.900133088591765 -72.34992908712461 13805.483998219432 -0.045264043802377474 -0.3389651182267508 13.302712172945778 3.3246208537536965 -4.921072578685983 120 -13.188909710265783 599.3631608802283 13803.569929702648 -13.661540435267725 58.05084865098896
1776678437.0927181 | 1 1 1 1 7 40.90011296312869 -72.34992705442473 13925.646824033645 0.09991814925502629 0.46122686823298786 9.86683437656526 -3.9387055453365183 0.9452268633669991 120 -12.892928041504867 595.5492151561242 13945.160126016537 -13.072250718540307 68.78197655830243
1776678437.2067163 | 1 1 1 1 8 40.90010022497827 -72.34995881795919 14042.10323007965 -0.9055473206935905 0.5393469246702176 14.578436501649808 -1.758793028026131 3.3435640404501026 120 -12.670644366464723 591.5031998916911 14058.944003761182 -13.146428447600817 46.91421263367205
1776678437.308715 | 1 1 1 1 9 40.9000758696769 -72.34992332569031 14165.428326105322 -0.41408399372145244 -0.1665856622692503 13.43867814125312 -4.46999054965487 3.7571011368974574 120 -14.076937484535128 587.9690345069718 14182.013813464115 -14.28738201436924 38.095014771285705
1776678437.439713 | 1 1 1 1 6 40.90010120198282 -72.34992161755912 14292.240085650212 -0.6209274990454752 0.6043012672759251 14.263347407602222 -2.084830072817484 3.894245458333481 120 -13.06259454576805 585.105768197092 14280.838906270596 -12.758878995546194 59.12691955836298
1776678437.5457115 | 1 1 1 1 9 40.90011496645001 -72.34991179205288 14422.123336781402 -0.020640456206823643 0.500544155335549 12.940841938073834 -4.212329683625024 2.109555764262855 120 -14.314548482001538 580.6534675376598 14441.471052642963 -13.896342070626078 45.63048390032819
1776678437.6467102 | 1 1 1 1 9 40.900110746929684 -72.34986609401622 14534.667755136823 -0.511080003565727 0.39413706502052737 10.754412784978642 0.7790254420075353 -0.07191366462369153 120 -14.320677530457353 577.6321004311525 14514.80079614797 -14.650473805466234 50.64219787972413
1776678437.783708 | 1 1 1 1 8 40.900107151167155 -72.34988031986289 14661.97735209185 -0.657417025956839 -0.996474196668258 11.990638445523587 0.38471268230428457 1.6852544866565013 120 -14.314140081247423 572.7378912641858 14653.15506941774 -14.755863144631897 50.22190978205194
1776678437.8847067 | 1 1 1 1 10 40.90007348912835 -72.3498811046208 14777.21700285176 -0.22110186007448163 0.2625998907156448 13.874375818212403 4.270552295082977 1.3000085506526897 120 -15.540630093982118 569.5351082392591 14783.416618418767 -15.471636415177793 46.976671252779994
1776678437.9847052 | 1 1 1 1 7 40.900121024211444 -72.34992548305803 14890.684497650243 -0.8951569247402191 -0.1469014574869183 11.389657671534001 2.8681992145872304 -3.75545766406273 120 -14.677464235098938 566.8386341276935 14903.806634585335 -14.508327960764575 69.82804214853704
1776678438.0857038 | 1 1 1 1 10 40.90011228945483 -72.34988005867763 15010.737848901972 0.40164092202854196 -0.8982201504166865 9.185158841886675 4.736134505573448 -0.5831696421995547 120 -15.524310457505633 563.3987841954685 15001.567839189354 -15.852695072989782 69.64501529901615
1776678438.1857023 | 1 1 1 1 9 40.900094206467486 -72.34987339104237 15135.187360200607 0.9932629693022312 0.8389099758757057 9.722158508233726 0.01175937505055824 -2.096500110965076 120 -15.115339087933627 559.867045065337 15139.081243643102 -15.14381823847654 33.1698488018038
1776678438.286701 | 1 1 1 1 9 40.90011818840751 -72.34982661590396 15246.589656308237 -0.5125938677351345 0.7876137448909963 9.171680165161106 -4.451871538373828 -2.3618198483866895 120 -15.87448712296809 556.3858722185212 15259.337773977175 -15.51070276266811 49.41692854448567
1776678438.3866994 | 1 1 1 1 7 40.90008584388008 -72.34984750711591 15359.679782915511 -0.953372539642569 0.5372007913683654 13.356335555194022 2.757616636807536 -0.18750172573064283 120 -16.238156114391323 552.3690033871065 15350.381522217154 -16.184283913382384 53.62084289980634
1776678438.486698 | 1 1 1 1 7 40.90004075988799 -72.34982144319991 15474.88110269823 -0.128379614214005 0.24617335622462289 9.303632533039387 3.0763399308889774 -2.3417456706462856 120 -16.131247783506986 549.5143586465035 15459.013078118856 -16.536579692211784 56.05582316183088
1776678438.5886965 | 1 1 1 1 7 40.90003220399133 -72.34979295405135 15602.461897511017 -0.7601433527497701 -0.47825104534181584 13.824306644877584 -2.7653154514381817 0.9146637836652403 120 -15.355093355678976 544.4555532559851 15612.410589028705 -14.99485967600353 43.27199776184826
1776678438.688695 | 1 1 1 1 9 40.90007739870245 -72.3497443141986 15729.210124900845 0.08738838005203942 0.4202238179126361 9.451882866154966 0.9663385073437158 1.046135682818969 120 -15.916351156656123 541.542663045672 15733.489591420595 -16.1063464347913 62.961209030927606
1776678438.7876937 | 1 1 1 1 12 40.900092212693075 -72.34969573329816 15844.882495240481 -0.6466986938645953 0.4599835657171889 12.595771581747954 -0.6304978866228055 0.2853832469065001 120 -17.598670388844496 537.6445290681095 15827.840162575461 -17.980789260852738 51.894034319912656
1776678438.9216917 | 1 1 1 1 10 40.90008072438482 -72.34967919510572 15959.28087485708 -0.6369929839866355 -0.3128312440649508 13.283880662055925 -0.3047502495214296 -4.790267257751175 120 -17.075938248290434 534.223024269822 15970.021817055678 -17.09514466936038 57.690474191074365
1776678439.0356903 | 1 1 1 1 11 40.9000367563929 -72.34971344289744 16070.063562585618 0.10068147592792664 -0.08613948226746193 13.349915427992466 3.6285909974408277 -0.2421425070658758 120 -17.244277894370303 531.79872251868 16063.65607133408 -17.652321314370006 52.44126443885574
1776678439.1356888 | 1 1 1 1 9 40.89999250329632 -72.34967487397739 16188.137051766962 0.5095292767466484 -0.752615962599404 13.339416462532316 -1.6964121687100264 -3.090913378207972 120 -17.706112090785453 527.9563222613981 16175.714610565205 -17.38793242641655 57.36476273277611
1776678439.2366872 | 1 1 1 1 7 40.899988783342266 -72.3496641130228 16298.732577336834 -0.05378586319734224 0.02946437672060931 14.846474722686523 0.8581239553064606 -4.827393585921222 120 -16.986904353158216 523.0940079998435 16292.000422152554 -16.920521126897604 41.5649445879922
1776678439.3376858 | 1 1 1 1 12 40.89999322441747 -72.34962974733489 16424.670679070925 -0.8250716567035201 0.6351029297834965 12.134423439933387 1.971392305460963 4.511251133671147 120 -17.07842849734072 521.2544244662593 16405.18566292481 -17.258108807607815 56.240006009599625
1776678439.4376843 | 1 1 1 1 7 40.89996469673961 -72.34966520905674 16544.68237670931 -0.4239669935055397 0.9288060500221789 10.950226386355391 4.589848985313916 -4.828691737269377 120 -18.844607348161126 516.6506107267215 16547.272770092266 -18.49418641923683 58.07000970137278
1776678439.589682 | 1 1 1 1 8 40.8999201956428 -72.34966364392062 16656.090449417658 0.7569050997133124 -0.9268520438069128 10.89032298084261 2.6422681310666984 -2.738201322699622 120 -18.564802333286544 512.8716495823 16660.78210397266 -18.365534342883777 59.26187130544143
1776678439.7076805 | 1 1 1 1 10 40.899941911987824 -72.34969709720292 16779.603701192267 0.21772788265734078 0.20197531621770493 14.097370359151208 -2.652658562631145 -4.898350187194759 120 -19.256428466254217 508.67036010510617 16785.25100573754 -18.81643970866954 39.88976638887351
1776678439.8096788 | 1 1 1 1 6 40.899964595808896 -72.3497223215144 16687.554395017203 -0.5765047035896405 0.19675201834314304 9.321532279586208 2.9197916498733196 -1.4603214164893972 -90 -17.625136354461493 511.57189881282204 16679.210098158597 -18.1138791178226 56.982739991658626
1776678439.9136775 | 1 1 1 1 6 40.899936291727855 -72.34971108045028 16591.448842384085 -0.7177113497744279 0.09962748509349262 9.84593580292889 3.7090272983441093 -2.7827146035236194 -90 -18.94944629350045 515.5947096032564 16589.01787151738 -18.717091225797944 37.10337687271285
1776678440.019676 | 1 1 1 1 11 40.89993708256882 -72.34974159257638 16505.506740472072 0.3013961827856815 -0.24489654642732184 9.46180973042299 -1.7973248998150937 2.905556514879965 -90 -17.0679486518163 517.6690786025089 16498.361576571217 -16.864803876893856 62.797865624524704
1776678440.1406744 | 1 1 1 1 9 40.89998374388621 -72.34974429123002 16410.246396705636 0.14957483636757285 0.28621471482440475 8.140076277672776 -4.291673836465183 -4.9880305457536975 -90 -18.666443831689616 520.8251409540172 16415.862330927277 -18.585029172851826 38.960555155364865
1776678440.2446728 | 1 1 1 1 6 40.9000205943029 -72.34972120618846 16314.108362757399 -0.5906059372452754 0.37748213823319277 8.436643014883602 3.689984202436614 4.560831658347269 -90 -17.636010529426642 523.2997488079435 16321.220280517126 -17.602690284405504 30.55402599192737
1776678440.3456712 | 1 1 1 1 9 40.900031206102234 -72.3496899473442 16217.903109562656 -0.3408658624779841 0.5654103844923042 9.233292748873804 -0.8496897283741109 -1.3808045026692972 -90 -16.83659522566511 527.2838893476904 16199.229772814946 -16.826912093620003 65.68428872936082
1776678440.44567 | 1 1 1 1 12 40.90004352665442 -72.3497258627889 16133.788207995913 0.7168150580249859 -0.5737850194587337 9.796731286220174 -2.760810648346511 3.8823424253372902 -90 -17.162708659310514 529.841320603267 16116.532492586493 -17.526570281434026 61.9547034116934
1776678440.5456684 | 1 1 1 1 12 40.90003745017276 -72.34973737465276 16047.100340259072 0.7764905083403812 -0.7804482847675849 8.348304159385957 -3.5592281832897465 -1.0480510240045602 -90 -16.198345965064206 531.6090003349788 16042.690721763047 -16.120647995434364 33.6957643470484
1776678440.6456668 | 1 1 1 1 6 40.9000317403038 -72.34975025867242 15963.71511282397 -0.12812787752417032 0.16229648209183556 8.222836315516446 0.22557183739412867 -2.1429588373743904 -90 -16.74843594698228 533.1173733591844 15944.379178976802 -17.239484010386036 61.46863780462401
1776678440.7576654 | 1 1 1 1 11 40.90000707162059 -72.34977233726725 15881.688651922224 -0.6930825162843897 -0.5035102686061557 9.167234391862372 4.921153464678763 0.09859475716680244 -90 -17.506222921186694 537.4864240833466 15874.331112286694 -17.09661972478521 50.69113857830054
1776678440.8676636 | 1 1 1 1 11 40.899999152919 -72.34976487699997 15796.9724630462 0.2532304180501448 -0.3755094432563606 8.665603183072875 2.451557240764223 -1.55625424741027 -90 -16.56437793577004 538.4743201246621 15778.287123033497 -16.528625728953028 61.53647600342049
1776678440.9676623 | 1 1 1 1 6 40.90004439181177 -72.34980837234545 15712.98309212311 0.7925915516924082 0.3834817786932301 9.620653465802652 -2.7951949214970018 -3.250816495644653 -90 -17.3810350783811 541.9529227072624 15700.025738966011 -17.637442104122318 41.146775568574455
1776678441.0686607 | 1 1 1 1 11 40.900052213603615 -72.34985044128872 15625.561490170414 -0.41563380854879894 0.21950755429061952 8.125817607180002 0.8950561640463626 -1.4148261422486796 -90 -15.761931081384825 543.4995713916384 15627.950191143107 -16.19328364109324 60.253917296097356
1776678441.1686594 | 1 1 1 1 12 40.90006472856957 -72.34988701686994 15545.323077123365 0.09307366272315609 -0.45142537674794614 9.737998725322168 3.689995623395067 2.5259507252351145 -90 -15.340072626047895 545.9564575658151 15536.592461862458 -15.481504950674857 55.91060409471561
1776678441.2906575 | 1 1 1 1 7 40.90006428144685 -72.34991105727097 15453.675063583176 0.07698548713221665 0.35360331514584353 9.95119257457072 1.6435830406355159 -2.002424227038965 -90 -15.310098250580506 549.2389560292714 15463.761856158128 -15.285034440853142 41.40246977556072
1776678441.3916562 | 1 1 1 1 9 40.90010811092002 -72.34987590410815 15368.197461462642 -0.5355265916113492 0.20092760869575543 9.353691866780654 -3.7897052050195814 -3.2316541601498616 -90 -16.661943012738796 552.8212155081131 15372.732558091024 -16.874513898813987 52.32133695638055
1776678441.4926546 | 1 1 1 1 12 40.90010861485892 -72.34983804807807 15283.603681840685 -0.6368616109526022 -0.13233168243991922 8.38900167292012 3.972859106794493 1.466881729274081 -90 -14.66402336454634 554.1732326448564 15288.89027339373 -14.511130672034856 54.7594652836228
1776678441.5936532 | 1 1 1 1 7 40.900156332379346 -72.34983540938295 15200.863800977553 -0.36717981377932585 -0.6599944662420558 8.543827131806507 -2.262365432212178 3.5035616208498315 -90 -15.371540344269302 556.3233589655117 15211.60681310765 -15.022621230498848 57.24151368154817
1776678441.6946518 | 1 1 1 1 11 40.900131071953496 -72.34987036618666 15113.99551176631 0.3709913397150342 -0.3648833923212762 9.77306082640755 1.4195902225139552 2.1665139409558787 -90 -15.336048461587712 560.2709066540115 15117.185400538994 -15.63276449767163 58.27819448378388
1776678441.7956502 | 1 1 1 1 12 40.90011694188344 -72.34984000727701 15016.83667384921 -0.49710971843856067 -0.4674986882546881 9.76796803204128 -4.694417516984829 -2.6857922432950443 -90 -14.389835653612149 561.9337551814248 15009.204478768068 -14.37472464743948 57.25922194810723
1776678441.9056487 | 1 1 1 1 9 40.900136938646256 -72.34982141328607 14917.302624732287 0.6724025454688731 0.6176379107884749 9.26632022239849 -4.86297768148315 3.0985597282265527 -90 -13.97876344280262 566.0804368468685 14901.283826529683 -13.701306455854922 42.90124614835592
1776678442.0076473 | 1 1 1 1 9 40.90010838890636 -72.3497971897332 14828.702930685145 -0.6522028109722671 -0.8274038906304639 8.623057924568629 1.0496230560307795 -1.9084156562696175 -90 -15.64841584922173 567.7453276862517 14814.403514805086 -15.98473711046298 38.038872491764565
1776678442.108646 | 1 1 1 1 12 40.90012489373439 -72.34978985046688 14734.386085010132 0.5438990831775687 -0.0027903299284537386 9.968786363496289 4.038983570073308 4.365478238778488 -90 -15.363273599689858 570.0228148951439 14722.812966479656 -15.32445788265911 68.11140022971881
1776678442.2106442 | 1 1 1 1 8 40.900090980889246 -72.34981706704286 14644.209414935365 0.7465592826626384 0.5226091725535618 9.052696591604922 -3.996388861836495 4.415260926515982 -90 -14.391791116600881 574.1614690694173 14659.780077250884 -14.819006757538917 48.6193904319441
1776678442.310643 | 1 1 1 1 10 40.90005186480843 -72.34986033193135 14559.565176101076 -0.22231075019956625 -0.3970853713617184 8.338548929165647 2.352929424103083 0.4434977080811162 -90 -13.658758198174299 575.9827763243576 14550.395935656212 -14.018707106586143 50.051065045632605
1776678442.4106414 | 1 1 1 1 6 40.90002857147402 -72.34989800315337 14462.542295383979 0.19638528719708148 -0.75762003655978 8.842642122346206 1.4893963302268158 -4.6659366495201215 -90 -13.492573752028541 579.3627559083975 14462.575105318687 -13.216373687024099 64.07869742668773
1776678442.5386395 | 1 1 1 1 8 40.90006292755298 -72.34991799973902 14379.823847842968 0.2326331234189476 -0.6034292436066828 8.307682444233986 -4.240794711376071 -4.329759638622459 -90 -13.967708288644053 581.2451167910664 14378.655162953639 -13.626956769701874 51.35165741222569
1776678442.641638 | 1 1 1 1 11 40.90002411563543 -72.34992140704819 14284.924731942856 -0.545948092695905 0.19002075701158905 9.165381214521252 2.860821735794282 3.361972379063115 -90 -13.352978032624302 585.1867664670082 14289.578448276876 -13.073347722364243 56.41076951371083
1776678442.7426364 | 1 1 1 1 12 40.90006339862416 -72.34992207406253 14196.189124537595 0.9861263344277076 0.7747161217642091 8.803704106943318 -3.5218727394254525 -2.3440280400802083 -90 -13.590856640998583 588.0433637691802 14199.030871156887 -13.54820299707336 50.98092678765825
1776678442.843635 | 1 1 1 1 6 40.90011132325192 -72.34991242964746 14101.3811595629 -0.48401267857076347 -0.5566128313862995 8.39209743969868 -1.3176495334201688 4.542334338624244 -90 -13.204032405037088 589.4421980400508 14083.628210167988 -13.327256937013638 60.18580819145389
1776678442.9436336 | 1 1 1 1 10 40.900150724723396 -72.34991130892166 14019.846955682495 0.22149150062468403 0.052326197958832976 8.189199651631533 -3.1530253275105435 -1.1161277273210346 -90 -12.067278264053886 592.8583173902923 14006.885254916553 -12.556317151995996 63.7628572463182
1776678443.0486324 | 1 1 1 1 12 40.90019087751575 -72.34992326257564 13936.707603082612 0.5806238314119887 -0.9233339485675192 8.415362283709161 3.432698357299561 3.25935911567554 -90 -12.857392847133815 595.5520221880192 13919.591172632883 -12.443677457406956 35.68631579879889
1776678443.1526308 | 1 1 1 1 7 40.90018551405282 -72.34996874288947 13837.538080988525 0.423005610243564 -0.5171152237472108 8.618428878196415 3.715188813976342 -1.190073841179724 -90 -12.291385830053382 597.2320762873313 13850.6937151998 -12.106061539365127 49.08882081673106
1776678443.2566292 | 1 1 1 1 10 40.900195825999305 -72.34997224589836 13752.740224843516 -0.9025592872671089 0.7111342189066296 9.477528026175092 -1.0931192597032213 -2.1255367081839216 -90 -12.68598231912005 600.1467396418426 13746.451096264556 -12.43724004023507 49.584587391731056
1776678443.3586278 | 1 1 1 1 7 40.900220968298164 -72.34993899527193 13659.09004354473 0.5881414310476503 0.7976836160996748 8.942861934514314 3.4539211932847618 3.8407004224174877 -90 -12.088926279297862 603.2476277075998 13641.236822740817 -12.38375280982652 42.2908225831962
1776678443.4606264 | 1 1 1 1 12 40.9002669957885 -72.34993333271788 13570.42667171883 -0.6684841030028743 0.3774198264546764 8.335500431093088 4.042246644722869 -3.76804166781879 -90 -11.579913183299624 606.6749850669678 13587.329955057772 -12.079680235158843 31.80343566653006
1776678443.5646248 | 1 1 1 1 9 40.900281001988674 -72.34992125727307 13471.60173138028 -0.9206063253294106 0.3571579570867809 8.317025686233247 -0.4779487317131892 -0.3224349632368382 -90 -11.83668520162421 607.8704098140994 13475.952297578611 -12.14075374221321 40.86123652572621
1776678443.6796231 | 1 1 1 1 8 40.90030083987138 -72.34991165267577 13377.53707918886 0.7130843680809142 -0.7667236619543385 9.20575322642186 -4.358035406081772 -2.338115282326525 -90 -10.952110304839392 612.4809950864818 13393.739265501805 -11.269743058291194 57.600715192202685
1776678443.7856214 | 1 1 1 1 6 40.90034116140151 -72.34996068912763 13280.335354796627 -0.570621619737046 0.5244415338726569 9.389594689101777 0.6463149931047871 4.160958563012533 -90 -10.849147150538997 614.1700356812529 13261.535182307423 -11.273581944935424 52.512162788822344
1776678443.8876202 | 1 1 1 1 6 40.90032807018418 -72.34991645527317 13194.966738087636 0.6915030385324987 0.3456988455063026 8.291063453166249 -3.8261980828338515 3.9120188376376053 -90 -11.163256684973613 616.8309432475311 13199.90642736105 -10.97204341917396 53.67566732818465
1776678443.9896188 | 1 1 1 1 8 40.900341010976454 -72.3499276922988 13103.463768527852 -0.7278740291815269 0.444825621364362 9.92505089166379 -4.799703207742006 0.044150755868984426 -90 -12.147358647432442 619.4284940743148 13109.101802528607 -12.334458534672455 50.624089379125905
1776678444.0916173 | 1 1 1 1 11 40.90035595559244 -72.34993231294989 13016.899192177632 -0.27481061826046127 0.6858341140733386 8.557210420173924 2.934307646872556 0.8871843107494657 -90 -10.50520131411748 621.8730507714954 13011.01801937998 -10.008873443043365 47.1039320914352
1776678444.2146156 | 1 1 1 1 12 40.90034025337036 -72.34989307652597 12932.65837603834 0.11385178615527547 0.5000169596940862 9.087048200421275 2.6087662949179684 4.324713701814403 -90 -10.723743336431651 625.9221409944498 12918.242196619707 -10.287508662974787 53.61098150572988
1776678444.315614 | 1 1 1 1 6 40.900324970501764 -72.34988754206529 12844.965035316864 -0.2246864614160311 -0.1493434574870791 9.379623599063459 0.12735733125095372 -3.4342874527707545 -90 -10.632685565533967 628.0885826797095 12849.645969604653 -10.370486766825499 67.85098331648194
1776678444.4196124 | 1 1 1 1 12 40.900294179131784 -72.3498952014028 12760.583514080621 -0.18536837477032098 -0.04851483424989822 8.117341311751376 1.794438809940278 -1.4534231592117228 -90 -10.531908046176873 629.7488372193817 12754.20661503929 -10.89670822434857 53.75035526442209
1776678444.520611 | 1 1 1 1 7 40.900255178907834 -72.34990894662812 12661.518723997979 0.5550839375005707 0.6039706688743882 8.045434041764594 -2.902199254446457 0.5389300206684524 -90 -9.771784533987326 633.0763879611744 12656.523861539188 -9.800794068675401 56.15317500883317
1776678444.6206095 | 1 1 1 1 12 40.90020880119209 -72.34987132893642 12565.781719081522 -0.17593928923113267 -0.3204176192060515 9.870469109284931 3.200223978271559 0.22565306481102176 -90 -10.005142123547044 636.7782549042499 12548.11242892885 -10.22134428467199 39.903882504112346
1776678444.7216082 | 1 1 1 1 12 40.90022708056394 -72.34989417999125 12478.727501975685 -0.643330754816847 -0.1227147337436274 9.935394010779671 1.093305885010155 -0.01743929226160823 -90 -9.589505733320099 639.1076697288878 12491.401056785367 -9.114122727418108 39.11938529525794
1776678444.8246067 | 1 1 1 1 11 40.90021933397141 -72.34993339229824 12390.831635513996 -0.1374204344077774 0.48704216109577203 9.127170192559968 -4.553348414420676 4.854410521362535 -90 -9.612141388088732 641.0305228676236 12402.276278327132 -9.856647484552832 55.0909123753633
1776678444.938605 | 1 1 1 1 11 40.90025988489179 -72.34992537705276 12296.063836462525 -0.660540823352552 -0.560077505119055 8.069325696770278 4.168706741804259 2.170598921917647 -90 -8.902206638752103 643.2427128753773 12298.716550655448 -8.809204023481701 47.29773662676057
1776678445.0386035 | 1 1 1 1 6 40.900227166057284 -72.34994222891501 12206.30484627974 0.9196650391861603 -0.9891993165227424 8.300359886485792 -1.2167575337193504 3.67207003676398 -90 -9.483770362461247 647.2138719885108 12216.346081829282 -9.215621157669146 33.46931757477402
1776678445.1396022 | 1 1 1 1 12 40.900209818167 -72.34996157983404 12108.42365435889 -0.9453711227322352 -0.6534793730444937 8.056880764139478 -3.286984146593311 3.491450313814795 -90 -8.700390624344974 649.8331178905951 12122.98335517495 -8.54518639936699 50.28484754584045
1776678445.2386007 | 1 1 1 1 12 40.9002217276683 -72.3499764006767 12013.358136866 0.8083371291431931 0.417421569246172 9.177680605767868 3.7933726087207535 0.11636613186135758 -90 -8.305116181911579 652.0496037435798 12002.645408862287 -7.930979424824416 38.411045320566785
1776678445.3385992 | 1 1 1 1 7 40.90023207170296 -72.3499418123572 11920.255535382199 0.12408788565498097 0.19366598561897264 8.362411979521264 1.3578243252042865 3.528857032725446 -90 -9.317838018199614 656.2890928099736 11910.937135032867 -9.462883502093753 53.929746339114516
1776678445.4435978 | 1 1 1 1 11 40.90021754948103 -72.34991408508735 11839.234809818949 -0.04729683463907697 -0.08424007296431668 9.755273134202785 -1.1379681588075066 -0.005177953947369751 -90 -8.82700459423019 658.4765136296503 11836.077096189012 -9.045798396451662 55.41995642048283
1776678445.5445962 | 1 1 1 1 8 40.900238399637864 -72.34990605236075 11753.331905019304 -0.41655026345913093 -0.4340453893737548 9.961182654294586 -3.7983153544834583 -4.247544917031222 -90 -8.519370152799794 660.7562998986648 11735.276421067838 -8.548770993065537 58.53770760262906
1776678445.6485946 | 1 1 1 1 6 40.90020074244385 -72.34986394302827 11653.874504386931 0.4314743406208783 0.5945966852108244 8.862830881377832 -0.24090592148122614 -3.5398121054940814 -90 -8.957497020644176 662.6512210290306 11634.340723320383 -8.73733152690254 35.77669918746269
1776678445.7505932 | 1 1 1 1 9 40.900200296208425 -72.34984852374751 11559.897363255533 -0.2045183523682088 0.22653861559879762 8.678875263267175 -0.015036036929134688 1.1014297553466248 -90 -8.594162245486665 665.5141409000156 11540.119470566424 -8.419742313916498 42.64023752258757
1776678445.853592 | 1 1 1 1 7 40.90022695028099 -72.34988200541687 11474.134616587682 0.34701921938527747 0.233338939637884 8.194080262522762 -2.0961390135480364 -0.5867039142290782 -90 -7.096065495940033 668.3488939280877 11472.617991719879 -7.189044687524026 41.36058210622424
1776678445.9665902 | 1 1 1 1 6 40.90019587782532 -72.34989955171075 11374.526073021634 0.38575711528009804 0.46513520463404 9.32573201264676 -1.0418372139878738 3.903375387209959 -90 -8.062010728403475 671.9105245600691 11387.541833679992 -8.483507543604702 40.5724306727947
1776678446.0695887 | 1 1 1 1 10 40.90020592972221 -72.34988014008844 11292.209088663572 0.26087057214587905 0.7255384193909622 9.126792334270496 0.5113362686353682 -4.754004387509225 -90 -8.162691118428974 673.5353053810063 11272.745889108053 -8.415831946625465 64.632394778359
1776678446.1745872 | 1 1 1 1 8 40.90021494470979 -72.34983619991176 11203.137238846166 0.09098290204808457 0.6059609838322797 9.751110459830759 4.117885798313193 -4.922614542885513 -90 -6.7741573362124345 676.9807713456488 11183.619894513338 -6.769574744449525 47.621494411031236
1776678446.2775857 | 1 1 1 1 9 40.900171798933215 -72.34984934284486 11117.602421545565 -0.29815211713170564 0.05865263424724687 8.62969630153446 0.2957604890971801 2.667584142875759 -90 -7.597291176697773 680.4573513780609 11130.571801050204 -7.1466346552503275 51.76632072300969
1776678446.3845842 | 1 1 1 1 9 40.900122996633314 -72.34987742859025 11026.174861879892 0.3675776894373004 0.06370034761080312 9.260150801593264 0.6803646189572596 -1.6616562037472504 -90 -6.157597932486004 682.4916072083089 11010.919070844695 -6.36232102268073 30.731980159205136
1776678446.5225823 | 1 1 1 1 9 40.90012037028763 -72.34991443107258 10929.327335948943 0.8166021379428419 0.5505792460191281 8.66121178230654 -2.621851938294796 -3.1002230779647078 -90 -7.680007883394943 684.7500831274173 10922.273840691494 -7.386242903531752 33.7658777079595
1776678446.6275806 | 1 1 1 1 10 40.90014303962127 -72.34994557287185 10838.356548023425 0.7932601337789593 0.7944603793635805 9.386857432944216 -2.3960714551582516 -0.4073491249058927 -90 -6.57623463851546 688.0421324792184 10842.818323376181 -6.079655675671983 45.73359038613514
1776678446.733579 | 1 1 1 1 7 40.90017731449534 -72.34990230634645 10740.7455992024 0.22569412745025508 -0.4915797910757185 8.505429309176053 -1.6327050311948934 -3.9234664967796773 -90 -7.435365976058922 689.9393209844048 10732.146672789837 -7.020834998450044 69.27181854979446
1776678446.8385777 | 1 1 1 1 7 40.90015263816683 -72.34989513703006 10644.122035813358 0.4570966125175189 -0.38904557603073586 9.77528766142959 -2.550136510486972 0.23410005956217095 -90 -6.3786493887753775 694.3488628057767 10646.672159200089 -6.198903670805002 31.857439015363997
1776678446.940576 | 1 1 1 1 7 40.90016840117347 -72.34992922866836 10560.932311800905 0.5085489266007099 -0.1316808879678939 8.677890611382567 -4.674516062711901 3.685955306464498 -90 -6.424160183282826 695.8783733876696 10541.509706097911 -6.348335100705141 59.84870690543801
1776678447.0615745 | 1 1 1 1 6 40.90012684301587 -72.34991161647858 10469.689310324236 -0.5327723738708441 -0.7940670921459174 9.623101285669433 -1.1885650296155417 4.726330138309638 -90 -6.029751723091445 699.2916085515245 10483.936692200454 -6.428495358608429 67.14151515846677
1776678447.1695728 | 1 1 1 1 10 40.900160453359064 -72.34991401125522 10379.278047084475 0.44327499695812866 -0.5565453465964854 9.723717069375086 -0.4543058532087496 -4.364050265666897 -90 -6.273255803374385 701.8534922095355 10383.634910105167 -5.873352763513417 54.10726123663465
1776678447.2705712 | 1 1 1 1 12 40.90011790116024 -72.34987731033831 10281.18570167966 0.13516876730232408 0.2656283273721496 9.969750906798392 0.022419024819996025 -1.7741850976559101 -90 -6.141576184660341 703.9759869120568 10277.280985676525 -5.7587158353918815 68.56709544914415
1776678447.3715699 | 1 1 1 1 6 40.90012311366621 -72.34989131984354 10183.158812097226 0.9526844916026644 -0.18355197320202166 8.05907565291563 4.204122248013375 -0.5885522912449392 -90 -4.5353903285492585 707.1574166176594 10177.19247599295 -4.530624776929483 40.66506410982754
1776678447.4715683 | 1 1 1 1 10 40.900113800659895 -72.34987656543946 10099.922854809063 0.9693752937777449 0.9478818671460896 9.911808321584394 -3.608738350937073 -0.7833466553350155 -90 -4.401660682186764 710.6648657508825 10100.833318536012 -3.998240741877214 50.50759344095654
1776678447.571567 | 1 1 1 1 7 40.90014477384037 -72.3499248650511 10019.042948697206 0.7133240202662166 0.9076177602080284 9.021094320725126 4.17020872703649 2.534925861902268 -90 -5.614826564238322 712.8465055045335 10029.283960155282 -5.713273230929829 63.31659372147172
1776678447.6735654 | 1 1 1 1 11 40.90017840472744 -72.34997348580906 9938.757717877334 -0.6966708142026345 -0.30463039808221537 8.978382495218687 -1.340574039644824 4.996110615270002 -90 -4.785460138183863 714.767152936605 9946.489959395853 -4.798805593595601 34.835831287307315
1776678447.774564 | 1 1 1 1 9 40.90014864939545 -72.35001659488408 9852.798824510188 -0.06372410971601594 -0.8201151920250633 8.893948615350828 0.26846710691132536 -1.6948960718575288 -90 -4.363914626074287 718.2367165114713 9869.246260231075 -4.419553409577116 31.47633117002203
1776678447.8785625 | 1 1 1 1 7 40.900175330273655 -72.35000029234612 9753.821886791779 0.2602627909205182 -0.7666058022036737 9.256666205386557 -3.1622485972021352 2.255430689711819 -90 -5.284943871294291 720.5698653506778 9746.798549992416 -5.599863792816086 48.219032970209355
1776678447.982561 | 1 1 1 1 9 40.90019413117069 -72.34996282952045 9654.482719138832 0.17335056910352886 0.343163134019699 8.86020090536685 4.246043308340843 -1.5285568775070124 -90 -4.581553330602993 723.2225601896791 9642.290159125849 -4.493168534066776 43.674710780346004
1776678448.0855596 | 1 1 1 1 11 40.90019933493511 -72.34995795196905 9560.908270407203 0.3737350208077044 0.5537415211080967 8.583517909759435 -1.2142744014990257 -0.5309339578149448 -90 -4.378413056988919 726.3687411546636 9546.734331300366 -4.869808808701265 63.24068698300201
1776678448.2155576 | 1 1 1 1 10 40.90024638286649 -72.34996350265858 9463.231633062653 0.7319913053788338 0.6903959616931306 9.779594911089326 1.9009504194501652 1.1986012334598461 -90 -3.1179012111648596 728.4393030952342 9478.36239968695 -2.903891317063424 59.53534239474716
1776678448.3205564 | 1 1 1 1 10 40.90026022307408 -72.34994799996028 9382.175647465927 -0.7207200548634807 0.49522083136245354 8.635102233202009 3.5074268106987123 -2.9032943574166037 -90 -4.008941985287688 731.6658681550048 9385.327415689471 -4.469314166771633 54.56344993936324
1776678448.4205546 | 1 1 1 1 11 40.900299037737994 -72.34999535568825 9294.037964775189 -0.8826857912079118 -0.23603254900840454 8.038409203527937 1.749924944770294 2.573480003946292 -90 -3.8640171218460986 734.5750287476175 9302.34373421204 -4.309563235006873 37.48059043225775
1776678448.520553 | 1 1 1 1 12 40.90032321110664 -72.35000433608242 9195.413299763542 -0.8695468603762617 0.8598652283376684 8.669225636584352 2.139806942363035 -1.4739304149764996 -90 -2.936886482861956 736.5506516947614 9204.27421156486 -2.931827120023327 66.99234461557728
1776678448.6205518 | 1 1 1 1 8 40.900339642269465 -72.34999542735959 9112.86353253232 -0.5168126434456382 -0.6891433746182769 9.391002270854493 -4.351578052002505 0.5821776257368239 -90 -3.0855417920334824 740.4869800273487 9113.239486108847 -2.6556163760919658 33.01246471916003
1776678448.7215502 | 1 1 1 1 12 40.90029626090603 -72.34994765621879 9021.593652767608 0.3071927029597892 0.9794463034427656 8.069222645746132 -4.045332971739269 0.3745292449149451 -90 -2.0985811272961543 741.4480610267 9018.758598806977 -2.3276120498328643 65.11670224901152
1776678448.822549 | 1 1 1 1 12 40.90029967961275 -72.34998693995996 8937.77520078554 0.9820293757355107 -0.35560898581736433 8.772472950668483 3.0944829760091626 4.4895367018435195 -90 -3.427216055679372 744.8297398030359 8937.517759880799 -3.7507450674257696 33.567360411203424
1776678448.9235475 | 1 1 1 1 6 40.900256187336 -72.34995526282827 8844.426177316323 0.7892597348726282 0.13911277505342268 8.802026435518648 -0.16195477046105022 1.3585158119927385 -90 -2.1404948118328275 747.7617802475885 8830.28227838457 -2.0553184319080646 34.35173722610261
1776678449.0245461 | 1 1 1 1 12 40.90022244111004 -72.34995844921534 8762.191342045964 -0.33569641200363276 0.7071211383641269 9.399855172666149 -4.301203750079847 -3.016139915872661 -90 -2.994974383630951 749.9927097229316 8758.447435733076 -2.527678769997272 61.55840217042781
1776678449.1245446 | 1 1 1 1 8 40.90025291497154 -72.34995757707334 8677.313255903804 -0.4137274044117938 -0.5994565825886049 8.161134123233614 2.586413057140935 4.053249355826727 -90 -2.3849590227703645 753.3658185254293 8667.112226240437 -2.259139042185371 54.977818166676215
1776678449.2265432 | 1 1 1 1 11 40.90020554663114 -72.34994232284505 8594.602520267568 0.7249845081642701 -0.732632836003716 9.099224196166608 -3.9507944988723676 4.900251188112728 -90 -1.4113035299777004 754.2248457545478 8610.114355600905 -1.0473683245222767 53.02897474878432
1776678449.326542 | 1 1 1 1 8 40.900199168801194 -72.34991253768766 8509.681152334631 -0.8893425028767445 -0.14325273582914377 9.083690320015512 4.809468159449388 3.8349831059901565 -90 -1.212166186884529 758.3928689955992 8522.294420196295 -0.9206348231143275 31.043474439228508
1776678449.4315403 | 1 1 1 1 8 40.9002425907456 -72.34995484596027 8410.44059470897 -0.3900259184868544 -0.999013595012626 9.438773796807759 2.171618494672268 3.1536152549101484 -90 -2.1802163634264375 760.7400745720056 8413.638162945977 -1.848464626199054 64.85007370259663
1776678449.5355387 | 1 1 1 1 7 40.90019636512823 -72.34994719423787 8315.662568310807 0.23083397407081008 -0.8019765682528375 9.747806619582425 -4.895624756681212 -3.684428116379178 -90 -0.8296262534763363 762.9889809034444 8311.994861167295 -0.4116921555711357 42.258924774370215
1776678449.640537 | 1 1 1 1 12 40.90022872590993 -72.34989992390635 8230.917136078944 0.8691957184240471 0.23924134175649758 8.105184887885056 -4.833670241209914 2.631870396650772 -90 -0.7418303809900599 766.1860112382633 8244.609064749156 -0.5674850779308085 40.68621298664631
1776678449.7445354 | 1 1 1 1 9 40.90026565317984 -72.34992326454768 8131.731892343735 0.8799718445722764 -0.17856429580180033 9.72993251614053 2.4023359404518896 1.4125857652937022 -90 -2.219021895246567 768.1379468919621 8123.673655732616 -2.4860538203827605 55.266286197147885
1776678449.8485343 | 1 1 1 1 6 40.90026871735923 -72.34989255792264 8046.327745701782 -0.1953156268547671 0.9190248145564228 9.531181660194088 -4.545160650916809 1.879366875838321 -90 -1.202820698214283 771.4877573132405 8063.724494347141 -1.1790371410966243 67.77705721158381
1776678449.9555326 | 1 1 1 1 11 40.900291850975606 -72.34988902480062 7957.212509950763 0.23758921796549015 -0.30023046111453655 9.788268871315715 2.6456812455376255 -4.084657411235806 -90 -0.8760227625254073 775.0813677594116 7948.085120897577 -1.1978604094511307 48.7432360790773
1776678450.0645308 | 1 1 1 1 8 40.9002773729527 -72.34985776711292 7863.415981827495 0.6466406801488538 0.8650125317172341 9.338165986730342 1.165777466683413 -2.549057118236584 -90 -1.0716726309417792 776.3466175320941 7878.307105810671 -1.4811826096882996 59.28001752927369
1776678450.1655295 | 1 1 1 1 9 40.900283223897084 -72.34983761354017 7768.595887272428 -0.8665591976231666 0.9888748276206885 8.33877718885483 -0.751669098596591 -4.761821048219382 -90 -1.2261682154806641 780.3223359454447 7749.583320764672 -1.1160264874385923 57.21842041047657
1776678450.2665284 | 1 1 1 1 6 40.90030789417703 -72.34981818046742 7677.247693055508 -0.4985460544292404 -0.9231136672930345 9.276425419893108 -0.5475834899559162 -4.405454213944626 -90 0.2015659786909676 782.1484518394453 7674.356149944208 -0.12701295474096252 64.08151483363238
1776678450.3655267 | 1 1 1 1 6 40.900320255950774 -72.34982881657896 7592.059468115548 -0.4218099509421631 0.3782037069820987 8.321962230266 0.058667629991711046 2.2375645117912217 -90 -1.097543013731966 784.946170802221 7603.103970734131 -0.9826841461246449 42.04743125408061
1776678450.466525 | 1 1 1 1 6 40.90036138758417 -72.34986385630945 7508.435255622529 0.7409890177080607 -0.9810264088663545 8.415420177965041 -0.12053147033488187 2.7311577125660325 -90 0.8550819572167621 786.8247235649826 7511.198055612095 0.5443013571926851 45.68797459327406
1776678450.5745237 | 1 1 1 1 10 40.90039848856227 -72.34986425191151 7415.135806721319 -0.29201486179829095 0.7622923561489177 8.619551186874643 2.9508150165040536 -3.835904278936014 -90 0.038122136716300714 791.4200264556031 7401.4976870457685 -0.05834615221570094 50.47531962610115
1776678450.6745224 | 1 1 1 1 10 40.90044066472852 -72.34981621667679 7323.907523193318 0.9270602578409273 -0.8778597669166681 9.843547793490615 -1.1734514410081545 3.756274116503377 -90 0.5246146721163247 792.505691321275 7329.652528305519 0.9202980793871856 60.73084677702094
1776678450.7745209 | 1 1 1 1 9 40.900404990142285 -72.34978247244976 7232.263786701367 -0.3866751807147262 0.7730605287008443 9.828747955239102 0.7627918871318933 3.428865219737114 -90 1.0162305936672553 795.6548014459481 7229.6471080403735 0.806444185393238 61.766753949795095
1776678450.8745193 | 1 1 1 1 10 40.90037198050021 -72.34979727374335 7147.771416237503 0.9383430497957719 -0.17509636200797885 9.903638421527567 3.9667156491148923 -3.5980398745461653 -90 -0.22629467219575683 798.8969599504478 7148.103608525175 0.0410395461934977 54.14419599319462
1776678450.976518 | 1 1 1 1 7 40.90033792397775 -72.34984336562663 7057.410418196501 -0.8327989623947436 0.9450718027028835 9.756661335349676 -3.8812276758967923 4.807134423617253 -90 0.06576746137169232 801.5600413036104 7039.227371898095 -0.13078632776088117 36.34303514196649
1776678451.100516 | 1 1 1 1 9 40.90031436097434 -72.34984356456873 6969.390021563709 -0.007466356130497953 -0.06346938449561024 9.420878743402227 4.762329380739866 0.8134791101269254 -90 1.2738175999008468 804.5446694239403 6971.913571393399 1.0342027134290945 49.53299209216988
1776678451.2025146 | 1 1 1 1 10 40.900265833343525 -72.34983386848131 6872.61229667819 0.20182511721305385 0.250456459204641 9.95486637889508 1.9009424979792247 3.7458003873741745 -90 1.6077612587423444 806.4567557628077 6885.040777446153 1.618574618223974 62.30125030944767
1776678451.3045132 | 1 1 1 1 11 40.90030828523643 -72.34986500944869 6779.930346020589 0.1656568784043715 -0.045441339369169276 9.013470269380994 -4.472024356271827 -1.6105557828956552 -90 0.52985491805085 809.5312689489612 6763.247105633481 0.5040815249113686 46.22174742424322
1776678451.4065115 | 1 1 1 1 6 40.9003420288084 -72.34991380781162 6694.312083460069 0.6653046640849052 0.8045726297686362 8.617386742601381 2.427748526917151 -2.4760019826379507 -90 1.181681742331324 812.5699979546615 6690.588354863557 1.0211983467619403 31.18669313082102
1776678451.50851 | 1 1 1 1 6 40.900350404769256 -72.34987069006138 6598.840044722854 -0.9533458533490657 0.7972863873955247 9.998969147335616 -0.10360002317842376 1.010682163104435 -90 2.644056346487604 814.7484268394302 6601.701410183355 2.4929708634993095 61.8824861075278
1776678451.6135087 | 1 1 1 1 10 40.90034105121646 -72.34991952091869 6499.255472436405 -0.023711622517244013 0.00843004894461341 9.902879677974385 1.9017194149552585 -1.092787554137531 -90 1.9481988401008823 817.2425647796556 6496.3610214200235 2.232745868135329 34.57817622371583
1776678451.728507 | 1 1 1 1 11 40.90036777646725 -72.34996702009578 6403.046537245222 0.553167842117789 -0.7764458583946205 9.31403385559318 -0.7141718689941765 -4.02689292323121 -90 2.3541226033226783 821.3092079698357 6418.890262735765 2.5167417295106698 55.345769183997085
1776678451.8305054 | 1 1 1 1 10 40.90036481888988 -72.3499773273464 6322.429908517836 -0.49080475635969467 -0.06394762631181616 8.881585786131563 2.865943423159618 0.45898433001034356 -90 1.773573288500611 822.3427344180578 6307.532876766347 2.16034712330971 32.485014021319685
1776678451.930504 | 1 1 1 1 12 40.90035194102412 -72.35002067585373 6240.685640835014 0.2664409431896382 -0.9912108026072244 8.998242145744399 -4.307467062291814 2.8961484870973155 -90 2.2309850859599063 824.8311912921108 6242.336210501886 2.150689415245754 47.37251433541256
1776678452.0305026 | 1 1 1 1 6 40.90037189341212 -72.34998472461756 6154.0863897015215 -0.6310267845060029 -0.24382394201404023 9.841419555323704 0.8158424730797078 -4.232494687812167 -90 2.3922373911664474 827.7464701952549 6142.713743475349 2.2261979720832823 42.26532783829663
1776678452.1315012 | 1 1 1 1 11 40.900407115448296 -72.34994014946056 6066.431068042332 -0.4396669058070979 -0.32959158584412385 9.583955745409627 1.088478759246927 0.676327090115616 -90 2.206378268985178 831.5690280866455 6078.4348153798255 2.416475388179372 63.74955215464838
1776678452.2345 | 1 1 1 1 8 40.90037570654142 -72.34998199969615 5980.404581210077 0.6648092939535191 0.6204219885117181 9.702415256777833 -2.5873786477434866 -2.5776634082754333 -90 2.6105345037032563 833.4965763157393 5964.965005747978 2.8284080561932354 30.64224142178623
1776678452.3384984 | 1 1 1 1 12 40.9003847027753 -72.34999669238925 5890.104452040042 -0.6509848704032313 0.09857223793448444 8.91372890689616 -0.25130295706166006 0.9046991836937623 -90 3.773321972896628 837.1591840691539 5877.496613072731 3.7442815551735187 37.68212986681195
1776678452.4414968 | 1 1 1 1 7 40.90039975183349 -72.34999721847757 5794.030237997149 -0.1209018522727443 -0.01216895688225561 8.684305320751632 -2.16665012626011 0.29886093309235484 -90 3.2545036619905066 839.8743131010293 5791.044268752573 3.7333825811735624 43.50973208344225
1776678452.5434954 | 1 1 1 1 10 40.90037912510982 -72.34996630459968 5700.357322864732 -0.43326823500048683 -0.4547670154440373 8.993251962540798 2.556484462092227 0.1529200566711335 -90 2.823329664679945 841.5145770374423 5704.414083233794 2.716933541965849 38.52117607701155
1776678452.6474938 | 1 1 1 1 8 40.90041668796847 -72.34998522104759 5611.402138033711 -0.8052841262974235 0.8147386414715747 9.574326025831903 2.867517321522394 -4.656013282621338 -90 4.0201217306783885 843.9960079763607 5611.859071852555 4.14446410769568 57.945007455960315
1776678452.7484922 | 1 1 1 1 9 40.900399288004614 -72.349993168787 5514.80080359108 0.008881314149649544 -0.44090053411765084 9.709227404178744 -1.3936667009296135 1.8456564748576252 -90 3.9882148064911984 848.2096598708418 5534.650198171821 3.584868835900404 42.39921424873431
1776678452.8644907 | 1 1 1 1 12 40.90039077110878 -72.3500383826631 5424.839104297495 0.34606978676146705 0.7747910484575642 9.601873144132409 1.5898789026096205 3.513382761618903 -90 3.60829759354636 850.4663456459599 5439.718859052961 3.5857253512942235 33.78809323555607
1776678452.9684892 | 1 1 1 1 9 40.90037333347481 -72.35006293200327 5341.833939497928 -0.5942573586812339 0.9751667362088818 9.069167993025493 -0.1475438725594671 -2.960474478458891 -90 5.017788564175739 852.3490485931734 5323.5761886490545 4.931426133424554 39.445098855144515
1776678453.0674877 | 1 1 1 1 6 40.900333821636806 -72.35008199661583 5259.415036189687 -0.8020024175192917 -0.18662812888353564 9.530302833460578 0.19648768469419764 3.097486479909474 -90 5.0475767399368365 855.9764527683898 5260.92530628532 4.986787902673573 59.32656771603768
1776678453.1694863 | 1 1 1 1 7 40.900374328907915 -72.35011663390898 5168.970080121081 0.5420764190884546 0.7928018767035903 9.06042886551089 4.9196794155656445 -4.2687021606853515 -90 4.586779488544912 858.7436397254922 5185.25452581932 4.128165262231718 54.67185092854095
1776678453.2794847 | 1 1 1 1 9 40.900367715822796 -72.35008992627328 5069.8216304420885 -0.197021486497585 -0.8679102837831882 9.154624070412822 -1.2670867974771927 4.801058652307642 -90 4.010026317092122 861.0204628406892 5052.722197709317 3.779672906564665 66.31562863124424
1776678453.384483 | 1 1 1 1 8 40.90038201635148 -72.35013142517028 4988.252630947028 -0.02138796459380954 0.4259449385064986 9.253196282260765 4.012270893542546 -2.181218822740382 -90 5.1004134366794265 862.9796471024061 4991.618432712057 5.225076902667408 56.96907997924557
1776678453.4914815 | 1 1 1 1 7 40.90036414209703 -72.35010840693134 4890.742919529945 -0.2441232561739819 -0.6924851759758557 9.081806257377412 1.4967191868397434 0.4266816086999148 -90 5.028447317839949 865.8851446968439 4897.431236495817 4.72631895233313 56.72818497776007
1776678453.59648 | 1 1 1 1 7 40.9003208306189 -72.35011211070922 4803.823469374675 -0.8812507968116932 0.7423261340484804 8.25629744396589 -0.44841126633763295 4.225562477976295 -90 5.644599689492111 869.2940808668335 4796.823869443752 5.400804296620795 66.38522991142207
1776678453.6994786 | 1 1 1 1 12 40.90033218399238 -72.3500675646494 4705.846720587531 -0.38160465691642065 0.8311956535271945 8.068115372456784 -4.605357249530413 2.0844049038480117 -90 5.609476443966367 872.4680369130875 4688.379814319987 5.236249006390015 69.20145811447995
1776678453.8004773 | 1 1 1 1 10 40.900341337636775 -72.350056248508 4617.60846743499 0.2699295659752978 -0.990425404299716 8.340084016662683 -0.7917068527843876 -4.673966266001257 -90 6.7533220130720615 875.4209525991846 4615.30375485985 7.12595822003103 38.052468621905845
1776678453.9014757 | 1 1 1 1 12 40.900303244087134 -72.35007985701874 4524.547292120576 0.9911554343997306 0.22881641061096314 9.247939998686581 2.8109488286230624 -3.5771228825007673 -90 5.176751218695398 876.8921891260034 4521.677901691595 4.9469707734089825 64.94488175754245
1776678454.008474 | 1 1 1 1 8 40.90027354771708 -72.35010704148037 4443.020906720932 -0.4102021065088757 0.6965225628539069 9.98254219826119 0.40659383431368745 2.1587374945277427 -90 6.663965058627372 879.4649071457956 4450.528611953102 6.636521231759671 64.62532844456295
1776678454.1304724 | 1 1 1 1 9 40.90029505936131 -72.35007436188377 4347.130505697715 -0.6042748457440896 0.5609780683729328 8.802224224934076 -0.5232772252917268 -2.4124575949364124 -90 7.171050804775011 883.5832362680578 4329.04095743888 7.573115974558949 32.51223186767979
1776678454.232471 | 1 1 1 1 9 40.90030939616775 -72.35009721715242 4252.081815238068 -0.8474870733264668 -0.5282153228464672 9.950655577094404 -1.531469417377017 4.95075519189707 -90 7.281989332003666 886.1895793964849 4253.157710827827 7.715130940741711 37.271415641901996
1776678454.3324695 | 1 1 1 1 9 40.90032841748829 -72.35009210265211 4166.113185747606 0.8508302170970226 0.12705606786788914 8.50011707695469 0.9395039791660036 0.36247421580664785 -90 6.58171278273086 887.6781687658513 4150.903567828424 6.26279717777981 54.888841771575361776678454.4334679 | 1 1 1 1 10 40.900046223327415 -72.3500164156019 1.873857619887351 0.18421010303321728 0.42561070211532237 8.041156998166533 -0.7153652188438819 1.0350077346155837 0 14.07499366054526 1013.8665700879959 11.789207510648305 14.308058366489536 37.44516885483894
1776678454.5334666 | 1 1 1 1 11 40.90000303726906 -72.35001384642537 4.028416794535615 0.9330044972341336 0.6624747305027026 8.333487911492227 -1.2011603385710234 2.6602676112280434 0 14.961345416246381 1012.1168944439686 7.644959105436469 15.292721627924795 37.66544512155627
1776678454.6534648 | 1 1 1 1 10 40.90004531550035 -72.34997004127074 4.90508944206007 0.08648121091007255 0.3364808748261203 9.013944074076411 -0.4487989341004708 1.1461742376378483 0 15.105327360632986 1012.5608118854897 2.293348682089582 14.783644197667453 37.36442564601908
1776678454.7544634 | 1 1 1 1 12 40.900026057036676 -72.34998853770111 0.47985810205126267 0.9188035637937524 -0.5733124386524027 9.632997023443108 3.4094916790333265 -1.2157656173376208 0 15.790267285892996 1012.2899538694124 17.46653291894418 15.799537634595655 63.38183238711029
1776678454.854462 | 1 1 1 1 12 40.90007413116988 -72.35001020452877 1.133480080366327 0.15225621441782566 -0.2892857273165854 9.264970253379449 4.829011098368884 2.594664424716485 0 14.491126830949256 1012.5267509300608 0.06720042899613565 14.893416342206926 45.69172410716568
1776678454.9554605 | 1 1 1 1 9 40.900090981980924 -72.35005810912597 2.814234088612273 -0.8959854075392981 0.42633090368294435 9.18079841435376 1.2738698997912188 4.869272593018074 0 15.96115446665246 1013.5392512722693 8.869816503231611 16.18797133990146 35.113519403576404
1776678455.055459 | 1 1 1 1 8 40.90009680690858 -72.35010473998308 1.2822782476040195 0.4781859641327306 -0.4488876578971661 9.829029773917444 0.03421884705252154 1.178537266682281 0 15.713087414373346 1012.9987212639767 13.131365688495954 15.834161688469582 69.61555370634325
1776678455.1544576 | 1 1 1 1 10 40.90011680638349 -72.3501032105449 2.393781371983957 -0.8362087293608911 0.05611074261496962 8.496874335466254 -3.286138252840831 -1.627524077596071 0 15.140346231134227 1012.5160577684727 -0.5639612967154211 14.684980085905956 59.78211857750182
1776678455.2564561 | 1 1 1 1 7 40.900128054195726 -72.35012116181049 2.1989600727148932 -0.12029739249135551 -0.1526061262204812 8.956601431993018 -2.0501253514739446 -4.544975908635109 0 15.917605210070953 1012.2574408514786 11.963211287285777 15.77650640958099 51.060480221001285
1776678455.3584547 | 1 1 1 1 9 40.90016920584157 -72.35009569448223 2.521996456722066 -0.5453465253951622 0.09683449235902852 8.505299545228585 3.289926438456103 3.7623057058956473 0 14.784598111194931 1013.6213694022069 -17.428272858033573 14.494233500508805 64.29630010367342
1776678455.4614532 | 1 1 1 1 10 40.900207613118475 -72.35014411003363 3.366766534468846 0.18278882509684036 0.5293102102252287 9.69491318391666 -3.3848502751149647 1.7255679837530815 0 15.00259208556909 1013.5810318085056 12.639305281539096 15.267939820931431 52.1093359547126
1776678455.5614517 | 1 1 1 1 8 40.900252294447036 -72.35011100439927 0.34449275081157027 -0.006306038708989714 0.23634502849122718 9.065862490010497 -1.9396640745528848 0.8300162244035167 0 14.346198236241184 1012.7124268152119 1.0965492620567743 14.417755853470991 37.74525679951029
1776678455.66245 | 1 1 1 1 6 40.90020276525708 -72.35010239848481 1.505268096403423 0.9176610098248255 -0.5027805019469738 8.968607840353558 2.9284042923666656 -4.537297035916101 0 15.085406754536026 1013.3108814835477 19.969193034050985 14.916260440288076 36.95394724755739
1776678455.764449 | 1 1 1 1 7 40.90024222129158 -72.35010045318454 0.045653593588030894 -0.09531742767803375 -0.5684930926545408 9.873247955411376 2.543501943448666 2.0302288891925944 0 15.562911422584442 1012.1056227595091 1.1732148319766038 15.366482813188519 59.2534055382101
1776678455.8674474 | 1 1 1 1 8 40.90022254757058 -72.35006775330666 2.3585894614143648 -0.7648108810107528 -0.5032286687240901 9.02132806543347 0.6330170144718785 2.4405971510850595 0 14.212375004044368 1013.0222130625007 21.131160402497525 14.415657014389542 69.81502294373334
1776678455.9704459 | 1 1 1 1 9 40.900214043183844 -72.35010456850013 0.5400344951444047 -0.9301333305287218 0.9687057851246765 8.889292106162626 3.2540057661118684 4.565386545337823 0 15.217665954663378 1012.5887874818687 -4.618925027074764 15.364852056967534 52.717789975648
1776678456.0714445 | 1 1 1 1 10 40.90018564725175 -72.35014523013143 0.8038446232760216 -0.6936656082408441 -0.6498582715666448 9.640529541150926 -3.9929456916360637 -3.746952486534969 0 15.734630051538987 1012.9489028961798 19.994791313741302 15.728112164327856 51.57042591560386
1776678456.1784427 | 1 1 1 1 8 40.900207242041596 -72.3501243720013 2.158719098660508 0.5408494390885723 0.9741479257081993 8.629714866293769 1.1936169844965328 -0.49645671297314564 0 14.08420123184873 1013.8475148335727 -10.363254257392445 14.168128907732159 39.63133636038259
1776678456.2794414 | 1 1 1 1 10 40.90023005004862 -72.3501005900116 3.5943455521932055 -0.597451908413243 0.6768576221938103 9.148983357120391 -0.8240491427042773 1.0171918073101764 0 15.903757318511573 1013.6782119885501 22.502064783067574 16.30690819663087 59.70033666780621
1776678456.3954396 | 1 1 1 1 10 40.900210119701605 -72.35005106422733 2.2960418657506274 -0.31920921629084487 -0.23897917476399244 9.10227731725115 -3.178319985034419 -0.8784897957810136 0 15.945369014104482 1012.4468948517751 -17.180075968537 15.782583711846671 58.77138853659873
1776678456.5094383 | 1 1 1 1 10 40.90019787399576 -72.35009958183855 117.08686633669448 0.656142664562078 0.5046321235573612 11.47291391606868 3.326842488824612 4.776630095057824 120 14.036911813464446 1009.6004867808964 123.19108603090784 13.628156992577248 53.69645297226919
1776678456.6104367 | 1 1 1 1 12 40.900152670031424 -72.35014067431203 241.46159240189604 0.6202586593922392 -0.45317674586821677 14.759512624374223 -3.204328548284252 -3.7196109786254183 120 14.700801348099507 1004.7630317187154 251.79935717200445 14.634838877887773 31.4986599263825
1776678456.7094352 | 1 1 1 1 9 40.90019575840187 -72.35009458316684 366.127735816205 0.6550815751139147 0.7272344816361944 11.153074957384534 0.35567462241101033 -4.933458352257633 120 13.3884307933532 1001.4614562682581 352.4229106510143 13.882731769845375 61.317170399424725
1776678456.809434 | 1 1 1 1 12 40.90021123113718 -72.3501258202263 482.5148472030801 0.34508439880685415 -0.19537219133989758 11.225553192616744 -2.571057731791454 -3.1153068127613412 120 13.902032876219627 998.5973912654218 472.5873496818667 13.788565310940681 60.04558878360728
1776678456.9104323 | 1 1 1 1 7 40.9002317523822 -72.350108121638 598.7980378028666 -0.42733319902372147 0.16196214103359652 13.542809924027083 -0.8575444280044255 0.6097036579473656 120 14.703220192850697 995.3834132166678 616.5228345367643 14.275796945571502 64.92383617170164
1776678457.0234306 | 1 1 1 1 11 40.90020815455521 -72.3501466811167 715.4251121776035 0.8898498844692029 -0.9518158696816412 10.913735652852711 3.0922373415646245 -0.4937727999839989 120 13.218854727854815 991.4154314166636 730.5980431440419 13.093341055525318 59.259697203914016
1776678457.1464288 | 1 1 1 1 12 40.90025216081972 -72.35018592453088 841.2978355780203 0.38385016059888355 0.27662930527053975 13.06043127793475 3.3415852405220576 -0.3136197373532612 120 12.932699216568702 987.6420603698076 858.0902225959624 12.718400649379634 44.58914232758977
1776678457.2514274 | 1 1 1 1 6 40.900254940140975 -72.3501897984148 956.3677111256776 0.5412618013007202 0.8846863546408557 13.562226764749042 4.834270948548086 3.582642281745855 120 12.246864255793932 984.2981867590272 956.8957348080231 12.601960271542392 60.82619934202418
1776678457.3554258 | 1 1 1 1 12 40.90026667374865 -72.350232000631 1081.2043416037486 0.7252595924591638 -0.050655329646274616 11.876376490230903 0.06606349398070588 4.813195914119142 120 13.532262278983403 980.6545119118925 1093.7244185948023 13.754855176628503 48.44378824405698
1776678457.4574244 | 1 1 1 1 7 40.90024345579769 -72.35024763532402 1193.3433048805896 -0.28491989391724304 0.6217777204932617 9.376142146721731 4.504744894548034 -2.7817302930181818 120 11.94855351422387 976.9315903767615 1202.9069614107984 12.1546965501249 49.54770533737076
1776678457.558423 | 1 1 1 1 8 40.900205418883566 -72.35025053394739 1305.5618670692895 0.7775303614391011 -0.7871395711697897 11.342144656373348 -3.122002208879974 1.4508446252182141 120 11.593325042024905 973.9806273725112 1299.9471666609147 11.280580147269992 42.89086555148481
1776678457.6674213 | 1 1 1 1 8 40.90016949543062 -72.3502401939668 1422.4944557996143 0.9731198981822178 0.8513507657502535 9.120134896746032 -1.848297330879424 -3.4932656234546275 120 11.337737533751053 969.5420759148055 1424.486426697095 11.1909721974064 52.95247465162853
1776678457.7684197 | 1 1 1 1 7 40.90015679455942 -72.35025582455303 1552.4002849626338 -0.10519772185282017 0.8747356904802575 14.351276030053224 -1.4793190085145556 -4.916281562308575 120 11.574320364311472 966.4697360332431 1569.128535571507 11.608423196046882 61.221059648187975
1776678457.8684185 | 1 1 1 1 10 40.900125380683285 -72.3502666098891 1682.1999420123027 0.9050313242362686 0.5805870573996987 10.29107215857602 -2.027306206274951 1.429596835651493 120 10.840758260335305 961.5928387569469 1680.4409682953683 10.451780675132177 31.099966643558435
1776678457.968417 | 1 1 1 1 10 40.9001131751724 -72.35025717014159 1807.4766554226544 0.42298334136772 0.5226305555975814 11.725674514593917 -3.956935810114075 1.9550034292645826 120 11.897966968759157 958.1916368231041 1794.797599573137 11.861236961592377 45.54741357889503
1776678458.0694156 | 1 1 1 1 8 40.90014985115825 -72.35020770231183 1919.3912661632276 0.005871944666141049 -0.6664560072926042 11.32034662657501 -3.3239815519563596 -3.2518393878166374 120 10.33755381862792 955.3628027051464 1913.030244705153 10.602750095434658 53.202262355969
1776678458.168414 | 1 1 1 1 8 40.9001132300505 -72.35018043722165 2036.7092274053684 0.36993275605285114 0.5573190832364714 10.839602146204866 -4.738146759043018 4.229488349084127 120 11.398404159065983 951.2094772045022 2056.557430939313 11.572709887223196 65.86697912977691
1776678458.2714128 | 1 1 1 1 11 40.900085182618014 -72.35019668362237 2148.7860307868823 0.0730834180309623 0.9825255622630056 12.981824939138239 -3.7887548893774934 2.2941903258636733 120 11.665379141042898 948.6965125557357 2147.7571104388862 11.453384809481056 39.022117819989305
1776678458.3724113 | 1 1 1 1 10 40.90006681536892 -72.35015610801025 2268.2538597349517 0.2930002362006947 0.21432031796662598 11.850173341933658 -3.670915220726595 -1.342464580987346 120 9.68250484653969 945.4101670477464 2281.2553857112557 9.18552436265839 69.56949143761005
1776678458.47241 | 1 1 1 1 11 40.900042584602915 -72.35016690351297 2385.434338768941 0.5824730637233486 -0.07379078135278472 13.633627900558261 0.9724413463699939 -0.1286756314879236 120 9.951435999486797 941.85965667563 2400.2841150708487 9.753031083014676 64.15692275975678
1776678458.5734084 | 1 1 1 1 11 40.90009064808824 -72.35016795833866 2498.3876485722362 -0.37361724571069566 -0.39309429564424003 14.495669524237657 -3.3791003982161696 0.43820507824134136 120 10.352354757592266 938.2018332592061 2500.3896757933007 10.434742787860486 69.94803271596979
1776678458.673407 | 1 1 1 1 7 40.90004296714252 -72.35013940111337 2616.1999772144236 0.025741477521237677 -0.012393863951607909 11.33407154603443 -4.715380567901929 2.9482073294262348 120 9.455964677528288 934.3934421858659 2603.960322535277 8.975727029148796 67.10336409095734
1776678458.7744055 | 1 1 1 1 11 40.90005710430274 -72.35016262807227 2728.997318014133 -0.19672871402825853 -0.9413413146000631 9.187565885681481 -2.803231473604859 -4.857484979659121 120 9.437825749960263 930.7624785739358 2710.0615264336 9.416101498670399 43.225646689454095
1776678458.8734038 | 1 1 1 1 10 40.900077758020586 -72.35012175620324 2843.00487182732 -0.3626376590931073 0.4002400889818649 13.526393050960554 -0.5490731321114595 1.1011850413856692 120 10.187247424256979 927.726116825538 2825.077618556985 10.563299168797963 36.81664859672936
1776678458.9814024 | 1 1 1 1 8 40.9000964254872 -72.35014285044856 2954.160058285845 0.2374142288796539 -0.14363427340174106 11.639639105885657 3.6353594271160503 3.013418508368556 120 9.789363692470884 923.7000598325162 2941.118763392534 9.685510624457908 62.204786630448254
1776678459.083401 | 1 1 1 1 11 40.90007480827959 -72.35015501855078 3077.6865456331225 0.340802434969532 -0.6780380188310626 11.095890957310964 -0.699438669328635 -1.5542162823308159 120 9.439064252774545 920.1628595511736 3068.8475067697746 9.83209564517582 52.356674154032504
1776678459.1833994 | 1 1 1 1 9 40.900099035922906 -72.35012179798458 3197.1143116878447 0.9446894099431455 -0.6455947123804686 10.477964571929135 3.7590769277841822 -0.6062180960879271 120 8.82521596318333 916.4840757600505 3203.8339652802924 8.3489412100724 42.931705784987955
1776678459.2833982 | 1 1 1 1 6 40.90012516283196 -72.35011194392295 3319.11535533686 0.7894949484875255 0.24963977790759917 12.428419479754181 -0.3953680133774915 -0.5552877384180217 120 9.243340574351723 912.7163497101315 3300.2440650987924 9.150014430143415 63.05775667846862
1776678459.4093962 | 1 1 1 1 11 40.90014258685099 -72.35007525402659 3448.275071490752 -0.49789788367757604 -0.35861883627316926 11.321168396853533 1.7945398521836884 -2.0412910819329255 120 7.922853365748985 909.4089792326781 3429.3863773500925 8.374648527244766 50.15950176876317
1776678459.5083947 | 1 1 1 1 11 40.90012304237142 -72.35003358447291 3573.6910334516415 -0.05283646208408155 0.6539080027609112 14.394699575913183 3.2123407064531424 4.4940447071587375 120 7.856408945992181 905.8733313716477 3565.5402387148206 8.276074964625483 50.75922518763521
1776678459.6103933 | 1 1 1 1 12 40.90010825900982 -72.35007286958086 3692.7908737680323 -0.1718094693323995 0.13739247298454238 9.007032126129275 -3.776729583353239 -1.1121568465859202 120 8.450615778719184 902.501160205697 3695.1745652452255 8.493171320945462 40.38070305968924
1776678459.711392 | 1 1 1 1 10 40.900096841128374 -72.35009916612644 3822.006853696043 -0.39666417566666534 0.35752071869871593 10.696954445023714 -0.629892857555463 3.137451480747444 120 7.369355855723272 897.6848987343533 3831.1789573087276 7.574598176543478 51.24629982081673
1776678459.8143902 | 1 1 1 1 6 40.90009709213724 -72.35006605760114 3951.478937120557 -0.6453711986698056 0.8588386578503024 9.92285797337089 -4.502000993703308 -2.2423151184965384 120 6.8202641838118625 893.888749768061 3945.031044374828 6.518957866095031 67.65619797528325
1776678459.9163888 | 1 1 1 1 9 40.90013474216568 -72.35005371878846 4066.335200955813 -0.09140192692122096 -0.844536415238422 10.022334464298039 4.434737708092413 1.3449429030282358 120 6.123784795616656 890.8361776915069 4072.467682963649 6.2040451741388525 41.92558837768931
1776678460.036387 | 1 1 1 1 7 40.90013138361246 -72.35008404402129 4191.884787724361 0.2989575685692194 -0.6741055653161983 12.269591204370714 -3.7477645485867503 -0.13147956322963417 120 6.298319567905332 887.3026252026322 4176.625387078406 5.810917533316002 53.60351794050367
1776678460.1383858 | 1 1 1 1 11 40.900132571701484 -72.35010547144088 4305.3149099323455 -0.29404199777411866 0.9706940846780052 11.382004608544232 3.0689873922489603 4.833115515369428 120 6.298073029005481 884.1063085637215 4291.269407430912 6.153002553440014 66.13748595653055
1776678460.2403843 | 1 1 1 1 10 40.90012192452062 -72.35006584474213 4426.146115379649 -0.27570977274683317 -0.4173320854698852 13.57922338140714 -2.863329135322127 -0.737129269979401 120 6.8672152425093005 879.4823054910391 4430.261931963304 7.162858065759541 54.386475735881604
1776678460.3433828 | 1 1 1 1 6 40.90015110025754 -72.35007864515704 4542.856974050546 -0.2777193961745654 -0.4570732103345514 13.335501995580502 -4.048326139555219 4.344606499884412 120 6.015634812693344 875.7751407520202 4555.655007140213 5.626024260256023 36.98970298028672
1776678460.4463813 | 1 1 1 1 11 40.90011455562289 -72.35003465072532 4661.110372124555 -0.5012350325539978 -0.16346566167848775 11.420215860225092 0.7228100268658046 -1.521341684294205 120 4.800401363122236 872.3885165218658 4649.722385441582 4.6392334577132175 58.411874492653986
1776678460.5543797 | 1 1 1 1 7 40.900105866776435 -72.35004210958567 4785.18001927585 0.5032365890262778 -0.9646054532853636 9.84078042476042 -1.1864364473196884 -4.883312850843037 120 5.452478639475035 870.0227237051544 4770.937063866058 5.441340584532806 64.63476444990329
1776678460.6593783 | 1 1 1 1 8 40.900139671069354 -72.35005436373373 4911.5079480640825 0.2283976407834245 0.8562719835478498 10.121774502580658 -2.055726842197271 -3.638098253001579 120 6.1174421663916165 865.2609234164512 4921.318370200602 5.784309990740886 31.68874486730698
1776678460.7673767 | 1 1 1 1 10 40.90011508391335 -72.35004202580726 5031.408416738306 -0.5758285008142521 0.14280700946931613 14.796984077979912 -2.77483182077411 4.373370110732695 120 4.279365817968916 862.9102947861471 5011.615333187734 4.670425862487007 62.30642138392328
1776678460.8703752 | 1 1 1 1 6 40.90015500263567 -72.35000652108059 5143.250473075148 -0.7688641330320041 -0.8074127866831473 12.460514542384788 2.729668343619915 -2.5714750456211766 120 3.9739315513653732 859.4383999582205 5147.711720518498 3.8538667526065753 52.87763429323048
1776678460.9743736 | 1 1 1 1 10 40.90017579437335 -72.35003515993056 5270.447523129375 -0.16211719155148074 -0.2819643584319662 10.173837399848697 2.2058654538630247 -4.635377881533004 120 5.071455606455194 855.2785533662568 5268.899577951109 4.982974412441746 35.132099651928456
1776678461.078372 | 1 1 1 1 6 40.900154515056656 -72.35003798944274 5391.726832891601 -0.855946880810672 0.8878940067530523 11.382206730541954 3.8599304555749043 2.7433729915662823 120 4.259473515251841 850.2934548568657 5373.914648654327 4.6364864030111255 37.762877142456325
1776678461.2063704 | 1 1 1 1 11 40.900156406724754 -72.35006450483438 5511.352671036096 -0.2643860156216322 0.7340234208579284 10.948384210753233 1.239123557699128 3.8830352695087917 120 4.851739512671852 848.5398833560253 5522.881228860328 5.087372183427384 67.26013183384805
1776678461.3173687 | 1 1 1 1 9 40.90019801315956 -72.35005125100624 5629.032916943091 0.7337625728416737 0.34656150967474275 12.281696875659181 -2.956624205778906 -0.5985130238820595 120 3.6524532095312474 844.1102790499043 5618.773099021295 3.615746085952966 36.83570177710238
1776678461.4223673 | 1 1 1 1 9 40.90016354037449 -72.35008086822286 5750.93378070043 0.03941008990242878 0.6458355395131505 9.27245669534428 2.7980491682779673 -4.583778092451512 120 4.137521938231061 840.3398793854383 5768.833357882714 4.416229357148929 43.280931131835445
1776678461.524366 | 1 1 1 1 10 40.900212085977444 -72.35009098415338 5869.472787709621 0.8070828735605045 -0.806591823942348 13.012565854467226 -1.0009224975344253 -2.7583890891707807 120 3.2156501714951817 837.1974931924357 5877.866009371491 2.7367913339303795 42.0384818161895
1776678461.6293643 | 1 1 1 1 8 40.900206455384094 -72.35012224534766 5994.398933498386 0.8147559562157072 -0.6276193852431973 12.463485943631435 -2.947741886792583 1.6546702976376828 120 3.2930013436699768 832.7237507054601 5989.2614645719095 3.350795959478204 31.90563019733589
1776678461.7333627 | 1 1 1 1 9 40.90016415184503 -72.35008134239004 6123.110114788941 -0.5784199924205933 0.9665529922163134 12.768297162627142 -4.029833985207186 -0.3022911289688839 120 2.1334037655854976 828.586764008631 6110.311526670627 2.2519006415470946 65.49360841156128
1776678461.8393612 | 1 1 1 1 8 40.90015433857687 -72.3501145455312 6252.454543051902 -0.5500251538530878 0.37663738805361713 12.828117423082315 0.18262402922437726 2.88915572140265 120 1.9744892112994463 825.4179484269133 6242.713280028335 1.9048098500004977 54.552050457715055
1776678461.9413595 | 1 1 1 1 10 40.90011404205721 -72.35008097443085 6364.849002841429 0.36742176484919953 -0.6632117660511845 10.954114726179004 -2.597525885804519 4.0485557981453795 120 2.370906216753853 823.0487832695222 6346.704210659752 2.743500758965294 40.3497026302644
1776678462.0493581 | 1 1 1 1 10 40.900153119582285 -72.35009268451661 6476.690152562794 0.5184980240988404 -0.36462191438422153 9.671755859533523 -3.694208869966593 -3.9034931403792763 120 1.1385370791160065 818.3518885183137 6466.688051557814 1.1900751244320715 50.70741222665795
1776678462.1483567 | 1 1 1 1 11 40.90014088783697 -72.35011387292757 6592.197187847742 -0.5535275625212694 -0.11321603259268498 10.231209501400011 0.25919647411543956 0.11535053583552024 120 2.395641335560079 815.3961662940741 6596.90134788627 2.2021377630915526 67.64402455733679
1776678462.2493553 | 1 1 1 1 6 40.900110099137976 -72.35014786808782 6708.349424874161 -0.45729394483432384 0.9019388587913846 11.291206861142602 -2.3327529831524374 -1.4671583976940927 120 1.1103464100980893 811.4031694923827 6702.754618053009 0.7402665774896593 39.08373458270577
1776678462.3493538 | 1 1 1 1 11 40.900076065628646 -72.35013335206796 6831.683310211883 -0.5149243222057731 0.09492592517582477 11.491755019095867 3.136511029896969 -4.474598490697192 120 1.17050371066596 807.4205387300108 6850.313457125572 1.166786062889447 41.87028624908824
1776678462.4493525 | 1 1 1 1 9 40.90003696043978 -72.35011823904682 6944.0718949002785 0.4149369321547123 -0.4148810958447373 11.747468301980987 -1.284713303808246 -2.0255425917878602 120 0.4722719752481499 805.4967740481246 6956.304661139793 0.12910233178608765 69.75216688142484
1776678462.5513508 | 1 1 1 1 11 40.90003875633983 -72.3500711964747 7055.101087636647 -0.5274751542586225 0.8152830468780159 9.165932665498982 0.5808982092892387 4.346693904982066 120 0.2791145153266066 801.2360933960673 7073.216694897755 0.05202490903386736 37.98111738068896
1776678462.6513495 | 1 1 1 1 9 40.900001906657145 -72.35007322763398 7171.261417723446 -0.9980151555506902 -0.887351668197141 9.48865514001697 3.4694880659615936 3.6436583163356406 120 -0.05517981044462461 798.347455254588 7162.2170771624005 0.15068924821407736 64.34234613838998
1776678462.751348 | 1 1 1 1 8 40.90003066553429 -72.35003416714132 7288.7917201269665 0.5558413354976817 0.7678336714044283 13.312507392043688 -1.2609174657211284 -2.7139663635818243 120 1.1379039806565485 794.3193810033374 7272.171987269083 0.7631465730076287 66.09279215863032
1776678462.8513467 | 1 1 1 1 9 40.9000361190816 -72.3500477233262 7399.916981830586 0.5583730244227596 -0.37350296403116556 10.462261374091575 0.203209608288196 -1.9369232636905198 120 -0.7535206562217025 791.731064236993 7393.910359902174 -0.7578748970721163 40.20634235766251
1776678462.9733448 | 1 1 1 1 11 40.90007912556183 -72.35009295590974 7529.42030586828 -0.5217808164077289 -0.5293784168273912 9.82100842199796 -0.0018375754159283275 2.774687313195999 120 0.4668374511007123 787.505731999192 7542.15443324019 0.8275663862183088 47.777906549701456
1776678463.082343 | 1 1 1 1 12 40.90012589098898 -72.35013565765179 7652.21542955111 -0.6906871531848715 0.28058289835589467 14.199603156347894 -3.058938566745547 3.737661322125714 120 -0.04995995743185033 783.6890581922214 7638.25151001783 0.41638985060462297 68.10674835100258
1776678463.1823418 | 1 1 1 1 11 40.90012514532316 -72.35016991293317 7767.761131397342 0.7691638838513297 0.4087407917786414 13.987267270622386 -0.36635828992537256 -0.759283022401414 120 -0.33477121746351735 780.2359334589092 7749.566095166833 -0.14421331708624563 69.52130501026707
1776678463.2823403 | 1 1 1 1 10 40.900078516426085 -72.35011999243213 7883.083742347076 0.0065646551743914205 -0.10300941074738912 9.709797873656898 1.7923056066955434 -2.2120267682102357 120 -0.8018387835227214 776.1700621938068 7878.007676993499 -1.019448752885157 66.372832758116
1776678463.3843389 | 1 1 1 1 8 40.90007891966637 -72.3501205254682 8010.770603280433 0.8746905504790985 0.8970360004904061 11.691805765484462 -1.203619726329329 -4.34997639549075 120 -1.0681444921938559 773.4389938525204 8025.922471476156 -1.4380513656020675 42.51051265725702
1776678463.4843373 | 1 1 1 1 10 40.900113102719345 -72.35016978061788 8135.422397955431 -0.09521839854769465 0.293685775261211 13.20156541630535 1.6249556819976387 3.88689286806043 120 -1.7131084222647917 769.0163060531307 8141.5570926459295 -2.0260604196381293 30.95199569654017
1776678463.6023357 | 1 1 1 1 9 40.90010058569259 -72.35014237180485 8247.247188640204 0.6818537355864336 0.006500756128464902 9.76302981023547 2.259995462595538 1.4576228325531924 120 -0.6469818964560885 766.0886046440687 8241.082315719299 -1.0666685527680144 35.45464484378763
1776678463.7023342 | 1 1 1 1 11 40.900141975352085 -72.35015080547518 8362.147032973597 -0.9112833639845757 0.8937088105253228 14.125942654171247 -4.511384158505098 -1.994257152979404 120 -1.8030929494691759 762.4650851202039 8349.445779146594 -2.229234143717259 47.38625272363291
1776678463.8033328 | 1 1 1 1 10 40.90016626555233 -72.35010852473043 8487.665830788383 -0.4575591946102493 0.02748506375103954 11.649467073013238 -0.2537044057807414 3.7256679252203657 120 -2.884070661699817 757.9428244411529 8489.404430059742 -2.7783307794311436 42.04268733888354
1776678463.9033313 | 1 1 1 1 7 40.90020620292109 -72.35009767313053 8607.358693601744 0.5599509725709064 -0.24644256293188938 9.991928311542956 -3.209362199673005 0.8938007295729102 120 -1.5830422492654943 754.7495492272596 8609.15131468079 -1.329715023771143 37.69862668694394
1776678464.00333 | 1 1 1 1 6 40.90023240972295 -72.35006536196269 8717.778641668367 -0.39932537007920166 -0.46832077072098977 11.790118039319225 1.832792812056578 -1.5115345272364387 120 -1.6998227676028448 751.8532775326803 8726.7040391117 -1.9292199488464883 54.28996648585439
1776678464.1043284 | 1 1 1 1 10 40.90018461608312 -72.35007899195907 8844.677447779777 0.7796509888561358 0.48968329475288064 12.907647951245908 4.790154565348045 -2.223789911873142 120 -2.2979320077221885 748.1729808350481 8831.595649631225 -1.8331300908809185 32.33835401503661
1776678464.206327 | 1 1 1 1 9 40.90014244776531 -72.35009892710771 8968.604647937085 0.9770325179805539 -0.45681859785167966 13.467049045634031 2.0274150174235714 2.9613809884952866 120 -3.7519568926707634 744.1287698913474 8974.826643438348 -4.157838514740579 38.73005057474755
1776678464.3093255 | 1 1 1 1 10 40.90017674673772 -72.35010304990207 9083.462556681914 -0.2784460906469459 0.9582149439535885 9.969753445592845 -4.272434683461569 -1.3986141883666159 120 -3.6535854123031744 740.2360369745907 9067.559720092991 -3.455289777136709 41.34144815219343
1776678464.4113243 | 1 1 1 1 6 40.90018535046713 -72.35009170450364 9200.687919911945 0.2868343325053302 0.7247340802120272 12.440249176660473 2.0783767733438765 3.276300021825591 120 -2.7230066151949712 737.7559064666186 9216.271797142095 -3.0385409279402475 54.348127200583626
1776678464.5143228 | 1 1 1 1 11 40.90015453268368 -72.35007422400568 9325.471398264259 -0.32576929890241413 0.6272539753534982 14.64150249588997 3.569670955498399 -3.7850400178310393 120 -3.8879127939155853 732.4700449323864 9342.222310567035 -3.961288788570342 49.78436165642691
1776678464.6153212 | 1 1 1 1 9 40.90018196771644 -72.35010002586036 9437.476283756492 -0.23837296661027962 0.281731065498773 10.164842661271601 4.397682657989627 -1.878768188446176 120 -4.527025181497828 730.1127816009013 9432.696055197039 -4.667805683997124 32.314412814358874
1776678464.7283194 | 1 1 1 1 12 40.900203981002775 -72.3501050120478 9550.09677862208 -0.8824304212740273 0.8583371452338018 12.079786455040491 -4.637590311963392 4.030250331556099 120 -3.4535802738517516 727.2648110844412 9561.183769330453 -3.6652754498726963 65.30932204778142
1776678464.836318 | 1 1 1 1 6 40.90021367789671 -72.35013075880835 9663.744666696493 0.0421499086883359 0.011035296876775291 11.968232531450312 -1.1860922063590085 -2.832476354372162 120 -4.493602500640964 722.3504137987477 9678.064583708072 -3.994767176890295 56.264604319339746
1776678464.9403164 | 1 1 1 1 6 40.90017708106326 -72.35010301768966 9781.217474479863 0.17434736281700092 -0.7402303142070079 14.656725188756162 4.163254112543136 3.849666089918916 120 -4.679067713981573 719.1451962642332 9791.627555538262 -4.423735560039751 32.475372760370306
1776678465.042315 | 1 1 1 1 12 40.90018351774036 -72.35013165441985 9905.861532485917 -0.25505013022949785 -0.8018810998722361 11.962675685707731 0.9441009840477035 2.5977635273455277 120 -5.260071108308814 715.4140287528508 9893.319015948315 -5.7178596399309845 53.49053481010607
1776678465.1453135 | 1 1 1 1 6 40.900209649606055 -72.35012685880795 10026.39278814958 -0.6662162328756176 0.8408536140927285 11.342094342508975 -2.192950630106508 2.785590370621833 120 -5.14863157592883 711.5315177077047 10035.21686631514 -5.282870594982248 68.42951629945459
1776678465.247312 | 1 1 1 1 6 40.90021265694665 -72.3501250821198 10150.423348808868 -0.44925111660992223 -0.337334231579973 12.34406341538794 0.9511842444291707 -4.487216038828009 120 -4.718362294180122 709.4630357520809 10140.707098588173 -4.765274237573165 30.237895465936653
1776678465.3643103 | 1 1 1 1 9 40.90018188595097 -72.35013742657611 10263.386777174233 -0.67635364675051 -0.9839466848991711 9.195826564543863 3.5200065498114856 3.4120796481619013 120 -5.611721227868802 705.0007100929818 10252.629757113504 -5.906969786768581 30.263903849978256
1776678465.465309 | 1 1 1 1 12 40.90016128327418 -72.35014172758859 10385.55047612093 0.6866523776107323 -0.3350189694439687 11.315701837545266 -0.751406643731082 -2.7159005058512076 120 -5.911848049748136 701.9699474023861 10380.710143972106 -5.705983169251918 51.01401764031581
1776678465.5663073 | 1 1 1 1 12 40.90012713406101 -72.35011693751717 10505.229149730249 -0.44542137682664107 -0.1947542996459537 10.381270060420904 -3.858358601874298 -0.8950682750105692 120 -5.5212998889827105 698.7892606757332 10496.672233877978 -5.615067734827337 60.44548444699056
1776678465.671306 | 1 1 1 1 6 40.900130333910454 -72.35013291710511 10634.436131586792 -0.31803229849659287 0.40260837433544205 9.658029299796649 -0.930191729091133 -1.2728879582872832 120 -6.748924897885717 693.8166614262823 10623.697512718692 -6.901649690196027 61.16127980906473
1776678465.7783043 | 1 1 1 1 6 40.90009191929513 -72.35010821930604 10760.839451747308 0.9786762080513924 -0.3256480219360922 12.356141048803607 0.9446559364474725 -3.6356407164086613 120 -6.00560057777664 690.539326033761 10767.040813003909 -6.0689788050402775 33.34607865860844
1776678465.9023025 | 1 1 1 1 7 40.90008669474058 -72.35006175422376 10889.715047990403 -0.5294559582674796 0.817287460578473 13.343355299196984 -4.493340032741921 1.5070896819899646 120 -7.3819320342292025 685.5095729833606 10906.752086028926 -7.302488293219435 67.20273950991316
1776678466.0033011 | 1 1 1 1 9 40.90012364209477 -72.35003169811472 11017.22413610568 0.5265307545184346 0.8562642368246931 10.563350295621193 1.7322120494715199 0.029003484510591093 120 -6.706825340120609 682.1319471929644 11001.415484904197 -6.9922421777859185 50.1456372009019
1776678466.1032996 | 1 1 1 1 7 40.900168537481754 -72.34999050755657 11130.239949741965 -0.5515006526230697 0.060515828874119215 12.142069539436992 4.564230828327789 -2.1190012435153784 120 -7.374235147982105 679.3069642900416 11139.434906576998 -7.465082831458984 38.66520291765832
1776678466.2042983 | 1 1 1 1 9 40.90012728276764 -72.35002997987809 11260.023464467642 -0.29328455274305854 0.16621960875184372 10.809177816813206 -4.8093145965121975 -4.570490527176676 120 -8.135172537681218 675.3717152512361 11258.01494636236 -8.407789980313488 43.160540792079175
1776678466.3042967 | 1 1 1 1 11 40.900154228202624 -72.35005343865816 11379.257630649758 -0.394177970240182 0.30522157148260987 9.302089028686611 1.6323183239771053 1.8623925842440912 120 -8.280943495554075 671.6558440511425 11360.291452167543 -8.651093632495183 31.592557735149327
1776678466.4032953 | 1 1 1 1 8 40.900124735308495 -72.35001238784113 11505.845200918026 0.7567123006534506 -0.23211273201014482 12.325961589596313 1.5709053114108817 3.1707966091821795 120 -7.846673800355061 668.0864948466449 11505.928538123137 -7.3619866916006815 55.5145799222194
1776678466.5182939 | 1 1 1 1 8 40.90010609197183 -72.34996558452366 11622.217091543382 -0.2028851952241617 0.8920081900929901 10.64377345197857 4.242516219390366 -2.0564496143417332 120 -7.800154069838594 663.6165341976749 11624.744471749984 -7.713395745142383 38.333991688507176
1776678466.6202922 | 1 1 1 1 9 40.90010112474669 -72.34994209712312 11741.457709095102 -0.7890394875618247 0.801703107001345 10.567781709360386 2.2527133164106283 -0.9493282235555345 120 -9.468735734552341 660.479745229693 11752.180278197813 -9.54290652806411 65.43508463818944
1776678466.720291 | 1 1 1 1 6 40.90007435395008 -72.34996435843719 11862.130423939678 -0.62902253146531 -0.8017990936262793 11.768592508789292 3.7637762738096363 4.96099302649251 120 -9.36587585604454 656.5204292670226 11862.896110452542 -8.896450001913754 44.593140885103814
1776678466.8202894 | 1 1 1 1 11 40.90009597469146 -72.34992768121124 11980.066053141869 -0.8200638206798265 0.3633149286882855 11.883719627519618 -4.971512316097803 -2.3207603889340334 120 -9.827168245168426 653.0576704285677 11971.882621060102 -9.997572604673728 47.62562911447089
1776678466.922288 | 1 1 1 1 12 40.90009530210029 -72.34994538965746 12104.057014942178 0.5890875345975084 0.563361876296397 11.896971694495758 3.7854281476744163 4.905689025319052 120 -9.683930453307095 649.2576171921012 12088.94545339277 -9.534142035352941 56.66776616493718
1776678467.0232863 | 1 1 1 1 10 40.90005445973996 -72.34997339287396 12231.48577193775 0.15438227100721558 -0.4831302467473264 12.890861170128002 0.4390602276885627 3.671821065141758 120 -9.969592067199786 645.1550871612901 12239.601767107557 -9.528098529856006 33.72669335484574
1776678467.1262848 | 1 1 1 1 7 40.90010294571708 -72.35001997535014 12361.336339680012 -0.5867237891355759 0.32784211280271003 13.822435701177024 -0.12725024420985687 -0.7336314809669533 120 -10.076935022921264 641.5468473753026 12350.945194140548 -10.542729043083547 41.20737882389784
1776678467.2402833 | 1 1 1 1 9 40.900134992419844 -72.35000380300188 12477.111411999605 -0.3342963030035344 -0.5289129042788083 14.056193357460165 -2.2684812853733707 -3.252068306091255 120 -10.230151672232088 638.6527785321698 12471.5051319764 -9.793526641151205 39.42709036280112
1776678467.341282 | 1 1 1 1 10 40.900111741449564 -72.34996113832246 12600.294299278301 -0.4399663739340185 -0.6544697092605312 10.388114432592468 0.3353081036884076 -4.559756111933484 120 -9.31555072130793 635.6227593880793 12617.828538130176 -9.389112889780906 68.82974533631705
1776678467.4432805 | 1 1 1 1 6 40.90006391308495 -72.34991268640947 12718.869156180546 -0.1700409889017862 -0.42641243819611185 14.737381501812965 0.9724332829780877 -2.6850731201889735 120 -10.58724894546414 631.8367061352884 12726.388259773632 -10.844288812527923 47.065658679304086
1776678467.547279 | 1 1 1 1 6 40.90010424713284 -72.34994616021928 12837.320179175877 0.6122108838048059 0.8339407275195512 11.258904304387839 -2.0239125196663252 -2.164094549739355 120 -10.414084232581867 627.8156568221897 12854.871165824721 -10.31608854112537 53.71559737543747
1776678467.6492774 | 1 1 1 1 10 40.90013434597013 -72.34996053058944 12950.719568554727 -0.9468152018585945 -0.33463044960826593 9.766793532463813 1.8985446353685562 2.8576375118889263 120 -10.2106468703038 624.8087201565053 12955.677453200627 -10.287997501126863 33.4628824235338
1776678467.7682757 | 1 1 1 1 9 40.90016169298402 -72.34996138105318 13078.122160872914 0.8906086718574213 0.7300803444318091 14.891638057765707 -0.6296895675377652 -2.095939199096791 120 -11.744388363222502 621.1512967568965 13077.662370335458 -11.848732372018482 42.28963147675924
1776678467.875274 | 1 1 1 1 7 40.90016361935676 -72.34998388304288 13204.797473177632 0.8999331346884931 0.580110507369173 11.481307848926072 -2.7107593255836426 4.851394977139336 120 -11.327621392070894 615.8726483959067 13198.0650234602 -11.309057017021528 61.84402289739138
1776678467.9762726 | 1 1 1 1 11 40.90011595807533 -72.349977211226 13325.59040090905 -0.3754957648346815 0.9893848813962394 10.484393875490637 4.250779495903194 1.2603575239666434 120 -11.588867399551834 613.480235732274 13333.999573380366 -12.005623860742094 58.67720721706725
1776678468.0782712 | 1 1 1 1 12 40.900151980228834 -72.34998096152528 13455.429296122313 -0.6864789202478458 -0.9938968033626137 12.613275032143694 1.6365716190692714 -0.7683632821706432 120 -12.775089730271247 608.7641098083498 13467.727797457657 -12.481670963214073 68.71085506790205
1776678468.1772697 | 1 1 1 1 10 40.900128148306884 -72.3499566334878 13570.011357677202 0.8421233640771812 -0.9404914442470085 12.823234480613735 -0.8452223915637411 4.0370068809679385 120 -11.530678254043425 606.3328710359799 13584.829304279625 -11.54984554911648 69.33639155963054
1776678468.2772682 | 1 1 1 1 7 40.90012011545796 -72.3499166351197 13691.840640643619 -0.8020314308181511 0.7856941936924746 12.665140334389164 -4.172227303219662 -4.562481438976826 120 -13.23276337151296 601.510637814359 13695.006622438028 -13.116962471490957 37.73144735555408
1776678468.3842669 | 1 1 1 1 6 40.900133088591765 -72.34992908712461 13805.483998219432 -0.045264043802377474 -0.3389651182267508 13.302712172945778 3.3246208537536965 -4.921072578685983 120 -13.188909710265783 599.3631608802283 13803.569929702648 -13.661540435267725 58.05084865098896
1776678468.4922652 | 1 1 1 1 7 40.90011296312869 -72.34992705442473 13925.646824033645 0.09991814925502629 0.46122686823298786 9.86683437656526 -3.9387055453365183 0.9452268633669991 120 -12.892928041504867 595.5492151561242 13945.160126016537 -13.072250718540307 68.78197655830243
1776678468.5942638 | 1 1 1 1 8 40.90010022497827 -72.34995881795919 14042.10323007965 -0.9055473206935905 0.5393469246702176 14.578436501649808 -1.758793028026131 3.3435640404501026 120 -12.670644366464723 591.5031998916911 14058.944003761182 -13.146428447600817 46.91421263367205
1776678468.6962621 | 1 1 1 1 9 40.9000758696769 -72.34992332569031 14165.428326105322 -0.41408399372145244 -0.1665856622692503 13.43867814125312 -4.46999054965487 3.7571011368974574 120 -14.076937484535128 587.9690345069718 14182.013813464115 -14.28738201436924 38.095014771285705
1776678468.8002605 | 1 1 1 1 6 40.90010120198282 -72.34992161755912 14292.240085650212 -0.6209274990454752 0.6043012672759251 14.263347407602222 -2.084830072817484 3.894245458333481 120 -13.06259454576805 585.105768197092 14280.838906270596 -12.758878995546194 59.12691955836298
1776678468.903259 | 1 1 1 1 9 40.90011496645001 -72.34991179205288 14422.123336781402 -0.020640456206823643 0.500544155335549 12.940841938073834 -4.212329683625024 2.109555764262855 120 -14.314548482001538 580.6534675376598 14441.471052642963 -13.896342070626078 45.63048390032819
1776678469.0132577 | 1 1 1 1 9 40.900110746929684 -72.34986609401622 14534.667755136823 -0.511080003565727 0.39413706502052737 10.754412784978642 0.7790254420075353 -0.07191366462369153 120 -14.320677530457353 577.6321004311525 14514.80079614797 -14.650473805466234 50.64219787972413
1776678469.115256 | 1 1 1 1 8 40.900107151167155 -72.34988031986289 14661.97735209185 -0.657417025956839 -0.996474196668258 11.990638445523587 0.38471268230428457 1.6852544866565013 120 -14.314140081247423 572.7378912641858 14653.15506941774 -14.755863144631897 50.22190978205194
1776678469.2212546 | 1 1 1 1 10 40.90007348912835 -72.3498811046208 14777.21700285176 -0.22110186007448163 0.2625998907156448 13.874375818212403 4.270552295082977 1.3000085506526897 120 -15.540630093982118 569.5351082392591 14783.416618418767 -15.471636415177793 46.976671252779994
1776678469.3232532 | 1 1 1 1 7 40.900121024211444 -72.34992548305803 14890.684497650243 -0.8951569247402191 -0.1469014574869183 11.389657671534001 2.8681992145872304 -3.75545766406273 120 -14.677464235098938 566.8386341276935 14903.806634585335 -14.508327960764575 69.82804214853704
1776678469.4242516 | 1 1 1 1 10 40.90011228945483 -72.34988005867763 15010.737848901972 0.40164092202854196 -0.8982201504166865 9.185158841886675 4.736134505573448 -0.5831696421995547 120 -15.524310457505633 563.3987841954685 15001.567839189354 -15.852695072989782 69.64501529901615
1776678469.5662496 | 1 1 1 1 9 40.900094206467486 -72.34987339104237 15135.187360200607 0.9932629693022312 0.8389099758757057 9.722158508233726 0.01175937505055824 -2.096500110965076 120 -15.115339087933627 559.867045065337 15139.081243643102 -15.14381823847654 33.1698488018038
1776678469.6682484 | 1 1 1 1 9 40.90011818840751 -72.34982661590396 15246.589656308237 -0.5125938677351345 0.7876137448909963 9.171680165161106 -4.451871538373828 -2.3618198483866895 120 -15.87448712296809 556.3858722185212 15259.337773977175 -15.51070276266811 49.41692854448567
1776678469.7732468 | 1 1 1 1 7 40.90008584388008 -72.34984750711591 15359.679782915511 -0.953372539642569 0.5372007913683654 13.356335555194022 2.757616636807536 -0.18750172573064283 120 -16.238156114391323 552.3690033871065 15350.381522217154 -16.184283913382384 53.62084289980634
1776678469.8762453 | 1 1 1 1 7 40.90004075988799 -72.34982144319991 15474.88110269823 -0.128379614214005 0.24617335622462289 9.303632533039387 3.0763399308889774 -2.3417456706462856 120 -16.131247783506986 549.5143586465035 15459.013078118856 -16.536579692211784 56.05582316183088
1776678469.9792438 | 1 1 1 1 7 40.90003220399133 -72.34979295405135 15602.461897511017 -0.7601433527497701 -0.47825104534181584 13.824306644877584 -2.7653154514381817 0.9146637836652403 120 -15.355093355678976 544.4555532559851 15612.410589028705 -14.99485967600353 43.27199776184826
1776678470.0792422 | 1 1 1 1 9 40.90007739870245 -72.3497443141986 15729.210124900845 0.08738838005203942 0.4202238179126361 9.451882866154966 0.9663385073437158 1.046135682818969 120 -15.916351156656123 541.542663045672 15733.489591420595 -16.1063464347913 62.961209030927606
1776678470.1782408 | 1 1 1 1 12 40.900092212693075 -72.34969573329816 15844.882495240481 -0.6466986938645953 0.4599835657171889 12.595771581747954 -0.6304978866228055 0.2853832469065001 120 -17.598670388844496 537.6445290681095 15827.840162575461 -17.980789260852738 51.894034319912656
1776678470.2792394 | 1 1 1 1 10 40.90008072438482 -72.34967919510572 15959.28087485708 -0.6369929839866355 -0.3128312440649508 13.283880662055925 -0.3047502495214296 -4.790267257751175 120 -17.075938248290434 534.223024269822 15970.021817055678 -17.09514466936038 57.690474191074365
1776678470.3802378 | 1 1 1 1 11 40.9000367563929 -72.34971344289744 16070.063562585618 0.10068147592792664 -0.08613948226746193 13.349915427992466 3.6285909974408277 -0.2421425070658758 120 -17.244277894370303 531.79872251868 16063.65607133408 -17.652321314370006 52.44126443885574
1776678470.4812365 | 1 1 1 1 9 40.89999250329632 -72.34967487397739 16188.137051766962 0.5095292767466484 -0.752615962599404 13.339416462532316 -1.6964121687100264 -3.090913378207972 120 -17.706112090785453 527.9563222613981 16175.714610565205 -17.38793242641655 57.36476273277611
1776678470.580235 | 1 1 1 1 7 40.899988783342266 -72.3496641130228 16298.732577336834 -0.05378586319734224 0.02946437672060931 14.846474722686523 0.8581239553064606 -4.827393585921222 120 -16.986904353158216 523.0940079998435 16292.000422152554 -16.920521126897604 41.5649445879922
1776678470.6872334 | 1 1 1 1 12 40.89999322441747 -72.34962974733489 16424.670679070925 -0.8250716567035201 0.6351029297834965 12.134423439933387 1.971392305460963 4.511251133671147 120 -17.07842849734072 521.2544244662593 16405.18566292481 -17.258108807607815 56.240006009599625
1776678470.799232 | 1 1 1 1 7 40.89996469673961 -72.34966520905674 16544.68237670931 -0.4239669935055397 0.9288060500221789 10.950226386355391 4.589848985313916 -4.828691737269377 120 -18.844607348161126 516.6506107267215 16547.272770092266 -18.49418641923683 58.07000970137278
1776678470.9012303 | 1 1 1 1 8 40.8999201956428 -72.34966364392062 16656.090449417658 0.7569050997133124 -0.9268520438069128 10.89032298084261 2.6422681310666984 -2.738201322699622 120 -18.564802333286544 512.8716495823 16660.78210397266 -18.365534342883777 59.26187130544143
1776678471.002229 | 1 1 1 1 10 40.899941911987824 -72.34969709720292 16779.603701192267 0.21772788265734078 0.20197531621770493 14.097370359151208 -2.652658562631145 -4.898350187194759 120 -19.256428466254217 508.67036010510617 16785.25100573754 -18.81643970866954 39.88976638887351
1776678471.1092274 | 1 1 1 1 6 40.899964595808896 -72.3497223215144 16687.554395017203 -0.5765047035896405 0.19675201834314304 9.321532279586208 2.9197916498733196 -1.4603214164893972 -90 -17.625136354461493 511.57189881282204 16679.210098158597 -18.1138791178226 56.982739991658626
1776678471.2112257 | 1 1 1 1 6 40.899936291727855 -72.34971108045028 16591.448842384085 -0.7177113497744279 0.09962748509349262 9.84593580292889 3.7090272983441093 -2.7827146035236194 -90 -18.94944629350045 515.5947096032564 16589.01787151738 -18.717091225797944 37.10337687271285
1776678471.330224 | 1 1 1 1 11 40.89993708256882 -72.34974159257638 16505.506740472072 0.3013961827856815 -0.24489654642732184 9.46180973042299 -1.7973248998150937 2.905556514879965 -90 -17.0679486518163 517.6690786025089 16498.361576571217 -16.864803876893856 62.797865624524704
1776678471.4342227 | 1 1 1 1 9 40.89998374388621 -72.34974429123002 16410.246396705636 0.14957483636757285 0.28621471482440475 8.140076277672776 -4.291673836465183 -4.9880305457536975 -90 -18.666443831689616 520.8251409540172 16415.862330927277 -18.585029172851826 38.960555155364865
1776678471.5342214 | 1 1 1 1 6 40.9000205943029 -72.34972120618846 16314.108362757399 -0.5906059372452754 0.37748213823319277 8.436643014883602 3.689984202436614 4.560831658347269 -90 -17.636010529426642 523.2997488079435 16321.220280517126 -17.602690284405504 30.55402599192737
1776678471.63422 | 1 1 1 1 9 40.900031206102234 -72.3496899473442 16217.903109562656 -0.3408658624779841 0.5654103844923042 9.233292748873804 -0.8496897283741109 -1.3808045026692972 -90 -16.83659522566511 527.2838893476904 16199.229772814946 -16.826912093620003 65.68428872936082
1776678471.7342186 | 1 1 1 1 12 40.90004352665442 -72.3497258627889 16133.788207995913 0.7168150580249859 -0.5737850194587337 9.796731286220174 -2.760810648346511 3.8823424253372902 -90 -17.162708659310514 529.841320603267 16116.532492586493 -17.526570281434026 61.9547034116934
1776678471.834217 | 1 1 1 1 12 40.90003745017276 -72.34973737465276 16047.100340259072 0.7764905083403812 -0.7804482847675849 8.348304159385957 -3.5592281832897465 -1.0480510240045602 -90 -16.198345965064206 531.6090003349788 16042.690721763047 -16.120647995434364 33.6957643470484
1776678471.9342153 | 1 1 1 1 6 40.9000317403038 -72.34975025867242 15963.71511282397 -0.12812787752417032 0.16229648209183556 8.222836315516446 0.22557183739412867 -2.1429588373743904 -90 -16.74843594698228 533.1173733591844 15944.379178976802 -17.239484010386036 61.46863780462401
1776678472.0342143 | 1 1 1 1 11 40.90000707162059 -72.34977233726725 15881.688651922224 -0.6930825162843897 -0.5035102686061557 9.167234391862372 4.921153464678763 0.09859475716680244 -90 -17.506222921186694 537.4864240833466 15874.331112286694 -17.09661972478521 50.69113857830054
1776678472.1342125 | 1 1 1 1 11 40.899999152919 -72.34976487699997 15796.9724630462 0.2532304180501448 -0.3755094432563606 8.665603183072875 2.451557240764223 -1.55625424741027 -90 -16.56437793577004 538.4743201246621 15778.287123033497 -16.528625728953028 61.53647600342049
1776678472.2362113 | 1 1 1 1 6 40.90004439181177 -72.34980837234545 15712.98309212311 0.7925915516924082 0.3834817786932301 9.620653465802652 -2.7951949214970018 -3.250816495644653 -90 -17.3810350783811 541.9529227072624 15700.025738966011 -17.637442104122318 41.146775568574455
1776678472.3402097 | 1 1 1 1 11 40.900052213603615 -72.34985044128872 15625.561490170414 -0.41563380854879894 0.21950755429061952 8.125817607180002 0.8950561640463626 -1.4148261422486796 -90 -15.761931081384825 543.4995713916384 15627.950191143107 -16.19328364109324 60.253917296097356
1776678472.458208 | 1 1 1 1 12 40.90006472856957 -72.34988701686994 15545.323077123365 0.09307366272315609 -0.45142537674794614 9.737998725322168 3.689995623395067 2.5259507252351145 -90 -15.340072626047895 545.9564575658151 15536.592461862458 -15.481504950674857 55.91060409471561
1776678472.5682063 | 1 1 1 1 7 40.90006428144685 -72.34991105727097 15453.675063583176 0.07698548713221665 0.35360331514584353 9.95119257457072 1.6435830406355159 -2.002424227038965 -90 -15.310098250580506 549.2389560292714 15463.761856158128 -15.285034440853142 41.40246977556072
1776678472.6682048 | 1 1 1 1 9 40.90010811092002 -72.34987590410815 15368.197461462642 -0.5355265916113492 0.20092760869575543 9.353691866780654 -3.7897052050195814 -3.2316541601498616 -90 -16.661943012738796 552.8212155081131 15372.732558091024 -16.874513898813987 52.32133695638055
1776678472.7672036 | 1 1 1 1 12 40.90010861485892 -72.34983804807807 15283.603681840685 -0.6368616109526022 -0.13233168243991922 8.38900167292012 3.972859106794493 1.466881729274081 -90 -14.66402336454634 554.1732326448564 15288.89027339373 -14.511130672034856 54.7594652836228
1776678472.866202 | 1 1 1 1 7 40.900156332379346 -72.34983540938295 15200.863800977553 -0.36717981377932585 -0.6599944662420558 8.543827131806507 -2.262365432212178 3.5035616208498315 -90 -15.371540344269302 556.3233589655117 15211.60681310765 -15.022621230498848 57.24151368154817
1776678472.9662006 | 1 1 1 1 11 40.900131071953496 -72.34987036618666 15113.99551176631 0.3709913397150342 -0.3648833923212762 9.77306082640755 1.4195902225139552 2.1665139409558787 -90 -15.336048461587712 560.2709066540115 15117.185400538994 -15.63276449767163 58.27819448378388
1776678473.088199 | 1 1 1 1 12 40.90011694188344 -72.34984000727701 15016.83667384921 -0.49710971843856067 -0.4674986882546881 9.76796803204128 -4.694417516984829 -2.6857922432950443 -90 -14.389835653612149 561.9337551814248 15009.204478768068 -14.37472464743948 57.25922194810723
1776678473.195197 | 1 1 1 1 9 40.900136938646256 -72.34982141328607 14917.302624732287 0.6724025454688731 0.6176379107884749 9.26632022239849 -4.86297768148315 3.0985597282265527 -90 -13.97876344280262 566.0804368468685 14901.283826529683 -13.701306455854922 42.90124614835592
1776678473.3031957 | 1 1 1 1 9 40.90010838890636 -72.3497971897332 14828.702930685145 -0.6522028109722671 -0.8274038906304639 8.623057924568629 1.0496230560307795 -1.9084156562696175 -90 -15.64841584922173 567.7453276862517 14814.403514805086 -15.98473711046298 38.038872491764565
1776678473.4031944 | 1 1 1 1 12 40.90012489373439 -72.34978985046688 14734.386085010132 0.5438990831775687 -0.0027903299284537386 9.968786363496289 4.038983570073308 4.365478238778488 -90 -15.363273599689858 570.0228148951439 14722.812966479656 -15.32445788265911 68.11140022971881
1776678473.5041928 | 1 1 1 1 8 40.900090980889246 -72.34981706704286 14644.209414935365 0.7465592826626384 0.5226091725535618 9.052696591604922 -3.996388861836495 4.415260926515982 -90 -14.391791116600881 574.1614690694173 14659.780077250884 -14.819006757538917 48.6193904319441
1776678473.6491907 | 1 1 1 1 10 40.90005186480843 -72.34986033193135 14559.565176101076 -0.22231075019956625 -0.3970853713617184 8.338548929165647 2.352929424103083 0.4434977080811162 -90 -13.658758198174299 575.9827763243576 14550.395935656212 -14.018707106586143 50.051065045632605
1776678473.758189 | 1 1 1 1 6 40.90002857147402 -72.34989800315337 14462.542295383979 0.19638528719708148 -0.75762003655978 8.842642122346206 1.4893963302268158 -4.6659366495201215 -90 -13.492573752028541 579.3627559083975 14462.575105318687 -13.216373687024099 64.07869742668773
1776678473.8611877 | 1 1 1 1 8 40.90006292755298 -72.34991799973902 14379.823847842968 0.2326331234189476 -0.6034292436066828 8.307682444233986 -4.240794711376071 -4.329759638622459 -90 -13.967708288644053 581.2451167910664 14378.655162953639 -13.626956769701874 51.35165741222569
1776678473.9601865 | 1 1 1 1 11 40.90002411563543 -72.34992140704819 14284.924731942856 -0.545948092695905 0.19002075701158905 9.165381214521252 2.860821735794282 3.361972379063115 -90 -13.352978032624302 585.1867664670082 14289.578448276876 -13.073347722364243 56.41076951371083
1776678474.0601847 | 1 1 1 1 12 40.90006339862416 -72.34992207406253 14196.189124537595 0.9861263344277076 0.7747161217642091 8.803704106943318 -3.5218727394254525 -2.3440280400802083 -90 -13.590856640998583 588.0433637691802 14199.030871156887 -13.54820299707336 50.98092678765825
1776678474.1661832 | 1 1 1 1 6 40.90011132325192 -72.34991242964746 14101.3811595629 -0.48401267857076347 -0.5566128313862995 8.39209743969868 -1.3176495334201688 4.542334338624244 -90 -13.204032405037088 589.4421980400508 14083.628210167988 -13.327256937013638 60.18580819145389
1776678474.2921815 | 1 1 1 1 10 40.900150724723396 -72.34991130892166 14019.846955682495 0.22149150062468403 0.052326197958832976 8.189199651631533 -3.1530253275105435 -1.1161277273210346 -90 -12.067278264053886 592.8583173902923 14006.885254916553 -12.556317151995996 63.7628572463182
1776678474.39518 | 1 1 1 1 12 40.90019087751575 -72.34992326257564 13936.707603082612 0.5806238314119887 -0.9233339485675192 8.415362283709161 3.432698357299561 3.25935911567554 -90 -12.857392847133815 595.5520221880192 13919.591172632883 -12.443677457406956 35.68631579879889
1776678474.4981785 | 1 1 1 1 7 40.90018551405282 -72.34996874288947 13837.538080988525 0.423005610243564 -0.5171152237472108 8.618428878196415 3.715188813976342 -1.190073841179724 -90 -12.291385830053382 597.2320762873313 13850.6937151998 -12.106061539365127 49.08882081673106
1776678474.599177 | 1 1 1 1 10 40.900195825999305 -72.34997224589836 13752.740224843516 -0.9025592872671089 0.7111342189066296 9.477528026175092 -1.0931192597032213 -2.1255367081839216 -90 -12.68598231912005 600.1467396418426 13746.451096264556 -12.43724004023507 49.584587391731056
1776678474.7021754 | 1 1 1 1 7 40.900220968298164 -72.34993899527193 13659.09004354473 0.5881414310476503 0.7976836160996748 8.942861934514314 3.4539211932847618 3.8407004224174877 -90 -12.088926279297862 603.2476277075998 13641.236822740817 -12.38375280982652 42.2908225831962
1776678474.824174 | 1 1 1 1 12 40.9002669957885 -72.34993333271788 13570.42667171883 -0.6684841030028743 0.3774198264546764 8.335500431093088 4.042246644722869 -3.76804166781879 -90 -11.579913183299624 606.6749850669678 13587.329955057772 -12.079680235158843 31.80343566653006
1776678474.9271724 | 1 1 1 1 9 40.900281001988674 -72.34992125727307 13471.60173138028 -0.9206063253294106 0.3571579570867809 8.317025686233247 -0.4779487317131892 -0.3224349632368382 -90 -11.83668520162421 607.8704098140994 13475.952297578611 -12.14075374221321 40.86123652572621
1776678475.026171 | 1 1 1 1 8 40.90030083987138 -72.34991165267577 13377.53707918886 0.7130843680809142 -0.7667236619543385 9.20575322642186 -4.358035406081772 -2.338115282326525 -90 -10.952110304839392 612.4809950864818 13393.739265501805 -11.269743058291194 57.600715192202685
1776678475.1291695 | 1 1 1 1 6 40.90034116140151 -72.34996068912763 13280.335354796627 -0.570621619737046 0.5244415338726569 9.389594689101777 0.6463149931047871 4.160958563012533 -90 -10.849147150538997 614.1700356812529 13261.535182307423 -11.273581944935424 52.512162788822344
1776678475.231168 | 1 1 1 1 6 40.90032807018418 -72.34991645527317 13194.966738087636 0.6915030385324987 0.3456988455063026 8.291063453166249 -3.8261980828338515 3.9120188376376053 -90 -11.163256684973613 616.8309432475311 13199.90642736105 -10.97204341917396 53.67566732818465
1776678475.3341665 | 1 1 1 1 8 40.900341010976454 -72.3499276922988 13103.463768527852 -0.7278740291815269 0.444825621364362 9.92505089166379 -4.799703207742006 0.044150755868984426 -90 -12.147358647432442 619.4284940743148 13109.101802528607 -12.334458534672455 50.624089379125905
1776678475.448165 | 1 1 1 1 11 40.90035595559244 -72.34993231294989 13016.899192177632 -0.27481061826046127 0.6858341140733386 8.557210420173924 2.934307646872556 0.8871843107494657 -90 -10.50520131411748 621.8730507714954 13011.01801937998 -10.008873443043365 47.1039320914352
1776678475.5501633 | 1 1 1 1 12 40.90034025337036 -72.34989307652597 12932.65837603834 0.11385178615527547 0.5000169596940862 9.087048200421275 2.6087662949179684 4.324713701814403 -90 -10.723743336431651 625.9221409944498 12918.242196619707 -10.287508662974787 53.61098150572988
1776678475.6561618 | 1 1 1 1 6 40.900324970501764 -72.34988754206529 12844.965035316864 -0.2246864614160311 -0.1493434574870791 9.379623599063459 0.12735733125095372 -3.4342874527707545 -90 -10.632685565533967 628.0885826797095 12849.645969604653 -10.370486766825499 67.85098331648194
1776678475.7551603 | 1 1 1 1 12 40.900294179131784 -72.3498952014028 12760.583514080621 -0.18536837477032098 -0.04851483424989822 8.117341311751376 1.794438809940278 -1.4534231592117228 -90 -10.531908046176873 629.7488372193817 12754.20661503929 -10.89670822434857 53.75035526442209
1776678475.8551588 | 1 1 1 1 7 40.900255178907834 -72.34990894662812 12661.518723997979 0.5550839375005707 0.6039706688743882 8.045434041764594 -2.902199254446457 0.5389300206684524 -90 -9.771784533987326 633.0763879611744 12656.523861539188 -9.800794068675401 56.15317500883317
1776678475.9611573 | 1 1 1 1 12 40.90020880119209 -72.34987132893642 12565.781719081522 -0.17593928923113267 -0.3204176192060515 9.870469109284931 3.200223978271559 0.22565306481102176 -90 -10.005142123547044 636.7782549042499 12548.11242892885 -10.22134428467199 39.903882504112346
1776678476.0601559 | 1 1 1 1 12 40.90022708056394 -72.34989417999125 12478.727501975685 -0.643330754816847 -0.1227147337436274 9.935394010779671 1.093305885010155 -0.01743929226160823 -90 -9.589505733320099 639.1076697288878 12491.401056785367 -9.114122727418108 39.11938529525794
1776678476.1611545 | 1 1 1 1 11 40.90021933397141 -72.34993339229824 12390.831635513996 -0.1374204344077774 0.48704216109577203 9.127170192559968 -4.553348414420676 4.854410521362535 -90 -9.612141388088732 641.0305228676236 12402.276278327132 -9.856647484552832 55.0909123753633
1776678476.262153 | 1 1 1 1 11 40.90025988489179 -72.34992537705276 12296.063836462525 -0.660540823352552 -0.560077505119055 8.069325696770278 4.168706741804259 2.170598921917647 -90 -8.902206638752103 643.2427128753773 12298.716550655448 -8.809204023481701 47.29773662676057
1776678476.3621516 | 1 1 1 1 6 40.900227166057284 -72.34994222891501 12206.30484627974 0.9196650391861603 -0.9891993165227424 8.300359886485792 -1.2167575337193504 3.67207003676398 -90 -9.483770362461247 647.2138719885108 12216.346081829282 -9.215621157669146 33.46931757477402
1776678476.4611502 | 1 1 1 1 12 40.900209818167 -72.34996157983404 12108.42365435889 -0.9453711227322352 -0.6534793730444937 8.056880764139478 -3.286984146593311 3.491450313814795 -90 -8.700390624344974 649.8331178905951 12122.98335517495 -8.54518639936699 50.28484754584045
1776678476.5611486 | 1 1 1 1 12 40.9002217276683 -72.3499764006767 12013.358136866 0.8083371291431931 0.417421569246172 9.177680605767868 3.7933726087207535 0.11636613186135758 -90 -8.305116181911579 652.0496037435798 12002.645408862287 -7.930979424824416 38.411045320566785
1776678476.6621473 | 1 1 1 1 7 40.90023207170296 -72.3499418123572 11920.255535382199 0.12408788565498097 0.19366598561897264 8.362411979521264 1.3578243252042865 3.528857032725446 -90 -9.317838018199614 656.2890928099736 11910.937135032867 -9.462883502093753 53.929746339114516
1776678476.7651458 | 1 1 1 1 11 40.90021754948103 -72.34991408508735 11839.234809818949 -0.04729683463907697 -0.08424007296431668 9.755273134202785 -1.1379681588075066 -0.005177953947369751 -90 -8.82700459423019 658.4765136296503 11836.077096189012 -9.045798396451662 55.41995642048283
1776678476.8661442 | 1 1 1 1 8 40.900238399637864 -72.34990605236075 11753.331905019304 -0.41655026345913093 -0.4340453893737548 9.961182654294586 -3.7983153544834583 -4.247544917031222 -90 -8.519370152799794 660.7562998986648 11735.276421067838 -8.548770993065537 58.53770760262906
1776678476.9681427 | 1 1 1 1 6 40.90020074244385 -72.34986394302827 11653.874504386931 0.4314743406208783 0.5945966852108244 8.862830881377832 -0.24090592148122614 -3.5398121054940814 -90 -8.957497020644176 662.6512210290306 11634.340723320383 -8.73733152690254 35.77669918746269
1776678477.087141 | 1 1 1 1 9 40.900200296208425 -72.34984852374751 11559.897363255533 -0.2045183523682088 0.22653861559879762 8.678875263267175 -0.015036036929134688 1.1014297553466248 -90 -8.594162245486665 665.5141409000156 11540.119470566424 -8.419742313916498 42.64023752258757
1776678477.1891396 | 1 1 1 1 7 40.90022695028099 -72.34988200541687 11474.134616587682 0.34701921938527747 0.233338939637884 8.194080262522762 -2.0961390135480364 -0.5867039142290782 -90 -7.096065495940033 668.3488939280877 11472.617991719879 -7.189044687524026 41.36058210622424
1776678477.2921383 | 1 1 1 1 6 40.90019587782532 -72.34989955171075 11374.526073021634 0.38575711528009804 0.46513520463404 9.32573201264676 -1.0418372139878738 3.903375387209959 -90 -8.062010728403475 671.9105245600691 11387.541833679992 -8.483507543604702 40.5724306727947
1776678477.3941367 | 1 1 1 1 10 40.90020592972221 -72.34988014008844 11292.209088663572 0.26087057214587905 0.7255384193909622 9.126792334270496 0.5113362686353682 -4.754004387509225 -90 -8.162691118428974 673.5353053810063 11272.745889108053 -8.415831946625465 64.632394778359
1776678477.4961352 | 1 1 1 1 8 40.90021494470979 -72.34983619991176 11203.137238846166 0.09098290204808457 0.6059609838322797 9.751110459830759 4.117885798313193 -4.922614542885513 -90 -6.7741573362124345 676.9807713456488 11183.619894513338 -6.769574744449525 47.621494411031236
1776678477.5991337 | 1 1 1 1 9 40.900171798933215 -72.34984934284486 11117.602421545565 -0.29815211713170564 0.05865263424724687 8.62969630153446 0.2957604890971801 2.667584142875759 -90 -7.597291176697773 680.4573513780609 11130.571801050204 -7.1466346552503275 51.76632072300969
1776678477.7051322 | 1 1 1 1 9 40.900122996633314 -72.34987742859025 11026.174861879892 0.3675776894373004 0.06370034761080312 9.260150801593264 0.6803646189572596 -1.6616562037472504 -90 -6.157597932486004 682.4916072083089 11010.919070844695 -6.36232102268073 30.731980159205136
1776678477.8081307 | 1 1 1 1 9 40.90012037028763 -72.34991443107258 10929.327335948943 0.8166021379428419 0.5505792460191281 8.66121178230654 -2.621851938294796 -3.1002230779647078 -90 -7.680007883394943 684.7500831274173 10922.273840691494 -7.386242903531752 33.7658777079595
1776678477.910129 | 1 1 1 1 10 40.90014303962127 -72.34994557287185 10838.356548023425 0.7932601337789593 0.7944603793635805 9.386857432944216 -2.3960714551582516 -0.4073491249058927 -90 -6.57623463851546 688.0421324792184 10842.818323376181 -6.079655675671983 45.73359038613514
1776678478.0141277 | 1 1 1 1 7 40.90017731449534 -72.34990230634645 10740.7455992024 0.22569412745025508 -0.4915797910757185 8.505429309176053 -1.6327050311948934 -3.9234664967796773 -90 -7.435365976058922 689.9393209844048 10732.146672789837 -7.020834998450044 69.27181854979446
1776678478.1191263 | 1 1 1 1 7 40.90015263816683 -72.34989513703006 10644.122035813358 0.4570966125175189 -0.38904557603073586 9.77528766142959 -2.550136510486972 0.23410005956217095 -90 -6.3786493887753775 694.3488628057767 10646.672159200089 -6.198903670805002 31.857439015363997
1776678478.2231247 | 1 1 1 1 7 40.90016840117347 -72.34992922866836 10560.932311800905 0.5085489266007099 -0.1316808879678939 8.677890611382567 -4.674516062711901 3.685955306464498 -90 -6.424160183282826 695.8783733876696 10541.509706097911 -6.348335100705141 59.84870690543801
1776678478.3241231 | 1 1 1 1 6 40.90012684301587 -72.34991161647858 10469.689310324236 -0.5327723738708441 -0.7940670921459174 9.623101285669433 -1.1885650296155417 4.726330138309638 -90 -6.029751723091445 699.2916085515245 10483.936692200454 -6.428495358608429 67.14151515846677
1776678478.4271216 | 1 1 1 1 10 40.900160453359064 -72.34991401125522 10379.278047084475 0.44327499695812866 -0.5565453465964854 9.723717069375086 -0.4543058532087496 -4.364050265666897 -90 -6.273255803374385 701.8534922095355 10383.634910105167 -5.873352763513417 54.10726123663465
1776678478.5281203 | 1 1 1 1 12 40.90011790116024 -72.34987731033831 10281.18570167966 0.13516876730232408 0.2656283273721496 9.969750906798392 0.022419024819996025 -1.7741850976559101 -90 -6.141576184660341 703.9759869120568 10277.280985676525 -5.7587158353918815 68.56709544914415
1776678478.629119 | 1 1 1 1 6 40.90012311366621 -72.34989131984354 10183.158812097226 0.9526844916026644 -0.18355197320202166 8.05907565291563 4.204122248013375 -0.5885522912449392 -90 -4.5353903285492585 707.1574166176594 10177.19247599295 -4.530624776929483 40.66506410982754
1776678478.7301173 | 1 1 1 1 10 40.900113800659895 -72.34987656543946 10099.922854809063 0.9693752937777449 0.9478818671460896 9.911808321584394 -3.608738350937073 -0.7833466553350155 -90 -4.401660682186764 710.6648657508825 10100.833318536012 -3.998240741877214 50.50759344095654
1776678478.8391159 | 1 1 1 1 7 40.90014477384037 -72.3499248650511 10019.042948697206 0.7133240202662166 0.9076177602080284 9.021094320725126 4.17020872703649 2.534925861902268 -90 -5.614826564238322 712.8465055045335 10029.283960155282 -5.713273230929829 63.31659372147172
1776678478.9391146 | 1 1 1 1 11 40.90017840472744 -72.34997348580906 9938.757717877334 -0.6966708142026345 -0.30463039808221537 8.978382495218687 -1.340574039644824 4.996110615270002 -90 -4.785460138183863 714.767152936605 9946.489959395853 -4.798805593595601 34.835831287307315
1776678479.041113 | 1 1 1 1 9 40.90014864939545 -72.35001659488408 9852.798824510188 -0.06372410971601594 -0.8201151920250633 8.893948615350828 0.26846710691132536 -1.6948960718575288 -90 -4.363914626074287 718.2367165114713 9869.246260231075 -4.419553409577116 31.47633117002203
1776678479.1411116 | 1 1 1 1 7 40.900175330273655 -72.35000029234612 9753.821886791779 0.2602627909205182 -0.7666058022036737 9.256666205386557 -3.1622485972021352 2.255430689711819 -90 -5.284943871294291 720.5698653506778 9746.798549992416 -5.599863792816086 48.219032970209355
1776678479.2401102 | 1 1 1 1 9 40.90019413117069 -72.34996282952045 9654.482719138832 0.17335056910352886 0.343163134019699 8.86020090536685 4.246043308340843 -1.5285568775070124 -90 -4.581553330602993 723.2225601896791 9642.290159125849 -4.493168534066776 43.674710780346004
1776678479.3411086 | 1 1 1 1 11 40.90019933493511 -72.34995795196905 9560.908270407203 0.3737350208077044 0.5537415211080967 8.583517909759435 -1.2142744014990257 -0.5309339578149448 -90 -4.378413056988919 726.3687411546636 9546.734331300366 -4.869808808701265 63.24068698300201
1776678479.4641068 | 1 1 1 1 10 40.90024638286649 -72.34996350265858 9463.231633062653 0.7319913053788338 0.6903959616931306 9.779594911089326 1.9009504194501652 1.1986012334598461 -90 -3.1179012111648596 728.4393030952342 9478.36239968695 -2.903891317063424 59.53534239474716
1776678479.5711052 | 1 1 1 1 10 40.90026022307408 -72.34994799996028 9382.175647465927 -0.7207200548634807 0.49522083136245354 8.635102233202009 3.5074268106987123 -2.9032943574166037 -90 -4.008941985287688 731.6658681550048 9385.327415689471 -4.469314166771633 54.56344993936324
1776678479.6731038 | 1 1 1 1 11 40.900299037737994 -72.34999535568825 9294.037964775189 -0.8826857912079118 -0.23603254900840454 8.038409203527937 1.749924944770294 2.573480003946292 -90 -3.8640171218460986 734.5750287476175 9302.34373421204 -4.309563235006873 37.48059043225775
1776678479.7751021 | 1 1 1 1 12 40.90032321110664 -72.35000433608242 9195.413299763542 -0.8695468603762617 0.8598652283376684 8.669225636584352 2.139806942363035 -1.4739304149764996 -90 -2.936886482861956 736.5506516947614 9204.27421156486 -2.931827120023327 66.99234461557728
1776678479.8781006 | 1 1 1 1 8 40.900339642269465 -72.34999542735959 9112.86353253232 -0.5168126434456382 -0.6891433746182769 9.391002270854493 -4.351578052002505 0.5821776257368239 -90 -3.0855417920334824 740.4869800273487 9113.239486108847 -2.6556163760919658 33.01246471916003
1776678480.0220988 | 1 1 1 1 12 40.90029626090603 -72.34994765621879 9021.593652767608 0.3071927029597892 0.9794463034427656 8.069222645746132 -4.045332971739269 0.3745292449149451 -90 -2.0985811272961543 741.4480610267 9018.758598806977 -2.3276120498328643 65.11670224901152
1776678480.1230974 | 1 1 1 1 12 40.90029967961275 -72.34998693995996 8937.77520078554 0.9820293757355107 -0.35560898581736433 8.772472950668483 3.0944829760091626 4.4895367018435195 -90 -3.427216055679372 744.8297398030359 8937.517759880799 -3.7507450674257696 33.567360411203424
1776678480.2280958 | 1 1 1 1 6 40.900256187336 -72.34995526282827 8844.426177316323 0.7892597348726282 0.13911277505342268 8.802026435518648 -0.16195477046105022 1.3585158119927385 -90 -2.1404948118328275 747.7617802475885 8830.28227838457 -2.0553184319080646 34.35173722610261
1776678480.3280942 | 1 1 1 1 12 40.90022244111004 -72.34995844921534 8762.191342045964 -0.33569641200363276 0.7071211383641269 9.399855172666149 -4.301203750079847 -3.016139915872661 -90 -2.994974383630951 749.9927097229316 8758.447435733076 -2.527678769997272 61.55840217042781
1776678480.4300928 | 1 1 1 1 8 40.90025291497154 -72.34995757707334 8677.313255903804 -0.4137274044117938 -0.5994565825886049 8.161134123233614 2.586413057140935 4.053249355826727 -90 -2.3849590227703645 753.3658185254293 8667.112226240437 -2.259139042185371 54.977818166676215
1776678480.5610912 | 1 1 1 1 11 40.90020554663114 -72.34994232284505 8594.602520267568 0.7249845081642701 -0.732632836003716 9.099224196166608 -3.9507944988723676 4.900251188112728 -90 -1.4113035299777004 754.2248457545478 8610.114355600905 -1.0473683245222767 53.02897474878432
1776678480.679089 | 1 1 1 1 8 40.900199168801194 -72.34991253768766 8509.681152334631 -0.8893425028767445 -0.14325273582914377 9.083690320015512 4.809468159449388 3.8349831059901565 -90 -1.212166186884529 758.3928689955992 8522.294420196295 -0.9206348231143275 31.043474439228508
1776678480.7780879 | 1 1 1 1 8 40.9002425907456 -72.34995484596027 8410.44059470897 -0.3900259184868544 -0.999013595012626 9.438773796807759 2.171618494672268 3.1536152549101484 -90 -2.1802163634264375 760.7400745720056 8413.638162945977 -1.848464626199054 64.85007370259663
1776678480.8780863 | 1 1 1 1 7 40.90019636512823 -72.34994719423787 8315.662568310807 0.23083397407081008 -0.8019765682528375 9.747806619582425 -4.895624756681212 -3.684428116379178 -90 -0.8296262534763363 762.9889809034444 8311.994861167295 -0.4116921555711357 42.258924774370215
1776678480.980085 | 1 1 1 1 12 40.90022872590993 -72.34989992390635 8230.917136078944 0.8691957184240471 0.23924134175649758 8.105184887885056 -4.833670241209914 2.631870396650772 -90 -0.7418303809900599 766.1860112382633 8244.609064749156 -0.5674850779308085 40.68621298664631
1776678481.0790834 | 1 1 1 1 9 40.90026565317984 -72.34992326454768 8131.731892343735 0.8799718445722764 -0.17856429580180033 9.72993251614053 2.4023359404518896 1.4125857652937022 -90 -2.219021895246567 768.1379468919621 8123.673655732616 -2.4860538203827605 55.266286197147885
1776678481.2000816 | 1 1 1 1 6 40.90026871735923 -72.34989255792264 8046.327745701782 -0.1953156268547671 0.9190248145564228 9.531181660194088 -4.545160650916809 1.879366875838321 -90 -1.202820698214283 771.4877573132405 8063.724494347141 -1.1790371410966243 67.77705721158381
1776678481.2990801 | 1 1 1 1 11 40.900291850975606 -72.34988902480062 7957.212509950763 0.23758921796549015 -0.30023046111453655 9.788268871315715 2.6456812455376255 -4.084657411235806 -90 -0.8760227625254073 775.0813677594116 7948.085120897577 -1.1978604094511307 48.7432360790773
1776678481.4000788 | 1 1 1 1 8 40.9002773729527 -72.34985776711292 7863.415981827495 0.6466406801488538 0.8650125317172341 9.338165986730342 1.165777466683413 -2.549057118236584 -90 -1.0716726309417792 776.3466175320941 7878.307105810671 -1.4811826096882996 59.28001752927369
1776678481.5020773 | 1 1 1 1 9 40.900283223897084 -72.34983761354017 7768.595887272428 -0.8665591976231666 0.9888748276206885 8.33877718885483 -0.751669098596591 -4.761821048219382 -90 -1.2261682154806641 780.3223359454447 7749.583320764672 -1.1160264874385923 57.21842041047657
1776678481.6020758 | 1 1 1 1 6 40.90030789417703 -72.34981818046742 7677.247693055508 -0.4985460544292404 -0.9231136672930345 9.276425419893108 -0.5475834899559162 -4.405454213944626 -90 0.2015659786909676 782.1484518394453 7674.356149944208 -0.12701295474096252 64.08151483363238
1776678481.7020745 | 1 1 1 1 6 40.900320255950774 -72.34982881657896 7592.059468115548 -0.4218099509421631 0.3782037069820987 8.321962230266 0.058667629991711046 2.2375645117912217 -90 -1.097543013731966 784.946170802221 7603.103970734131 -0.9826841461246449 42.04743125408061
1776678481.810073 | 1 1 1 1 6 40.90036138758417 -72.34986385630945 7508.435255622529 0.7409890177080607 -0.9810264088663545 8.415420177965041 -0.12053147033488187 2.7311577125660325 -90 0.8550819572167621 786.8247235649826 7511.198055612095 0.5443013571926851 45.68797459327406
1776678481.9130714 | 1 1 1 1 10 40.90039848856227 -72.34986425191151 7415.135806721319 -0.29201486179829095 0.7622923561489177 8.619551186874643 2.9508150165040536 -3.835904278936014 -90 0.038122136716300714 791.4200264556031 7401.4976870457685 -0.05834615221570094 50.47531962610115
1776678482.01707 | 1 1 1 1 10 40.90044066472852 -72.34981621667679 7323.907523193318 0.9270602578409273 -0.8778597669166681 9.843547793490615 -1.1734514410081545 3.756274116503377 -90 0.5246146721163247 792.505691321275 7329.652528305519 0.9202980793871856 60.73084677702094
1776678482.1250682 | 1 1 1 1 9 40.900404990142285 -72.34978247244976 7232.263786701367 -0.3866751807147262 0.7730605287008443 9.828747955239102 0.7627918871318933 3.428865219737114 -90 1.0162305936672553 795.6548014459481 7229.6471080403735 0.806444185393238 61.766753949795095
1776678482.227067 | 1 1 1 1 10 40.90037198050021 -72.34979727374335 7147.771416237503 0.9383430497957719 -0.17509636200797885 9.903638421527567 3.9667156491148923 -3.5980398745461653 -90 -0.22629467219575683 798.8969599504478 7148.103608525175 0.0410395461934977 54.14419599319462
1776678482.342065 | 1 1 1 1 7 40.90033792397775 -72.34984336562663 7057.410418196501 -0.8327989623947436 0.9450718027028835 9.756661335349676 -3.8812276758967923 4.807134423617253 -90 0.06576746137169232 801.5600413036104 7039.227371898095 -0.13078632776088117 36.34303514196649
1776678482.4440637 | 1 1 1 1 9 40.90031436097434 -72.34984356456873 6969.390021563709 -0.007466356130497953 -0.06346938449561024 9.420878743402227 4.762329380739866 0.8134791101269254 -90 1.2738175999008468 804.5446694239403 6971.913571393399 1.0342027134290945 49.53299209216988
1776678482.5460622 | 1 1 1 1 10 40.900265833343525 -72.34983386848131 6872.61229667819 0.20182511721305385 0.250456459204641 9.95486637889508 1.9009424979792247 3.7458003873741745 -90 1.6077612587423444 806.4567557628077 6885.040777446153 1.618574618223974 62.30125030944767
1776678482.653061 | 1 1 1 1 11 40.90030828523643 -72.34986500944869 6779.930346020589 0.1656568784043715 -0.045441339369169276 9.013470269380994 -4.472024356271827 -1.6105557828956552 -90 0.52985491805085 809.5312689489612 6763.247105633481 0.5040815249113686 46.22174742424322
1776678482.7540593 | 1 1 1 1 6 40.9003420288084 -72.34991380781162 6694.312083460069 0.6653046640849052 0.8045726297686362 8.617386742601381 2.427748526917151 -2.4760019826379507 -90 1.181681742331324 812.5699979546615 6690.588354863557 1.0211983467619403 31.18669313082102
1776678482.859058 | 1 1 1 1 6 40.900350404769256 -72.34987069006138 6598.840044722854 -0.9533458533490657 0.7972863873955247 9.998969147335616 -0.10360002317842376 1.010682163104435 -90 2.644056346487604 814.7484268394302 6601.701410183355 2.4929708634993095 61.8824861075278
1776678482.9600563 | 1 1 1 1 10 40.90034105121646 -72.34991952091869 6499.255472436405 -0.023711622517244013 0.00843004894461341 9.902879677974385 1.9017194149552585 -1.092787554137531 -90 1.9481988401008823 817.2425647796556 6496.3610214200235 2.232745868135329 34.57817622371583
1776678483.0620549 | 1 1 1 1 11 40.90036777646725 -72.34996702009578 6403.046537245222 0.553167842117789 -0.7764458583946205 9.31403385559318 -0.7141718689941765 -4.02689292323121 -90 2.3541226033226783 821.3092079698357 6418.890262735765 2.5167417295106698 55.345769183997085
1776678483.1650534 | 1 1 1 1 10 40.90036481888988 -72.3499773273464 6322.429908517836 -0.49080475635969467 -0.06394762631181616 8.881585786131563 2.865943423159618 0.45898433001034356 -90 1.773573288500611 822.3427344180578 6307.532876766347 2.16034712330971 32.485014021319685
1776678483.267052 | 1 1 1 1 12 40.90035194102412 -72.35002067585373 6240.685640835014 0.2664409431896382 -0.9912108026072244 8.998242145744399 -4.307467062291814 2.8961484870973155 -90 2.2309850859599063 824.8311912921108 6242.336210501886 2.150689415245754 47.37251433541256
1776678483.3680503 | 1 1 1 1 6 40.90037189341212 -72.34998472461756 6154.0863897015215 -0.6310267845060029 -0.24382394201404023 9.841419555323704 0.8158424730797078 -4.232494687812167 -90 2.3922373911664474 827.7464701952549 6142.713743475349 2.2261979720832823 42.26532783829663
1776678483.4940486 | 1 1 1 1 11 40.900407115448296 -72.34994014946056 6066.431068042332 -0.4396669058070979 -0.32959158584412385 9.583955745409627 1.088478759246927 0.676327090115616 -90 2.206378268985178 831.5690280866455 6078.4348153798255 2.416475388179372 63.74955215464838
1776678483.597047 | 1 1 1 1 8 40.90037570654142 -72.34998199969615 5980.404581210077 0.6648092939535191 0.6204219885117181 9.702415256777833 -2.5873786477434866 -2.5776634082754333 -90 2.6105345037032563 833.4965763157393 5964.965005747978 2.8284080561932354 30.64224142178623
1776678483.7010458 | 1 1 1 1 12 40.9003847027753 -72.34999669238925 5890.104452040042 -0.6509848704032313 0.09857223793448444 8.91372890689616 -0.25130295706166006 0.9046991836937623 -90 3.773321972896628 837.1591840691539 5877.496613072731 3.7442815551735187 37.68212986681195
1776678483.8020442 | 1 1 1 1 7 40.90039975183349 -72.34999721847757 5794.030237997149 -0.1209018522727443 -0.01216895688225561 8.684305320751632 -2.16665012626011 0.29886093309235484 -90 3.2545036619905066 839.8743131010293 5791.044268752573 3.7333825811735624 43.50973208344225
1776678483.9050426 | 1 1 1 1 10 40.90037912510982 -72.34996630459968 5700.357322864732 -0.43326823500048683 -0.4547670154440373 8.993251962540798 2.556484462092227 0.1529200566711335 -90 2.823329664679945 841.5145770374423 5704.414083233794 2.716933541965849 38.52117607701155
1776678484.022041 | 1 1 1 1 8 40.90041668796847 -72.34998522104759 5611.402138033711 -0.8052841262974235 0.8147386414715747 9.574326025831903 2.867517321522394 -4.656013282621338 -90 4.0201217306783885 843.9960079763607 5611.859071852555 4.14446410769568 57.945007455960315
1776678484.1330395 | 1 1 1 1 9 40.900399288004614 -72.349993168787 5514.80080359108 0.008881314149649544 -0.44090053411765084 9.709227404178744 -1.3936667009296135 1.8456564748576252 -90 3.9882148064911984 848.2096598708418 5534.650198171821 3.584868835900404 42.39921424873431
1776678484.238038 | 1 1 1 1 12 40.90039077110878 -72.3500383826631 5424.839104297495 0.34606978676146705 0.7747910484575642 9.601873144132409 1.5898789026096205 3.513382761618903 -90 3.60829759354636 850.4663456459599 5439.718859052961 3.5857253512942235 33.78809323555607
1776678484.3390365 | 1 1 1 1 9 40.90037333347481 -72.35006293200327 5341.833939497928 -0.5942573586812339 0.9751667362088818 9.069167993025493 -0.1475438725594671 -2.960474478458891 -90 5.017788564175739 852.3490485931734 5323.5761886490545 4.931426133424554 39.445098855144515
1776678484.443035 | 1 1 1 1 6 40.900333821636806 -72.35008199661583 5259.415036189687 -0.8020024175192917 -0.18662812888353564 9.530302833460578 0.19648768469419764 3.097486479909474 -90 5.0475767399368365 855.9764527683898 5260.92530628532 4.986787902673573 59.32656771603768
1776678484.5450335 | 1 1 1 1 7 40.900374328907915 -72.35011663390898 5168.970080121081 0.5420764190884546 0.7928018767035903 9.06042886551089 4.9196794155656445 -4.2687021606853515 -90 4.586779488544912 858.7436397254922 5185.25452581932 4.128165262231718 54.67185092854095
1776678484.652032 | 1 1 1 1 9 40.900367715822796 -72.35008992627328 5069.8216304420885 -0.197021486497585 -0.8679102837831882 9.154624070412822 -1.2670867974771927 4.801058652307642 -90 4.010026317092122 861.0204628406892 5052.722197709317 3.779672906564665 66.31562863124424
1776678484.78003 | 1 1 1 1 8 40.90038201635148 -72.35013142517028 4988.252630947028 -0.02138796459380954 0.4259449385064986 9.253196282260765 4.012270893542546 -2.181218822740382 -90 5.1004134366794265 862.9796471024061 4991.618432712057 5.225076902667408 56.96907997924557
1776678484.8820286 | 1 1 1 1 7 40.90036414209703 -72.35010840693134 4890.742919529945 -0.2441232561739819 -0.6924851759758557 9.081806257377412 1.4967191868397434 0.4266816086999148 -90 5.028447317839949 865.8851446968439 4897.431236495817 4.72631895233313 56.72818497776007
1776678484.9830272 | 1 1 1 1 7 40.9003208306189 -72.35011211070922 4803.823469374675 -0.8812507968116932 0.7423261340484804 8.25629744396589 -0.44841126633763295 4.225562477976295 -90 5.644599689492111 869.2940808668335 4796.823869443752 5.400804296620795 66.38522991142207
1776678485.0840256 | 1 1 1 1 12 40.90033218399238 -72.3500675646494 4705.846720587531 -0.38160465691642065 0.8311956535271945 8.068115372456784 -4.605357249530413 2.0844049038480117 -90 5.609476443966367 872.4680369130875 4688.379814319987 5.236249006390015 69.20145811447995
1776678485.1840243 | 1 1 1 1 10 40.900341337636775 -72.350056248508 4617.60846743499 0.2699295659752978 -0.990425404299716 8.340084016662683 -0.7917068527843876 -4.673966266001257 -90 6.7533220130720615 875.4209525991846 4615.30375485985 7.12595822003103 38.052468621905845
1776678485.2850227 | 1 1 1 1 12 40.900303244087134 -72.35007985701874 4524.547292120576 0.9911554343997306 0.22881641061096314 9.247939998686581 2.8109488286230624 -3.5771228825007673 -90 5.176751218695398 876.8921891260034 4521.677901691595 4.9469707734089825 64.94488175754245
1776678485.3850214 | 1 1 1 1 8 40.90027354771708 -72.35010704148037 4443.020906720932 -0.4102021065088757 0.6965225628539069 9.98254219826119 0.40659383431368745 2.1587374945277427 -90 6.663965058627372 879.4649071457956 4450.528611953102 6.636521231759671 64.62532844456295
1776678485.4910197 | 1 1 1 1 9 40.90029505936131 -72.35007436188377 4347.130505697715 -0.6042748457440896 0.5609780683729328 8.802224224934076 -0.5232772252917268 -2.4124575949364124 -90 7.171050804775011 883.5832362680578 4329.04095743888 7.573115974558949 32.51223186767979
1776678485.5950181 | 1 1 1 1 9 40.90030939616775 -72.35009721715242 4252.081815238068 -0.8474870733264668 -0.5282153228464672 9.950655577094404 -1.531469417377017 4.95075519189707 -90 7.281989332003666 886.1895793964849 4253.157710827827 7.715130940741711 37.271415641901996
1776678485.700017 | 1 1 1 1 9 40.90032841748829 -72.35009210265211 4166.113185747606 0.8508302170970226 0.12705606786788914 8.50011707695469 0.9395039791660036 0.36247421580664785 -90 6.58171278273086 887.6781687658513 4150.903567828424 6.26279717777981 54.888841771575361776678485.8090153 | 1 1 1 1 10 40.900046223327415 -72.3500164156019 1.873857619887351 0.18421010303321728 0.42561070211532237 8.041156998166533 -0.7153652188438819 1.0350077346155837 0 14.07499366054526 1013.8665700879959 11.789207510648305 14.308058366489536 37.44516885483894
1776678485.9110136 | 1 1 1 1 11 40.90000303726906 -72.35001384642537 4.028416794535615 0.9330044972341336 0.6624747305027026 8.333487911492227 -1.2011603385710234 2.6602676112280434 0 14.961345416246381 1012.1168944439686 7.644959105436469 15.292721627924795 37.66544512155627
1776678486.0130122 | 1 1 1 1 10 40.90004531550035 -72.34997004127074 4.90508944206007 0.08648121091007255 0.3364808748261203 9.013944074076411 -0.4487989341004708 1.1461742376378483 0 15.105327360632986 1012.5608118854897 2.293348682089582 14.783644197667453 37.36442564601908
1776678486.1150107 | 1 1 1 1 12 40.900026057036676 -72.34998853770111 0.47985810205126267 0.9188035637937524 -0.5733124386524027 9.632997023443108 3.4094916790333265 -1.2157656173376208 0 15.790267285892996 1012.2899538694124 17.46653291894418 15.799537634595655 63.38183238711029
1776678486.2170093 | 1 1 1 1 12 40.90007413116988 -72.35001020452877 1.133480080366327 0.15225621441782566 -0.2892857273165854 9.264970253379449 4.829011098368884 2.594664424716485 0 14.491126830949256 1012.5267509300608 0.06720042899613565 14.893416342206926 45.69172410716568
1776678486.321008 | 1 1 1 1 9 40.900090981980924 -72.35005810912597 2.814234088612273 -0.8959854075392981 0.42633090368294435 9.18079841435376 1.2738698997912188 4.869272593018074 0 15.96115446665246 1013.5392512722693 8.869816503231611 16.18797133990146 35.113519403576404
1776678486.4210064 | 1 1 1 1 8 40.90009680690858 -72.35010473998308 1.2822782476040195 0.4781859641327306 -0.4488876578971661 9.829029773917444 0.03421884705252154 1.178537266682281 0 15.713087414373346 1012.9987212639767 13.131365688495954 15.834161688469582 69.61555370634325
1776678486.522005 | 1 1 1 1 10 40.90011680638349 -72.3501032105449 2.393781371983957 -0.8362087293608911 0.05611074261496962 8.496874335466254 -3.286138252840831 -1.627524077596071 0 15.140346231134227 1012.5160577684727 -0.5639612967154211 14.684980085905956 59.78211857750182
1776678486.6250036 | 1 1 1 1 7 40.900128054195726 -72.35012116181049 2.1989600727148932 -0.12029739249135551 -0.1526061262204812 8.956601431993018 -2.0501253514739446 -4.544975908635109 0 15.917605210070953 1012.2574408514786 11.963211287285777 15.77650640958099 51.060480221001285
1776678486.729002 | 1 1 1 1 9 40.90016920584157 -72.35009569448223 2.521996456722066 -0.5453465253951622 0.09683449235902852 8.505299545228585 3.289926438456103 3.7623057058956473 0 14.784598111194931 1013.6213694022069 -17.428272858033573 14.494233500508805 64.29630010367342
1776678486.8300004 | 1 1 1 1 10 40.900207613118475 -72.35014411003363 3.366766534468846 0.18278882509684036 0.5293102102252287 9.69491318391666 -3.3848502751149647 1.7255679837530815 0 15.00259208556909 1013.5810318085056 12.639305281539096 15.267939820931431 52.1093359547126
1776678486.931999 | 1 1 1 1 8 40.900252294447036 -72.35011100439927 0.34449275081157027 -0.006306038708989714 0.23634502849122718 9.065862490010497 -1.9396640745528848 0.8300162244035167 0 14.346198236241184 1012.7124268152119 1.0965492620567743 14.417755853470991 37.74525679951029
1776678487.0689971 | 1 1 1 1 6 40.90020276525708 -72.35010239848481 1.505268096403423 0.9176610098248255 -0.5027805019469738 8.968607840353558 2.9284042923666656 -4.537297035916101 0 15.085406754536026 1013.3108814835477 19.969193034050985 14.916260440288076 36.95394724755739
1776678487.1789954 | 1 1 1 1 7 40.90024222129158 -72.35010045318454 0.045653593588030894 -0.09531742767803375 -0.5684930926545408 9.873247955411376 2.543501943448666 2.0302288891925944 0 15.562911422584442 1012.1056227595091 1.1732148319766038 15.366482813188519 59.2534055382101
1776678487.280994 | 1 1 1 1 8 40.90022254757058 -72.35006775330666 2.3585894614143648 -0.7648108810107528 -0.5032286687240901 9.02132806543347 0.6330170144718785 2.4405971510850595 0 14.212375004044368 1013.0222130625007 21.131160402497525 14.415657014389542 69.81502294373334
1776678487.3809924 | 1 1 1 1 9 40.900214043183844 -72.35010456850013 0.5400344951444047 -0.9301333305287218 0.9687057851246765 8.889292106162626 3.2540057661118684 4.565386545337823 0 15.217665954663378 1012.5887874818687 -4.618925027074764 15.364852056967534 52.717789975648
1776678487.481991 | 1 1 1 1 10 40.90018564725175 -72.35014523013143 0.8038446232760216 -0.6936656082408441 -0.6498582715666448 9.640529541150926 -3.9929456916360637 -3.746952486534969 0 15.734630051538987 1012.9489028961798 19.994791313741302 15.728112164327856 51.57042591560386
1776678487.5899894 | 1 1 1 1 8 40.900207242041596 -72.3501243720013 2.158719098660508 0.5408494390885723 0.9741479257081993 8.629714866293769 1.1936169844965328 -0.49645671297314564 0 14.08420123184873 1013.8475148335727 -10.363254257392445 14.168128907732159 39.63133636038259
1776678487.690988 | 1 1 1 1 10 40.90023005004862 -72.3501005900116 3.5943455521932055 -0.597451908413243 0.6768576221938103 9.148983357120391 -0.8240491427042773 1.0171918073101764 0 15.903757318511573 1013.6782119885501 22.502064783067574 16.30690819663087 59.70033666780621
1776678487.7909865 | 1 1 1 1 10 40.900210119701605 -72.35005106422733 2.2960418657506274 -0.31920921629084487 -0.23897917476399244 9.10227731725115 -3.178319985034419 -0.8784897957810136 0 15.945369014104482 1012.4468948517751 -17.180075968537 15.782583711846671 58.77138853659873
1776678487.8919852 | 1 1 1 1 10 40.90019787399576 -72.35009958183855 117.08686633669448 0.656142664562078 0.5046321235573612 11.47291391606868 3.326842488824612 4.776630095057824 120 14.036911813464446 1009.6004867808964 123.19108603090784 13.628156992577248 53.69645297226919
1776678487.9959836 | 1 1 1 1 12 40.900152670031424 -72.35014067431203 241.46159240189604 0.6202586593922392 -0.45317674586821677 14.759512624374223 -3.204328548284252 -3.7196109786254183 120 14.700801348099507 1004.7630317187154 251.79935717200445 14.634838877887773 31.4986599263825
1776678488.0969822 | 1 1 1 1 9 40.90019575840187 -72.35009458316684 366.127735816205 0.6550815751139147 0.7272344816361944 11.153074957384534 0.35567462241101033 -4.933458352257633 120 13.3884307933532 1001.4614562682581 352.4229106510143 13.882731769845375 61.317170399424725
1776678488.2029805 | 1 1 1 1 12 40.90021123113718 -72.3501258202263 482.5148472030801 0.34508439880685415 -0.19537219133989758 11.225553192616744 -2.571057731791454 -3.1153068127613412 120 13.902032876219627 998.5973912654218 472.5873496818667 13.788565310940681 60.04558878360728
1776678488.3219788 | 1 1 1 1 7 40.9002317523822 -72.350108121638 598.7980378028666 -0.42733319902372147 0.16196214103359652 13.542809924027083 -0.8575444280044255 0.6097036579473656 120 14.703220192850697 995.3834132166678 616.5228345367643 14.275796945571502 64.92383617170164
1776678488.4659767 | 1 1 1 1 11 40.90020815455521 -72.3501466811167 715.4251121776035 0.8898498844692029 -0.9518158696816412 10.913735652852711 3.0922373415646245 -0.4937727999839989 120 13.218854727854815 991.4154314166636 730.5980431440419 13.093341055525318 59.259697203914016
1776678488.5669756 | 1 1 1 1 12 40.90025216081972 -72.35018592453088 841.2978355780203 0.38385016059888355 0.27662930527053975 13.06043127793475 3.3415852405220576 -0.3136197373532612 120 12.932699216568702 987.6420603698076 858.0902225959624 12.718400649379634 44.58914232758977
1776678488.667974 | 1 1 1 1 6 40.900254940140975 -72.3501897984148 956.3677111256776 0.5412618013007202 0.8846863546408557 13.562226764749042 4.834270948548086 3.582642281745855 120 12.246864255793932 984.2981867590272 956.8957348080231 12.601960271542392 60.82619934202418
1776678488.7699726 | 1 1 1 1 12 40.90026667374865 -72.350232000631 1081.2043416037486 0.7252595924591638 -0.050655329646274616 11.876376490230903 0.06606349398070588 4.813195914119142 120 13.532262278983403 980.6545119118925 1093.7244185948023 13.754855176628503 48.44378824405698
1776678488.870971 | 1 1 1 1 7 40.90024345579769 -72.35024763532402 1193.3433048805896 -0.28491989391724304 0.6217777204932617 9.376142146721731 4.504744894548034 -2.7817302930181818 120 11.94855351422387 976.9315903767615 1202.9069614107984 12.1546965501249 49.54770533737076
1776678488.9939692 | 1 1 1 1 8 40.900205418883566 -72.35025053394739 1305.5618670692895 0.7775303614391011 -0.7871395711697897 11.342144656373348 -3.122002208879974 1.4508446252182141 120 11.593325042024905 973.9806273725112 1299.9471666609147 11.280580147269992 42.89086555148481
1776678489.1409671 | 1 1 1 1 8 40.90016949543062 -72.3502401939668 1422.4944557996143 0.9731198981822178 0.8513507657502535 9.120134896746032 -1.848297330879424 -3.4932656234546275 120 11.337737533751053 969.5420759148055 1424.486426697095 11.1909721974064 52.95247465162853
1776678489.2419655 | 1 1 1 1 7 40.90015679455942 -72.35025582455303 1552.4002849626338 -0.10519772185282017 0.8747356904802575 14.351276030053224 -1.4793190085145556 -4.916281562308575 120 11.574320364311472 966.4697360332431 1569.128535571507 11.608423196046882 61.221059648187975
1776678489.344964 | 1 1 1 1 10 40.900125380683285 -72.3502666098891 1682.1999420123027 0.9050313242362686 0.5805870573996987 10.29107215857602 -2.027306206274951 1.429596835651493 120 10.840758260335305 961.5928387569469 1680.4409682953683 10.451780675132177 31.099966643558435
1776678489.4469626 | 1 1 1 1 10 40.9001131751724 -72.35025717014159 1807.4766554226544 0.42298334136772 0.5226305555975814 11.725674514593917 -3.956935810114075 1.9550034292645826 120 11.897966968759157 958.1916368231041 1794.797599573137 11.861236961592377 45.54741357889503
1776678489.5489612 | 1 1 1 1 8 40.90014985115825 -72.35020770231183 1919.3912661632276 0.005871944666141049 -0.6664560072926042 11.32034662657501 -3.3239815519563596 -3.2518393878166374 120 10.33755381862792 955.3628027051464 1913.030244705153 10.602750095434658 53.202262355969
1776678489.6489596 | 1 1 1 1 8 40.9001132300505 -72.35018043722165 2036.7092274053684 0.36993275605285114 0.5573190832364714 10.839602146204866 -4.738146759043018 4.229488349084127 120 11.398404159065983 951.2094772045022 2056.557430939313 11.572709887223196 65.86697912977691
1776678489.7539582 | 1 1 1 1 11 40.900085182618014 -72.35019668362237 2148.7860307868823 0.0730834180309623 0.9825255622630056 12.981824939138239 -3.7887548893774934 2.2941903258636733 120 11.665379141042898 948.6965125557357 2147.7571104388862 11.453384809481056 39.022117819989305
1776678489.8569567 | 1 1 1 1 10 40.90006681536892 -72.35015610801025 2268.2538597349517 0.2930002362006947 0.21432031796662598 11.850173341933658 -3.670915220726595 -1.342464580987346 120 9.68250484653969 945.4101670477464 2281.2553857112557 9.18552436265839 69.56949143761005
1776678489.9619553 | 1 1 1 1 11 40.900042584602915 -72.35016690351297 2385.434338768941 0.5824730637233486 -0.07379078135278472 13.633627900558261 0.9724413463699939 -0.1286756314879236 120 9.951435999486797 941.85965667563 2400.2841150708487 9.753031083014676 64.15692275975678
1776678490.0639536 | 1 1 1 1 11 40.90009064808824 -72.35016795833866 2498.3876485722362 -0.37361724571069566 -0.39309429564424003 14.495669524237657 -3.3791003982161696 0.43820507824134136 120 10.352354757592266 938.2018332592061 2500.3896757933007 10.434742787860486 69.94803271596979
1776678490.1969519 | 1 1 1 1 7 40.90004296714252 -72.35013940111337 2616.1999772144236 0.025741477521237677 -0.012393863951607909 11.33407154603443 -4.715380567901929 2.9482073294262348 120 9.455964677528288 934.3934421858659 2603.960322535277 8.975727029148796 67.10336409095734
1776678490.3009503 | 1 1 1 1 11 40.90005710430274 -72.35016262807227 2728.997318014133 -0.19672871402825853 -0.9413413146000631 9.187565885681481 -2.803231473604859 -4.857484979659121 120 9.437825749960263 930.7624785739358 2710.0615264336 9.416101498670399 43.225646689454095
1776678490.4059489 | 1 1 1 1 10 40.900077758020586 -72.35012175620324 2843.00487182732 -0.3626376590931073 0.4002400889818649 13.526393050960554 -0.5490731321114595 1.1011850413856692 120 10.187247424256979 927.726116825538 2825.077618556985 10.563299168797963 36.81664859672936
1776678490.5069473 | 1 1 1 1 8 40.9000964254872 -72.35014285044856 2954.160058285845 0.2374142288796539 -0.14363427340174106 11.639639105885657 3.6353594271160503 3.013418508368556 120 9.789363692470884 923.7000598325162 2941.118763392534 9.685510624457908 62.204786630448254
1776678490.606946 | 1 1 1 1 11 40.90007480827959 -72.35015501855078 3077.6865456331225 0.340802434969532 -0.6780380188310626 11.095890957310964 -0.699438669328635 -1.5542162823308159 120 9.439064252774545 920.1628595511736 3068.8475067697746 9.83209564517582 52.356674154032504
1776678490.7189443 | 1 1 1 1 9 40.900099035922906 -72.35012179798458 3197.1143116878447 0.9446894099431455 -0.6455947123804686 10.477964571929135 3.7590769277841822 -0.6062180960879271 120 8.82521596318333 916.4840757600505 3203.8339652802924 8.3489412100724 42.931705784987955
1776678490.823943 | 1 1 1 1 6 40.90012516283196 -72.35011194392295 3319.11535533686 0.7894949484875255 0.24963977790759917 12.428419479754181 -0.3953680133774915 -0.5552877384180217 120 9.243340574351723 912.7163497101315 3300.2440650987924 9.150014430143415 63.05775667846862
1776678490.9249413 | 1 1 1 1 11 40.90014258685099 -72.35007525402659 3448.275071490752 -0.49789788367757604 -0.35861883627316926 11.321168396853533 1.7945398521836884 -2.0412910819329255 120 7.922853365748985 909.4089792326781 3429.3863773500925 8.374648527244766 50.15950176876317
1776678491.02494 | 1 1 1 1 11 40.90012304237142 -72.35003358447291 3573.6910334516415 -0.05283646208408155 0.6539080027609112 14.394699575913183 3.2123407064531424 4.4940447071587375 120 7.856408945992181 905.8733313716477 3565.5402387148206 8.276074964625483 50.75922518763521
1776678491.1269383 | 1 1 1 1 12 40.90010825900982 -72.35007286958086 3692.7908737680323 -0.1718094693323995 0.13739247298454238 9.007032126129275 -3.776729583353239 -1.1121568465859202 120 8.450615778719184 902.501160205697 3695.1745652452255 8.493171320945462 40.38070305968924
1776678491.2299368 | 1 1 1 1 10 40.900096841128374 -72.35009916612644 3822.006853696043 -0.39666417566666534 0.35752071869871593 10.696954445023714 -0.629892857555463 3.137451480747444 120 7.369355855723272 897.6848987343533 3831.1789573087276 7.574598176543478 51.24629982081673
1776678491.3359356 | 1 1 1 1 6 40.90009709213724 -72.35006605760114 3951.478937120557 -0.6453711986698056 0.8588386578503024 9.92285797337089 -4.502000993703308 -2.2423151184965384 120 6.8202641838118625 893.888749768061 3945.031044374828 6.518957866095031 67.65619797528325
1776678491.4629335 | 1 1 1 1 9 40.90013474216568 -72.35005371878846 4066.335200955813 -0.09140192692122096 -0.844536415238422 10.022334464298039 4.434737708092413 1.3449429030282358 120 6.123784795616656 890.8361776915069 4072.467682963649 6.2040451741388525 41.92558837768931
1776678491.5629323 | 1 1 1 1 7 40.90013138361246 -72.35008404402129 4191.884787724361 0.2989575685692194 -0.6741055653161983 12.269591204370714 -3.7477645485867503 -0.13147956322963417 120 6.298319567905332 887.3026252026322 4176.625387078406 5.810917533316002 53.60351794050367
1776678491.6669307 | 1 1 1 1 11 40.900132571701484 -72.35010547144088 4305.3149099323455 -0.29404199777411866 0.9706940846780052 11.382004608544232 3.0689873922489603 4.833115515369428 120 6.298073029005481 884.1063085637215 4291.269407430912 6.153002553440014 66.13748595653055
1776678491.7699292 | 1 1 1 1 10 40.90012192452062 -72.35006584474213 4426.146115379649 -0.27570977274683317 -0.4173320854698852 13.57922338140714 -2.863329135322127 -0.737129269979401 120 6.8672152425093005 879.4823054910391 4430.261931963304 7.162858065759541 54.386475735881604
1776678491.8859274 | 1 1 1 1 6 40.90015110025754 -72.35007864515704 4542.856974050546 -0.2777193961745654 -0.4570732103345514 13.335501995580502 -4.048326139555219 4.344606499884412 120 6.015634812693344 875.7751407520202 4555.655007140213 5.626024260256023 36.98970298028672
1776678491.987926 | 1 1 1 1 11 40.90011455562289 -72.35003465072532 4661.110372124555 -0.5012350325539978 -0.16346566167848775 11.420215860225092 0.7228100268658046 -1.521341684294205 120 4.800401363122236 872.3885165218658 4649.722385441582 4.6392334577132175 58.411874492653986
1776678492.0939243 | 1 1 1 1 7 40.900105866776435 -72.35004210958567 4785.18001927585 0.5032365890262778 -0.9646054532853636 9.84078042476042 -1.1864364473196884 -4.883312850843037 120 5.452478639475035 870.0227237051544 4770.937063866058 5.441340584532806 64.63476444990329
1776678492.200923 | 1 1 1 1 8 40.900139671069354 -72.35005436373373 4911.5079480640825 0.2283976407834245 0.8562719835478498 10.121774502580658 -2.055726842197271 -3.638098253001579 120 6.1174421663916165 865.2609234164512 4921.318370200602 5.784309990740886 31.68874486730698
1776678492.3029215 | 1 1 1 1 10 40.90011508391335 -72.35004202580726 5031.408416738306 -0.5758285008142521 0.14280700946931613 14.796984077979912 -2.77483182077411 4.373370110732695 120 4.279365817968916 862.9102947861471 5011.615333187734 4.670425862487007 62.30642138392328
1776678492.40492 | 1 1 1 1 6 40.90015500263567 -72.35000652108059 5143.250473075148 -0.7688641330320041 -0.8074127866831473 12.460514542384788 2.729668343619915 -2.5714750456211766 120 3.9739315513653732 859.4383999582205 5147.711720518498 3.8538667526065753 52.87763429323048
1776678492.5109184 | 1 1 1 1 10 40.90017579437335 -72.35003515993056 5270.447523129375 -0.16211719155148074 -0.2819643584319662 10.173837399848697 2.2058654538630247 -4.635377881533004 120 5.071455606455194 855.2785533662568 5268.899577951109 4.982974412441746 35.132099651928456
1776678492.616917 | 1 1 1 1 6 40.900154515056656 -72.35003798944274 5391.726832891601 -0.855946880810672 0.8878940067530523 11.382206730541954 3.8599304555749043 2.7433729915662823 120 4.259473515251841 850.2934548568657 5373.914648654327 4.6364864030111255 37.762877142456325
1776678492.7179153 | 1 1 1 1 11 40.900156406724754 -72.35006450483438 5511.352671036096 -0.2643860156216322 0.7340234208579284 10.948384210753233 1.239123557699128 3.8830352695087917 120 4.851739512671852 848.5398833560253 5522.881228860328 5.087372183427384 67.26013183384805
1776678492.818914 | 1 1 1 1 9 40.90019801315956 -72.35005125100624 5629.032916943091 0.7337625728416737 0.34656150967474275 12.281696875659181 -2.956624205778906 -0.5985130238820595 120 3.6524532095312474 844.1102790499043 5618.773099021295 3.615746085952966 36.83570177710238
1776678492.9209127 | 1 1 1 1 9 40.90016354037449 -72.35008086822286 5750.93378070043 0.03941008990242878 0.6458355395131505 9.27245669534428 2.7980491682779673 -4.583778092451512 120 4.137521938231061 840.3398793854383 5768.833357882714 4.416229357148929 43.280931131835445
1776678493.025911 | 1 1 1 1 10 40.900212085977444 -72.35009098415338 5869.472787709621 0.8070828735605045 -0.806591823942348 13.012565854467226 -1.0009224975344253 -2.7583890891707807 120 3.2156501714951817 837.1974931924357 5877.866009371491 2.7367913339303795 42.0384818161895
1776678493.1389093 | 1 1 1 1 8 40.900206455384094 -72.35012224534766 5994.398933498386 0.8147559562157072 -0.6276193852431973 12.463485943631435 -2.947741886792583 1.6546702976376828 120 3.2930013436699768 832.7237507054601 5989.2614645719095 3.350795959478204 31.90563019733589
1776678493.2509077 | 1 1 1 1 9 40.90016415184503 -72.35008134239004 6123.110114788941 -0.5784199924205933 0.9665529922163134 12.768297162627142 -4.029833985207186 -0.3022911289688839 120 2.1334037655854976 828.586764008631 6110.311526670627 2.2519006415470946 65.49360841156128
1776678493.3539062 | 1 1 1 1 8 40.90015433857687 -72.3501145455312 6252.454543051902 -0.5500251538530878 0.37663738805361713 12.828117423082315 0.18262402922437726 2.88915572140265 120 1.9744892112994463 825.4179484269133 6242.713280028335 1.9048098500004977 54.552050457715055
1776678493.4559047 | 1 1 1 1 10 40.90011404205721 -72.35008097443085 6364.849002841429 0.36742176484919953 -0.6632117660511845 10.954114726179004 -2.597525885804519 4.0485557981453795 120 2.370906216753853 823.0487832695222 6346.704210659752 2.743500758965294 40.3497026302644
1776678493.5589032 | 1 1 1 1 10 40.900153119582285 -72.35009268451661 6476.690152562794 0.5184980240988404 -0.36462191438422153 9.671755859533523 -3.694208869966593 -3.9034931403792763 120 1.1385370791160065 818.3518885183137 6466.688051557814 1.1900751244320715 50.70741222665795
1776678493.6669018 | 1 1 1 1 11 40.90014088783697 -72.35011387292757 6592.197187847742 -0.5535275625212694 -0.11321603259268498 10.231209501400011 0.25919647411543956 0.11535053583552024 120 2.395641335560079 815.3961662940741 6596.90134788627 2.2021377630915526 67.64402455733679
1776678493.7839003 | 1 1 1 1 6 40.900110099137976 -72.35014786808782 6708.349424874161 -0.45729394483432384 0.9019388587913846 11.291206861142602 -2.3327529831524374 -1.4671583976940927 120 1.1103464100980893 811.4031694923827 6702.754618053009 0.7402665774896593 39.08373458270577
1776678493.8898985 | 1 1 1 1 11 40.900076065628646 -72.35013335206796 6831.683310211883 -0.5149243222057731 0.09492592517582477 11.491755019095867 3.136511029896969 -4.474598490697192 120 1.17050371066596 807.4205387300108 6850.313457125572 1.166786062889447 41.87028624908824
1776678493.9908972 | 1 1 1 1 9 40.90003696043978 -72.35011823904682 6944.0718949002785 0.4149369321547123 -0.4148810958447373 11.747468301980987 -1.284713303808246 -2.0255425917878602 120 0.4722719752481499 805.4967740481246 6956.304661139793 0.12910233178608765 69.75216688142484
1776678494.0908957 | 1 1 1 1 11 40.90003875633983 -72.3500711964747 7055.101087636647 -0.5274751542586225 0.8152830468780159 9.165932665498982 0.5808982092892387 4.346693904982066 120 0.2791145153266066 801.2360933960673 7073.216694897755 0.05202490903386736 37.98111738068896
1776678494.2008939 | 1 1 1 1 9 40.900001906657145 -72.35007322763398 7171.261417723446 -0.9980151555506902 -0.887351668197141 9.48865514001697 3.4694880659615936 3.6436583163356406 120 -0.05517981044462461 798.347455254588 7162.2170771624005 0.15068924821407736 64.34234613838998
1776678494.346892 | 1 1 1 1 8 40.90003066553429 -72.35003416714132 7288.7917201269665 0.5558413354976817 0.7678336714044283 13.312507392043688 -1.2609174657211284 -2.7139663635818243 120 1.1379039806565485 794.3193810033374 7272.171987269083 0.7631465730076287 66.09279215863032
1776678494.4528904 | 1 1 1 1 9 40.9000361190816 -72.3500477233262 7399.916981830586 0.5583730244227596 -0.37350296403116556 10.462261374091575 0.203209608288196 -1.9369232636905198 120 -0.7535206562217025 791.731064236993 7393.910359902174 -0.7578748970721163 40.20634235766251
1776678494.554889 | 1 1 1 1 11 40.90007912556183 -72.35009295590974 7529.42030586828 -0.5217808164077289 -0.5293784168273912 9.82100842199796 -0.0018375754159283275 2.774687313195999 120 0.4668374511007123 787.505731999192 7542.15443324019 0.8275663862183088 47.777906549701456
1776678494.6568875 | 1 1 1 1 12 40.90012589098898 -72.35013565765179 7652.21542955111 -0.6906871531848715 0.28058289835589467 14.199603156347894 -3.058938566745547 3.737661322125714 120 -0.04995995743185033 783.6890581922214 7638.25151001783 0.41638985060462297 68.10674835100258
1776678494.756886 | 1 1 1 1 11 40.90012514532316 -72.35016991293317 7767.761131397342 0.7691638838513297 0.4087407917786414 13.987267270622386 -0.36635828992537256 -0.759283022401414 120 -0.33477121746351735 780.2359334589092 7749.566095166833 -0.14421331708624563 69.52130501026707
1776678494.8598845 | 1 1 1 1 10 40.900078516426085 -72.35011999243213 7883.083742347076 0.0065646551743914205 -0.10300941074738912 9.709797873656898 1.7923056066955434 -2.2120267682102357 120 -0.8018387835227214 776.1700621938068 7878.007676993499 -1.019448752885157 66.372832758116
1776678494.973883 | 1 1 1 1 8 40.90007891966637 -72.3501205254682 8010.770603280433 0.8746905504790985 0.8970360004904061 11.691805765484462 -1.203619726329329 -4.34997639549075 120 -1.0681444921938559 773.4389938525204 8025.922471476156 -1.4380513656020675 42.51051265725702
1776678495.0748816 | 1 1 1 1 10 40.900113102719345 -72.35016978061788 8135.422397955431 -0.09521839854769465 0.293685775261211 13.20156541630535 1.6249556819976387 3.88689286806043 120 -1.7131084222647917 769.0163060531307 8141.5570926459295 -2.0260604196381293 30.95199569654017
1776678495.17688 | 1 1 1 1 9 40.90010058569259 -72.35014237180485 8247.247188640204 0.6818537355864336 0.006500756128464902 9.76302981023547 2.259995462595538 1.4576228325531924 120 -0.6469818964560885 766.0886046440687 8241.082315719299 -1.0666685527680144 35.45464484378763
1776678495.2858782 | 1 1 1 1 11 40.900141975352085 -72.35015080547518 8362.147032973597 -0.9112833639845757 0.8937088105253228 14.125942654171247 -4.511384158505098 -1.994257152979404 120 -1.8030929494691759 762.4650851202039 8349.445779146594 -2.229234143717259 47.38625272363291
1776678495.3868768 | 1 1 1 1 10 40.90016626555233 -72.35010852473043 8487.665830788383 -0.4575591946102493 0.02748506375103954 11.649467073013238 -0.2537044057807414 3.7256679252203657 120 -2.884070661699817 757.9428244411529 8489.404430059742 -2.7783307794311436 42.04268733888354
1776678495.515875 | 1 1 1 1 7 40.90020620292109 -72.35009767313053 8607.358693601744 0.5599509725709064 -0.24644256293188938 9.991928311542956 -3.209362199673005 0.8938007295729102 120 -1.5830422492654943 754.7495492272596 8609.15131468079 -1.329715023771143 37.69862668694394
1776678495.6158736 | 1 1 1 1 6 40.90023240972295 -72.35006536196269 8717.778641668367 -0.39932537007920166 -0.46832077072098977 11.790118039319225 1.832792812056578 -1.5115345272364387 120 -1.6998227676028448 751.8532775326803 8726.7040391117 -1.9292199488464883 54.28996648585439
1776678495.7168722 | 1 1 1 1 10 40.90018461608312 -72.35007899195907 8844.677447779777 0.7796509888561358 0.48968329475288064 12.907647951245908 4.790154565348045 -2.223789911873142 120 -2.2979320077221885 748.1729808350481 8831.595649631225 -1.8331300908809185 32.33835401503661
1776678495.8188708 | 1 1 1 1 9 40.90014244776531 -72.35009892710771 8968.604647937085 0.9770325179805539 -0.45681859785167966 13.467049045634031 2.0274150174235714 2.9613809884952866 120 -3.7519568926707634 744.1287698913474 8974.826643438348 -4.157838514740579 38.73005057474755
1776678495.9218693 | 1 1 1 1 10 40.90017674673772 -72.35010304990207 9083.462556681914 -0.2784460906469459 0.9582149439535885 9.969753445592845 -4.272434683461569 -1.3986141883666159 120 -3.6535854123031744 740.2360369745907 9067.559720092991 -3.455289777136709 41.34144815219343
1776678496.0248678 | 1 1 1 1 6 40.90018535046713 -72.35009170450364 9200.687919911945 0.2868343325053302 0.7247340802120272 12.440249176660473 2.0783767733438765 3.276300021825591 120 -2.7230066151949712 737.7559064666186 9216.271797142095 -3.0385409279402475 54.348127200583626
1776678496.1488657 | 1 1 1 1 11 40.90015453268368 -72.35007422400568 9325.471398264259 -0.32576929890241413 0.6272539753534982 14.64150249588997 3.569670955498399 -3.7850400178310393 120 -3.8879127939155853 732.4700449323864 9342.222310567035 -3.961288788570342 49.78436165642691
1776678496.2628644 | 1 1 1 1 9 40.90018196771644 -72.35010002586036 9437.476283756492 -0.23837296661027962 0.281731065498773 10.164842661271601 4.397682657989627 -1.878768188446176 120 -4.527025181497828 730.1127816009013 9432.696055197039 -4.667805683997124 32.314412814358874
1776678496.3668628 | 1 1 1 1 12 40.900203981002775 -72.3501050120478 9550.09677862208 -0.8824304212740273 0.8583371452338018 12.079786455040491 -4.637590311963392 4.030250331556099 120 -3.4535802738517516 727.2648110844412 9561.183769330453 -3.6652754498726963 65.30932204778142
1776678496.4678612 | 1 1 1 1 6 40.90021367789671 -72.35013075880835 9663.744666696493 0.0421499086883359 0.011035296876775291 11.968232531450312 -1.1860922063590085 -2.832476354372162 120 -4.493602500640964 722.3504137987477 9678.064583708072 -3.994767176890295 56.264604319339746
1776678496.57386 | 1 1 1 1 6 40.90017708106326 -72.35010301768966 9781.217474479863 0.17434736281700092 -0.7402303142070079 14.656725188756162 4.163254112543136 3.849666089918916 120 -4.679067713981573 719.1451962642332 9791.627555538262 -4.423735560039751 32.475372760370306
1776678496.7238576 | 1 1 1 1 12 40.90018351774036 -72.35013165441985 9905.861532485917 -0.25505013022949785 -0.8018810998722361 11.962675685707731 0.9441009840477035 2.5977635273455277 120 -5.260071108308814 715.4140287528508 9893.319015948315 -5.7178596399309845 53.49053481010607
1776678496.8258562 | 1 1 1 1 6 40.900209649606055 -72.35012685880795 10026.39278814958 -0.6662162328756176 0.8408536140927285 11.342094342508975 -2.192950630106508 2.785590370621833 120 -5.14863157592883 711.5315177077047 10035.21686631514 -5.282870594982248 68.42951629945459
1776678496.9258547 | 1 1 1 1 6 40.90021265694665 -72.3501250821198 10150.423348808868 -0.44925111660992223 -0.337334231579973 12.34406341538794 0.9511842444291707 -4.487216038828009 120 -4.718362294180122 709.4630357520809 10140.707098588173 -4.765274237573165 30.237895465936653
1776678497.0258532 | 1 1 1 1 9 40.90018188595097 -72.35013742657611 10263.386777174233 -0.67635364675051 -0.9839466848991711 9.195826564543863 3.5200065498114856 3.4120796481619013 120 -5.611721227868802 705.0007100929818 10252.629757113504 -5.906969786768581 30.263903849978256
1776678497.1268518 | 1 1 1 1 12 40.90016128327418 -72.35014172758859 10385.55047612093 0.6866523776107323 -0.3350189694439687 11.315701837545266 -0.751406643731082 -2.7159005058512076 120 -5.911848049748136 701.9699474023861 10380.710143972106 -5.705983169251918 51.01401764031581
1776678497.2268503 | 1 1 1 1 12 40.90012713406101 -72.35011693751717 10505.229149730249 -0.44542137682664107 -0.1947542996459537 10.381270060420904 -3.858358601874298 -0.8950682750105692 120 -5.5212998889827105 698.7892606757332 10496.672233877978 -5.615067734827337 60.44548444699056
1776678497.337849 | 1 1 1 1 6 40.900130333910454 -72.35013291710511 10634.436131586792 -0.31803229849659287 0.40260837433544205 9.658029299796649 -0.930191729091133 -1.2728879582872832 120 -6.748924897885717 693.8166614262823 10623.697512718692 -6.901649690196027 61.16127980906473
1776678497.4568472 | 1 1 1 1 6 40.90009191929513 -72.35010821930604 10760.839451747308 0.9786762080513924 -0.3256480219360922 12.356141048803607 0.9446559364474725 -3.6356407164086613 120 -6.00560057777664 690.539326033761 10767.040813003909 -6.0689788050402775 33.34607865860844
1776678497.5698454 | 1 1 1 1 7 40.90008669474058 -72.35006175422376 10889.715047990403 -0.5294559582674796 0.817287460578473 13.343355299196984 -4.493340032741921 1.5070896819899646 120 -7.3819320342292025 685.5095729833606 10906.752086028926 -7.302488293219435 67.20273950991316
1776678497.672844 | 1 1 1 1 9 40.90012364209477 -72.35003169811472 11017.22413610568 0.5265307545184346 0.8562642368246931 10.563350295621193 1.7322120494715199 0.029003484510591093 120 -6.706825340120609 682.1319471929644 11001.415484904197 -6.9922421777859185 50.1456372009019
1776678497.7748423 | 1 1 1 1 7 40.900168537481754 -72.34999050755657 11130.239949741965 -0.5515006526230697 0.060515828874119215 12.142069539436992 4.564230828327789 -2.1190012435153784 120 -7.374235147982105 679.3069642900416 11139.434906576998 -7.465082831458984 38.66520291765832
1776678497.884841 | 1 1 1 1 9 40.90012728276764 -72.35002997987809 11260.023464467642 -0.29328455274305854 0.16621960875184372 10.809177816813206 -4.8093145965121975 -4.570490527176676 120 -8.135172537681218 675.3717152512361 11258.01494636236 -8.407789980313488 43.160540792079175
1776678497.9888394 | 1 1 1 1 11 40.900154228202624 -72.35005343865816 11379.257630649758 -0.394177970240182 0.30522157148260987 9.302089028686611 1.6323183239771053 1.8623925842440912 120 -8.280943495554075 671.6558440511425 11360.291452167543 -8.651093632495183 31.592557735149327
1776678498.0888379 | 1 1 1 1 8 40.900124735308495 -72.35001238784113 11505.845200918026 0.7567123006534506 -0.23211273201014482 12.325961589596313 1.5709053114108817 3.1707966091821795 120 -7.846673800355061 668.0864948466449 11505.928538123137 -7.3619866916006815 55.5145799222194
1776678498.2008364 | 1 1 1 1 8 40.90010609197183 -72.34996558452366 11622.217091543382 -0.2028851952241617 0.8920081900929901 10.64377345197857 4.242516219390366 -2.0564496143417332 120 -7.800154069838594 663.6165341976749 11624.744471749984 -7.713395745142383 38.333991688507176
1776678498.3018348 | 1 1 1 1 9 40.90010112474669 -72.34994209712312 11741.457709095102 -0.7890394875618247 0.801703107001345 10.567781709360386 2.2527133164106283 -0.9493282235555345 120 -9.468735734552341 660.479745229693 11752.180278197813 -9.54290652806411 65.43508463818944
1776678498.4038334 | 1 1 1 1 6 40.90007435395008 -72.34996435843719 11862.130423939678 -0.62902253146531 -0.8017990936262793 11.768592508789292 3.7637762738096363 4.96099302649251 120 -9.36587585604454 656.5204292670226 11862.896110452542 -8.896450001913754 44.593140885103814
1776678498.5208318 | 1 1 1 1 11 40.90009597469146 -72.34992768121124 11980.066053141869 -0.8200638206798265 0.3633149286882855 11.883719627519618 -4.971512316097803 -2.3207603889340334 120 -9.827168245168426 653.0576704285677 11971.882621060102 -9.997572604673728 47.62562911447089
1776678498.63483 | 1 1 1 1 12 40.90009530210029 -72.34994538965746 12104.057014942178 0.5890875345975084 0.563361876296397 11.896971694495758 3.7854281476744163 4.905689025319052 120 -9.683930453307095 649.2576171921012 12088.94545339277 -9.534142035352941 56.66776616493718
1776678498.7348285 | 1 1 1 1 10 40.90005445973996 -72.34997339287396 12231.48577193775 0.15438227100721558 -0.4831302467473264 12.890861170128002 0.4390602276885627 3.671821065141758 120 -9.969592067199786 645.1550871612901 12239.601767107557 -9.528098529856006 33.72669335484574
1776678498.839827 | 1 1 1 1 7 40.90010294571708 -72.35001997535014 12361.336339680012 -0.5867237891355759 0.32784211280271003 13.822435701177024 -0.12725024420985687 -0.7336314809669533 120 -10.076935022921264 641.5468473753026 12350.945194140548 -10.542729043083547 41.20737882389784
1776678498.9438257 | 1 1 1 1 9 40.900134992419844 -72.35000380300188 12477.111411999605 -0.3342963030035344 -0.5289129042788083 14.056193357460165 -2.2684812853733707 -3.252068306091255 120 -10.230151672232088 638.6527785321698 12471.5051319764 -9.793526641151205 39.42709036280112
1776678499.0878234 | 1 1 1 1 10 40.900111741449564 -72.34996113832246 12600.294299278301 -0.4399663739340185 -0.6544697092605312 10.388114432592468 0.3353081036884076 -4.559756111933484 120 -9.31555072130793 635.6227593880793 12617.828538130176 -9.389112889780906 68.82974533631705
1776678499.1988218 | 1 1 1 1 6 40.90006391308495 -72.34991268640947 12718.869156180546 -0.1700409889017862 -0.42641243819611185 14.737381501812965 0.9724332829780877 -2.6850731201889735 120 -10.58724894546414 631.8367061352884 12726.388259773632 -10.844288812527923 47.065658679304086
1776678499.3088202 | 1 1 1 1 6 40.90010424713284 -72.34994616021928 12837.320179175877 0.6122108838048059 0.8339407275195512 11.258904304387839 -2.0239125196663252 -2.164094549739355 120 -10.414084232581867 627.8156568221897 12854.871165824721 -10.31608854112537 53.71559737543747
1776678499.4148188 | 1 1 1 1 10 40.90013434597013 -72.34996053058944 12950.719568554727 -0.9468152018585945 -0.33463044960826593 9.766793532463813 1.8985446353685562 2.8576375118889263 120 -10.2106468703038 624.8087201565053 12955.677453200627 -10.287997501126863 33.4628824235338
1776678499.5168173 | 1 1 1 1 9 40.90016169298402 -72.34996138105318 13078.122160872914 0.8906086718574213 0.7300803444318091 14.891638057765707 -0.6296895675377652 -2.095939199096791 120 -11.744388363222502 621.1512967568965 13077.662370335458 -11.848732372018482 42.28963147675924
1776678499.6468155 | 1 1 1 1 7 40.90016361935676 -72.34998388304288 13204.797473177632 0.8999331346884931 0.580110507369173 11.481307848926072 -2.7107593255836426 4.851394977139336 120 -11.327621392070894 615.8726483959067 13198.0650234602 -11.309057017021528 61.84402289739138
1776678499.7488139 | 1 1 1 1 11 40.90011595807533 -72.349977211226 13325.59040090905 -0.3754957648346815 0.9893848813962394 10.484393875490637 4.250779495903194 1.2603575239666434 120 -11.588867399551834 613.480235732274 13333.999573380366 -12.005623860742094 58.67720721706725
1776678499.8508124 | 1 1 1 1 12 40.900151980228834 -72.34998096152528 13455.429296122313 -0.6864789202478458 -0.9938968033626137 12.613275032143694 1.6365716190692714 -0.7683632821706432 120 -12.775089730271247 608.7641098083498 13467.727797457657 -12.481670963214073 68.71085506790205
1776678499.9548109 | 1 1 1 1 10 40.900128148306884 -72.3499566334878 13570.011357677202 0.8421233640771812 -0.9404914442470085 12.823234480613735 -0.8452223915637411 4.0370068809679385 120 -11.530678254043425 606.3328710359799 13584.829304279625 -11.54984554911648 69.33639155963054
1776678500.0568094 | 1 1 1 1 7 40.90012011545796 -72.3499166351197 13691.840640643619 -0.8020314308181511 0.7856941936924746 12.665140334389164 -4.172227303219662 -4.562481438976826 120 -13.23276337151296 601.510637814359 13695.006622438028 -13.116962471490957 37.73144735555408
1776678500.1608078 | 1 1 1 1 6 40.900133088591765 -72.34992908712461 13805.483998219432 -0.045264043802377474 -0.3389651182267508 13.302712172945778 3.3246208537536965 -4.921072578685983 120 -13.188909710265783 599.3631608802283 13803.569929702648 -13.661540435267725 58.05084865098896
1776678500.2638066 | 1 1 1 1 7 40.90011296312869 -72.34992705442473 13925.646824033645 0.09991814925502629 0.46122686823298786 9.86683437656526 -3.9387055453365183 0.9452268633669991 120 -12.892928041504867 595.5492151561242 13945.160126016537 -13.072250718540307 68.78197655830243
1776678500.3988044 | 1 1 1 1 8 40.90010022497827 -72.34995881795919 14042.10323007965 -0.9055473206935905 0.5393469246702176 14.578436501649808 -1.758793028026131 3.3435640404501026 120 -12.670644366464723 591.5031998916911 14058.944003761182 -13.146428447600817 46.91421263367205
1776678500.500803 | 1 1 1 1 9 40.9000758696769 -72.34992332569031 14165.428326105322 -0.41408399372145244 -0.1665856622692503 13.43867814125312 -4.46999054965487 3.7571011368974574 120 -14.076937484535128 587.9690345069718 14182.013813464115 -14.28738201436924 38.095014771285705
1776678500.6028016 | 1 1 1 1 6 40.90010120198282 -72.34992161755912 14292.240085650212 -0.6209274990454752 0.6043012672759251 14.263347407602222 -2.084830072817484 3.894245458333481 120 -13.06259454576805 585.105768197092 14280.838906270596 -12.758878995546194 59.12691955836298
1776678500.7058003 | 1 1 1 1 9 40.90011496645001 -72.34991179205288 14422.123336781402 -0.020640456206823643 0.500544155335549 12.940841938073834 -4.212329683625024 2.109555764262855 120 -14.314548482001538 580.6534675376598 14441.471052642963 -13.896342070626078 45.63048390032819
1776678500.855798 | 1 1 1 1 9 40.900110746929684 -72.34986609401622 14534.667755136823 -0.511080003565727 0.39413706502052737 10.754412784978642 0.7790254420075353 -0.07191366462369153 120 -14.320677530457353 577.6321004311525 14514.80079614797 -14.650473805466234 50.64219787972413
1776678500.9607964 | 1 1 1 1 8 40.900107151167155 -72.34988031986289 14661.97735209185 -0.657417025956839 -0.996474196668258 11.990638445523587 0.38471268230428457 1.6852544866565013 120 -14.314140081247423 572.7378912641858 14653.15506941774 -14.755863144631897 50.22190978205194
1776678501.0637949 | 1 1 1 1 10 40.90007348912835 -72.3498811046208 14777.21700285176 -0.22110186007448163 0.2625998907156448 13.874375818212403 4.270552295082977 1.3000085506526897 120 -15.540630093982118 569.5351082392591 14783.416618418767 -15.471636415177793 46.976671252779994
1776678501.1657934 | 1 1 1 1 7 40.900121024211444 -72.34992548305803 14890.684497650243 -0.8951569247402191 -0.1469014574869183 11.389657671534001 2.8681992145872304 -3.75545766406273 120 -14.677464235098938 566.8386341276935 14903.806634585335 -14.508327960764575 69.82804214853704
1776678501.267792 | 1 1 1 1 10 40.90011228945483 -72.34988005867763 15010.737848901972 0.40164092202854196 -0.8982201504166865 9.185158841886675 4.736134505573448 -0.5831696421995547 120 -15.524310457505633 563.3987841954685 15001.567839189354 -15.852695072989782 69.64501529901615
1776678501.3797903 | 1 1 1 1 9 40.900094206467486 -72.34987339104237 15135.187360200607 0.9932629693022312 0.8389099758757057 9.722158508233726 0.01175937505055824 -2.096500110965076 120 -15.115339087933627 559.867045065337 15139.081243643102 -15.14381823847654 33.1698488018038
1776678501.4887888 | 1 1 1 1 9 40.90011818840751 -72.34982661590396 15246.589656308237 -0.5125938677351345 0.7876137448909963 9.171680165161106 -4.451871538373828 -2.3618198483866895 120 -15.87448712296809 556.3858722185212 15259.337773977175 -15.51070276266811 49.41692854448567
1776678501.5917873 | 1 1 1 1 7 40.90008584388008 -72.34984750711591 15359.679782915511 -0.953372539642569 0.5372007913683654 13.356335555194022 2.757616636807536 -0.18750172573064283 120 -16.238156114391323 552.3690033871065 15350.381522217154 -16.184283913382384 53.62084289980634
1776678501.693786 | 1 1 1 1 7 40.90004075988799 -72.34982144319991 15474.88110269823 -0.128379614214005 0.24617335622462289 9.303632533039387 3.0763399308889774 -2.3417456706462856 120 -16.131247783506986 549.5143586465035 15459.013078118856 -16.536579692211784 56.05582316183088
1776678501.7967844 | 1 1 1 1 7 40.90003220399133 -72.34979295405135 15602.461897511017 -0.7601433527497701 -0.47825104534181584 13.824306644877584 -2.7653154514381817 0.9146637836652403 120 -15.355093355678976 544.4555532559851 15612.410589028705 -14.99485967600353 43.27199776184826
1776678501.898783 | 1 1 1 1 9 40.90007739870245 -72.3497443141986 15729.210124900845 0.08738838005203942 0.4202238179126361 9.451882866154966 0.9663385073437158 1.046135682818969 120 -15.916351156656123 541.542663045672 15733.489591420595 -16.1063464347913 62.961209030927606
1776678501.9997814 | 1 1 1 1 12 40.900092212693075 -72.34969573329816 15844.882495240481 -0.6466986938645953 0.4599835657171889 12.595771581747954 -0.6304978866228055 0.2853832469065001 120 -17.598670388844496 537.6445290681095 15827.840162575461 -17.980789260852738 51.894034319912656
1776678502.1147797 | 1 1 1 1 10 40.90008072438482 -72.34967919510572 15959.28087485708 -0.6369929839866355 -0.3128312440649508 13.283880662055925 -0.3047502495214296 -4.790267257751175 120 -17.075938248290434 534.223024269822 15970.021817055678 -17.09514466936038 57.690474191074365
1776678502.2187784 | 1 1 1 1 11 40.9000367563929 -72.34971344289744 16070.063562585618 0.10068147592792664 -0.08613948226746193 13.349915427992466 3.6285909974408277 -0.2421425070658758 120 -17.244277894370303 531.79872251868 16063.65607133408 -17.652321314370006 52.44126443885574
1776678502.3227768 | 1 1 1 1 9 40.89999250329632 -72.34967487397739 16188.137051766962 0.5095292767466484 -0.752615962599404 13.339416462532316 -1.6964121687100264 -3.090913378207972 120 -17.706112090785453 527.9563222613981 16175.714610565205 -17.38793242641655 57.36476273277611
1776678502.4267752 | 1 1 1 1 7 40.899988783342266 -72.3496641130228 16298.732577336834 -0.05378586319734224 0.02946437672060931 14.846474722686523 0.8581239553064606 -4.827393585921222 120 -16.986904353158216 523.0940079998435 16292.000422152554 -16.920521126897604 41.5649445879922
1776678502.5287738 | 1 1 1 1 12 40.89999322441747 -72.34962974733489 16424.670679070925 -0.8250716567035201 0.6351029297834965 12.134423439933387 1.971392305460963 4.511251133671147 120 -17.07842849734072 521.2544244662593 16405.18566292481 -17.258108807607815 56.240006009599625
1776678502.630772 | 1 1 1 1 7 40.89996469673961 -72.34966520905674 16544.68237670931 -0.4239669935055397 0.9288060500221789 10.950226386355391 4.589848985313916 -4.828691737269377 120 -18.844607348161126 516.6506107267215 16547.272770092266 -18.49418641923683 58.07000970137278
1776678502.7347708 | 1 1 1 1 8 40.8999201956428 -72.34966364392062 16656.090449417658 0.7569050997133124 -0.9268520438069128 10.89032298084261 2.6422681310666984 -2.738201322699622 120 -18.564802333286544 512.8716495823 16660.78210397266 -18.365534342883777 59.26187130544143
1776678502.8357694 | 1 1 1 1 10 40.899941911987824 -72.34969709720292 16779.603701192267 0.21772788265734078 0.20197531621770493 14.097370359151208 -2.652658562631145 -4.898350187194759 120 -19.256428466254217 508.67036010510617 16785.25100573754 -18.81643970866954 39.88976638887351
1776678502.937768 | 1 1 1 1 6 40.899964595808896 -72.3497223215144 16687.554395017203 -0.5765047035896405 0.19675201834314304 9.321532279586208 2.9197916498733196 -1.4603214164893972 -90 -17.625136354461493 511.57189881282204 16679.210098158597 -18.1138791178226 56.982739991658626
1776678503.0377665 | 1 1 1 1 6 40.899936291727855 -72.34971108045028 16591.448842384085 -0.7177113497744279 0.09962748509349262 9.84593580292889 3.7090272983441093 -2.7827146035236194 -90 -18.94944629350045 515.5947096032564 16589.01787151738 -18.717091225797944 37.10337687271285
1776678503.1377652 | 1 1 1 1 11 40.89993708256882 -72.34974159257638 16505.506740472072 0.3013961827856815 -0.24489654642732184 9.46180973042299 -1.7973248998150937 2.905556514879965 -90 -17.0679486518163 517.6690786025089 16498.361576571217 -16.864803876893856 62.797865624524704
1776678503.274763 | 1 1 1 1 9 40.89998374388621 -72.34974429123002 16410.246396705636 0.14957483636757285 0.28621471482440475 8.140076277672776 -4.291673836465183 -4.9880305457536975 -90 -18.666443831689616 520.8251409540172 16415.862330927277 -18.585029172851826 38.960555155364865
1776678503.3777616 | 1 1 1 1 6 40.9000205943029 -72.34972120618846 16314.108362757399 -0.5906059372452754 0.37748213823319277 8.436643014883602 3.689984202436614 4.560831658347269 -90 -17.636010529426642 523.2997488079435 16321.220280517126 -17.602690284405504 30.55402599192737
1776678503.48976 | 1 1 1 1 9 40.900031206102234 -72.3496899473442 16217.903109562656 -0.3408658624779841 0.5654103844923042 9.233292748873804 -0.8496897283741109 -1.3808045026692972 -90 -16.83659522566511 527.2838893476904 16199.229772814946 -16.826912093620003 65.68428872936082
1776678503.5937586 | 1 1 1 1 12 40.90004352665442 -72.3497258627889 16133.788207995913 0.7168150580249859 -0.5737850194587337 9.796731286220174 -2.760810648346511 3.8823424253372902 -90 -17.162708659310514 529.841320603267 16116.532492586493 -17.526570281434026 61.9547034116934
1776678503.696757 | 1 1 1 1 12 40.90003745017276 -72.34973737465276 16047.100340259072 0.7764905083403812 -0.7804482847675849 8.348304159385957 -3.5592281832897465 -1.0480510240045602 -90 -16.198345965064206 531.6090003349788 16042.690721763047 -16.120647995434364 33.6957643470484
1776678503.7987554 | 1 1 1 1 6 40.9000317403038 -72.34975025867242 15963.71511282397 -0.12812787752417032 0.16229648209183556 8.222836315516446 0.22557183739412867 -2.1429588373743904 -90 -16.74843594698228 533.1173733591844 15944.379178976802 -17.239484010386036 61.46863780462401
1776678503.9397535 | 1 1 1 1 11 40.90000707162059 -72.34977233726725 15881.688651922224 -0.6930825162843897 -0.5035102686061557 9.167234391862372 4.921153464678763 0.09859475716680244 -90 -17.506222921186694 537.4864240833466 15874.331112286694 -17.09661972478521 50.69113857830054
1776678504.043752 | 1 1 1 1 11 40.899999152919 -72.34976487699997 15796.9724630462 0.2532304180501448 -0.3755094432563606 8.665603183072875 2.451557240764223 -1.55625424741027 -90 -16.56437793577004 538.4743201246621 15778.287123033497 -16.528625728953028 61.53647600342049
1776678504.1477504 | 1 1 1 1 6 40.90004439181177 -72.34980837234545 15712.98309212311 0.7925915516924082 0.3834817786932301 9.620653465802652 -2.7951949214970018 -3.250816495644653 -90 -17.3810350783811 541.9529227072624 15700.025738966011 -17.637442104122318 41.146775568574455
1776678504.2507489 | 1 1 1 1 11 40.900052213603615 -72.34985044128872 15625.561490170414 -0.41563380854879894 0.21950755429061952 8.125817607180002 0.8950561640463626 -1.4148261422486796 -90 -15.761931081384825 543.4995713916384 15627.950191143107 -16.19328364109324 60.253917296097356
1776678504.3527474 | 1 1 1 1 12 40.90006472856957 -72.34988701686994 15545.323077123365 0.09307366272315609 -0.45142537674794614 9.737998725322168 3.689995623395067 2.5259507252351145 -90 -15.340072626047895 545.9564575658151 15536.592461862458 -15.481504950674857 55.91060409471561
1776678504.457746 | 1 1 1 1 7 40.90006428144685 -72.34991105727097 15453.675063583176 0.07698548713221665 0.35360331514584353 9.95119257457072 1.6435830406355159 -2.002424227038965 -90 -15.310098250580506 549.2389560292714 15463.761856158128 -15.285034440853142 41.40246977556072
1776678504.5617445 | 1 1 1 1 9 40.90010811092002 -72.34987590410815 15368.197461462642 -0.5355265916113492 0.20092760869575543 9.353691866780654 -3.7897052050195814 -3.2316541601498616 -90 -16.661943012738796 552.8212155081131 15372.732558091024 -16.874513898813987 52.32133695638055
1776678504.663743 | 1 1 1 1 12 40.90010861485892 -72.34983804807807 15283.603681840685 -0.6368616109526022 -0.13233168243991922 8.38900167292012 3.972859106794493 1.466881729274081 -90 -14.66402336454634 554.1732326448564 15288.89027339373 -14.511130672034856 54.7594652836228
1776678504.7657416 | 1 1 1 1 7 40.900156332379346 -72.34983540938295 15200.863800977553 -0.36717981377932585 -0.6599944662420558 8.543827131806507 -2.262365432212178 3.5035616208498315 -90 -15.371540344269302 556.3233589655117 15211.60681310765 -15.022621230498848 57.24151368154817
1776678504.8727398 | 1 1 1 1 11 40.900131071953496 -72.34987036618666 15113.99551176631 0.3709913397150342 -0.3648833923212762 9.77306082640755 1.4195902225139552 2.1665139409558787 -90 -15.336048461587712 560.2709066540115 15117.185400538994 -15.63276449767163 58.27819448378388
1776678504.9747384 | 1 1 1 1 12 40.90011694188344 -72.34984000727701 15016.83667384921 -0.49710971843856067 -0.4674986882546881 9.76796803204128 -4.694417516984829 -2.6857922432950443 -90 -14.389835653612149 561.9337551814248 15009.204478768068 -14.37472464743948 57.25922194810723
1776678505.1137364 | 1 1 1 1 9 40.900136938646256 -72.34982141328607 14917.302624732287 0.6724025454688731 0.6176379107884749 9.26632022239849 -4.86297768148315 3.0985597282265527 -90 -13.97876344280262 566.0804368468685 14901.283826529683 -13.701306455854922 42.90124614835592
1776678505.216735 | 1 1 1 1 9 40.90010838890636 -72.3497971897332 14828.702930685145 -0.6522028109722671 -0.8274038906304639 8.623057924568629 1.0496230560307795 -1.9084156562696175 -90 -15.64841584922173 567.7453276862517 14814.403514805086 -15.98473711046298 38.038872491764565
1776678505.3227334 | 1 1 1 1 12 40.90012489373439 -72.34978985046688 14734.386085010132 0.5438990831775687 -0.0027903299284537386 9.968786363496289 4.038983570073308 4.365478238778488 -90 -15.363273599689858 570.0228148951439 14722.812966479656 -15.32445788265911 68.11140022971881
1776678505.428732 | 1 1 1 1 8 40.900090980889246 -72.34981706704286 14644.209414935365 0.7465592826626384 0.5226091725535618 9.052696591604922 -3.996388861836495 4.415260926515982 -90 -14.391791116600881 574.1614690694173 14659.780077250884 -14.819006757538917 48.6193904319441
1776678505.5307305 | 1 1 1 1 10 40.90005186480843 -72.34986033193135 14559.565176101076 -0.22231075019956625 -0.3970853713617184 8.338548929165647 2.352929424103083 0.4434977080811162 -90 -13.658758198174299 575.9827763243576 14550.395935656212 -14.018707106586143 50.051065045632605
1776678505.631729 | 1 1 1 1 6 40.90002857147402 -72.34989800315337 14462.542295383979 0.19638528719708148 -0.75762003655978 8.842642122346206 1.4893963302268158 -4.6659366495201215 -90 -13.492573752028541 579.3627559083975 14462.575105318687 -13.216373687024099 64.07869742668773
1776678505.7337275 | 1 1 1 1 8 40.90006292755298 -72.34991799973902 14379.823847842968 0.2326331234189476 -0.6034292436066828 8.307682444233986 -4.240794711376071 -4.329759638622459 -90 -13.967708288644053 581.2451167910664 14378.655162953639 -13.626956769701874 51.35165741222569
1776678505.834726 | 1 1 1 1 11 40.90002411563543 -72.34992140704819 14284.924731942856 -0.545948092695905 0.19002075701158905 9.165381214521252 2.860821735794282 3.361972379063115 -90 -13.352978032624302 585.1867664670082 14289.578448276876 -13.073347722364243 56.41076951371083
1776678505.9347246 | 1 1 1 1 12 40.90006339862416 -72.34992207406253 14196.189124537595 0.9861263344277076 0.7747161217642091 8.803704106943318 -3.5218727394254525 -2.3440280400802083 -90 -13.590856640998583 588.0433637691802 14199.030871156887 -13.54820299707336 50.98092678765825
1776678506.0367231 | 1 1 1 1 6 40.90011132325192 -72.34991242964746 14101.3811595629 -0.48401267857076347 -0.5566128313862995 8.39209743969868 -1.3176495334201688 4.542334338624244 -90 -13.204032405037088 589.4421980400508 14083.628210167988 -13.327256937013638 60.18580819145389
1776678506.1387215 | 1 1 1 1 10 40.900150724723396 -72.34991130892166 14019.846955682495 0.22149150062468403 0.052326197958832976 8.189199651631533 -3.1530253275105435 -1.1161277273210346 -90 -12.067278264053886 592.8583173902923 14006.885254916553 -12.556317151995996 63.7628572463182
1776678506.23972 | 1 1 1 1 12 40.90019087751575 -72.34992326257564 13936.707603082612 0.5806238314119887 -0.9233339485675192 8.415362283709161 3.432698357299561 3.25935911567554 -90 -12.857392847133815 595.5520221880192 13919.591172632883 -12.443677457406956 35.68631579879889
1776678506.3577185 | 1 1 1 1 7 40.90018551405282 -72.34996874288947 13837.538080988525 0.423005610243564 -0.5171152237472108 8.618428878196415 3.715188813976342 -1.190073841179724 -90 -12.291385830053382 597.2320762873313 13850.6937151998 -12.106061539365127 49.08882081673106
1776678506.467717 | 1 1 1 1 10 40.900195825999305 -72.34997224589836 13752.740224843516 -0.9025592872671089 0.7111342189066296 9.477528026175092 -1.0931192597032213 -2.1255367081839216 -90 -12.68598231912005 600.1467396418426 13746.451096264556 -12.43724004023507 49.584587391731056
1776678506.5707154 | 1 1 1 1 7 40.900220968298164 -72.34993899527193 13659.09004354473 0.5881414310476503 0.7976836160996748 8.942861934514314 3.4539211932847618 3.8407004224174877 -90 -12.088926279297862 603.2476277075998 13641.236822740817 -12.38375280982652 42.2908225831962
1776678506.672714 | 1 1 1 1 12 40.9002669957885 -72.34993333271788 13570.42667171883 -0.6684841030028743 0.3774198264546764 8.335500431093088 4.042246644722869 -3.76804166781879 -90 -11.579913183299624 606.6749850669678 13587.329955057772 -12.079680235158843 31.80343566653006
1776678506.7777123 | 1 1 1 1 9 40.900281001988674 -72.34992125727307 13471.60173138028 -0.9206063253294106 0.3571579570867809 8.317025686233247 -0.4779487317131892 -0.3224349632368382 -90 -11.83668520162421 607.8704098140994 13475.952297578611 -12.14075374221321 40.86123652572621
1776678506.9037106 | 1 1 1 1 8 40.90030083987138 -72.34991165267577 13377.53707918886 0.7130843680809142 -0.7667236619543385 9.20575322642186 -4.358035406081772 -2.338115282326525 -90 -10.952110304839392 612.4809950864818 13393.739265501805 -11.269743058291194 57.600715192202685
1776678507.0087092 | 1 1 1 1 6 40.90034116140151 -72.34996068912763 13280.335354796627 -0.570621619737046 0.5244415338726569 9.389594689101777 0.6463149931047871 4.160958563012533 -90 -10.849147150538997 614.1700356812529 13261.535182307423 -11.273581944935424 52.512162788822344
1776678507.1147075 | 1 1 1 1 6 40.90032807018418 -72.34991645527317 13194.966738087636 0.6915030385324987 0.3456988455063026 8.291063453166249 -3.8261980828338515 3.9120188376376053 -90 -11.163256684973613 616.8309432475311 13199.90642736105 -10.97204341917396 53.67566732818465
1776678507.217706 | 1 1 1 1 8 40.900341010976454 -72.3499276922988 13103.463768527852 -0.7278740291815269 0.444825621364362 9.92505089166379 -4.799703207742006 0.044150755868984426 -90 -12.147358647432442 619.4284940743148 13109.101802528607 -12.334458534672455 50.624089379125905
1776678507.3177047 | 1 1 1 1 11 40.90035595559244 -72.34993231294989 13016.899192177632 -0.27481061826046127 0.6858341140733386 8.557210420173924 2.934307646872556 0.8871843107494657 -90 -10.50520131411748 621.8730507714954 13011.01801937998 -10.008873443043365 47.1039320914352
1776678507.418703 | 1 1 1 1 12 40.90034025337036 -72.34989307652597 12932.65837603834 0.11385178615527547 0.5000169596940862 9.087048200421275 2.6087662949179684 4.324713701814403 -90 -10.723743336431651 625.9221409944498 12918.242196619707 -10.287508662974787 53.61098150572988
1776678507.576701 | 1 1 1 1 6 40.900324970501764 -72.34988754206529 12844.965035316864 -0.2246864614160311 -0.1493434574870791 9.379623599063459 0.12735733125095372 -3.4342874527707545 -90 -10.632685565533967 628.0885826797095 12849.645969604653 -10.370486766825499 67.85098331648194
1776678507.701699 | 1 1 1 1 12 40.900294179131784 -72.3498952014028 12760.583514080621 -0.18536837477032098 -0.04851483424989822 8.117341311751376 1.794438809940278 -1.4534231592117228 -90 -10.531908046176873 629.7488372193817 12754.20661503929 -10.89670822434857 53.75035526442209
1776678507.8046975 | 1 1 1 1 7 40.900255178907834 -72.34990894662812 12661.518723997979 0.5550839375005707 0.6039706688743882 8.045434041764594 -2.902199254446457 0.5389300206684524 -90 -9.771784533987326 633.0763879611744 12656.523861539188 -9.800794068675401 56.15317500883317
1776678507.9056962 | 1 1 1 1 12 40.90020880119209 -72.34987132893642 12565.781719081522 -0.17593928923113267 -0.3204176192060515 9.870469109284931 3.200223978271559 0.22565306481102176 -90 -10.005142123547044 636.7782549042499 12548.11242892885 -10.22134428467199 39.903882504112346
1776678508.0066946 | 1 1 1 1 12 40.90022708056394 -72.34989417999125 12478.727501975685 -0.643330754816847 -0.1227147337436274 9.935394010779671 1.093305885010155 -0.01743929226160823 -90 -9.589505733320099 639.1076697288878 12491.401056785367 -9.114122727418108 39.11938529525794
1776678508.1086934 | 1 1 1 1 11 40.90021933397141 -72.34993339229824 12390.831635513996 -0.1374204344077774 0.48704216109577203 9.127170192559968 -4.553348414420676 4.854410521362535 -90 -9.612141388088732 641.0305228676236 12402.276278327132 -9.856647484552832 55.0909123753633
1776678508.2246914 | 1 1 1 1 11 40.90025988489179 -72.34992537705276 12296.063836462525 -0.660540823352552 -0.560077505119055 8.069325696770278 4.168706741804259 2.170598921917647 -90 -8.902206638752103 643.2427128753773 12298.716550655448 -8.809204023481701 47.29773662676057
1776678508.3416898 | 1 1 1 1 6 40.900227166057284 -72.34994222891501 12206.30484627974 0.9196650391861603 -0.9891993165227424 8.300359886485792 -1.2167575337193504 3.67207003676398 -90 -9.483770362461247 647.2138719885108 12216.346081829282 -9.215621157669146 33.46931757477402
1776678508.4436884 | 1 1 1 1 12 40.900209818167 -72.34996157983404 12108.42365435889 -0.9453711227322352 -0.6534793730444937 8.056880764139478 -3.286984146593311 3.491450313814795 -90 -8.700390624344974 649.8331178905951 12122.98335517495 -8.54518639936699 50.28484754584045
1776678508.5546868 | 1 1 1 1 12 40.9002217276683 -72.3499764006767 12013.358136866 0.8083371291431931 0.417421569246172 9.177680605767868 3.7933726087207535 0.11636613186135758 -90 -8.305116181911579 652.0496037435798 12002.645408862287 -7.930979424824416 38.411045320566785
1776678508.664685 | 1 1 1 1 7 40.90023207170296 -72.3499418123572 11920.255535382199 0.12408788565498097 0.19366598561897264 8.362411979521264 1.3578243252042865 3.528857032725446 -90 -9.317838018199614 656.2890928099736 11910.937135032867 -9.462883502093753 53.929746339114516
1776678508.7756836 | 1 1 1 1 11 40.90021754948103 -72.34991408508735 11839.234809818949 -0.04729683463907697 -0.08424007296431668 9.755273134202785 -1.1379681588075066 -0.005177953947369751 -90 -8.82700459423019 658.4765136296503 11836.077096189012 -9.045798396451662 55.41995642048283
1776678508.8956819 | 1 1 1 1 8 40.900238399637864 -72.34990605236075 11753.331905019304 -0.41655026345913093 -0.4340453893737548 9.961182654294586 -3.7983153544834583 -4.247544917031222 -90 -8.519370152799794 660.7562998986648 11735.276421067838 -8.548770993065537 58.53770760262906
1776678508.9956806 | 1 1 1 1 6 40.90020074244385 -72.34986394302827 11653.874504386931 0.4314743406208783 0.5945966852108244 8.862830881377832 -0.24090592148122614 -3.5398121054940814 -90 -8.957497020644176 662.6512210290306 11634.340723320383 -8.73733152690254 35.77669918746269
1776678509.097679 | 1 1 1 1 9 40.900200296208425 -72.34984852374751 11559.897363255533 -0.2045183523682088 0.22653861559879762 8.678875263267175 -0.015036036929134688 1.1014297553466248 -90 -8.594162245486665 665.5141409000156 11540.119470566424 -8.419742313916498 42.64023752258757
1776678509.2056773 | 1 1 1 1 7 40.90022695028099 -72.34988200541687 11474.134616587682 0.34701921938527747 0.233338939637884 8.194080262522762 -2.0961390135480364 -0.5867039142290782 -90 -7.096065495940033 668.3488939280877 11472.617991719879 -7.189044687524026 41.36058210622424
1776678509.3086758 | 1 1 1 1 6 40.90019587782532 -72.34989955171075 11374.526073021634 0.38575711528009804 0.46513520463404 9.32573201264676 -1.0418372139878738 3.903375387209959 -90 -8.062010728403475 671.9105245600691 11387.541833679992 -8.483507543604702 40.5724306727947
1776678509.4086742 | 1 1 1 1 10 40.90020592972221 -72.34988014008844 11292.209088663572 0.26087057214587905 0.7255384193909622 9.126792334270496 0.5113362686353682 -4.754004387509225 -90 -8.162691118428974 673.5353053810063 11272.745889108053 -8.415831946625465 64.632394778359
1776678509.5196729 | 1 1 1 1 8 40.90021494470979 -72.34983619991176 11203.137238846166 0.09098290204808457 0.6059609838322797 9.751110459830759 4.117885798313193 -4.922614542885513 -90 -6.7741573362124345 676.9807713456488 11183.619894513338 -6.769574744449525 47.621494411031236
1776678509.6256711 | 1 1 1 1 9 40.900171798933215 -72.34984934284486 11117.602421545565 -0.29815211713170564 0.05865263424724687 8.62969630153446 0.2957604890971801 2.667584142875759 -90 -7.597291176697773 680.4573513780609 11130.571801050204 -7.1466346552503275 51.76632072300969
1776678509.7396698 | 1 1 1 1 9 40.900122996633314 -72.34987742859025 11026.174861879892 0.3675776894373004 0.06370034761080312 9.260150801593264 0.6803646189572596 -1.6616562037472504 -90 -6.157597932486004 682.4916072083089 11010.919070844695 -6.36232102268073 30.731980159205136
1776678509.842668 | 1 1 1 1 9 40.90012037028763 -72.34991443107258 10929.327335948943 0.8166021379428419 0.5505792460191281 8.66121178230654 -2.621851938294796 -3.1002230779647078 -90 -7.680007883394943 684.7500831274173 10922.273840691494 -7.386242903531752 33.7658777079595
1776678509.9466667 | 1 1 1 1 10 40.90014303962127 -72.34994557287185 10838.356548023425 0.7932601337789593 0.7944603793635805 9.386857432944216 -2.3960714551582516 -0.4073491249058927 -90 -6.57623463851546 688.0421324792184 10842.818323376181 -6.079655675671983 45.73359038613514
1776678510.048665 | 1 1 1 1 7 40.90017731449534 -72.34990230634645 10740.7455992024 0.22569412745025508 -0.4915797910757185 8.505429309176053 -1.6327050311948934 -3.9234664967796773 -90 -7.435365976058922 689.9393209844048 10732.146672789837 -7.020834998450044 69.27181854979446
1776678510.1546636 | 1 1 1 1 7 40.90015263816683 -72.34989513703006 10644.122035813358 0.4570966125175189 -0.38904557603073586 9.77528766142959 -2.550136510486972 0.23410005956217095 -90 -6.3786493887753775 694.3488628057767 10646.672159200089 -6.198903670805002 31.857439015363997
1776678510.2586622 | 1 1 1 1 7 40.90016840117347 -72.34992922866836 10560.932311800905 0.5085489266007099 -0.1316808879678939 8.677890611382567 -4.674516062711901 3.685955306464498 -90 -6.424160183282826 695.8783733876696 10541.509706097911 -6.348335100705141 59.84870690543801
1776678510.3606608 | 1 1 1 1 6 40.90012684301587 -72.34991161647858 10469.689310324236 -0.5327723738708441 -0.7940670921459174 9.623101285669433 -1.1885650296155417 4.726330138309638 -90 -6.029751723091445 699.2916085515245 10483.936692200454 -6.428495358608429 67.14151515846677
1776678510.4626591 | 1 1 1 1 10 40.900160453359064 -72.34991401125522 10379.278047084475 0.44327499695812866 -0.5565453465964854 9.723717069375086 -0.4543058532087496 -4.364050265666897 -90 -6.273255803374385 701.8534922095355 10383.634910105167 -5.873352763513417 54.10726123663465
1776678510.5666578 | 1 1 1 1 12 40.90011790116024 -72.34987731033831 10281.18570167966 0.13516876730232408 0.2656283273721496 9.969750906798392 0.022419024819996025 -1.7741850976559101 -90 -6.141576184660341 703.9759869120568 10277.280985676525 -5.7587158353918815 68.56709544914415
1776678510.668656 | 1 1 1 1 6 40.90012311366621 -72.34989131984354 10183.158812097226 0.9526844916026644 -0.18355197320202166 8.05907565291563 4.204122248013375 -0.5885522912449392 -90 -4.5353903285492585 707.1574166176594 10177.19247599295 -4.530624776929483 40.66506410982754
1776678510.7696548 | 1 1 1 1 10 40.900113800659895 -72.34987656543946 10099.922854809063 0.9693752937777449 0.9478818671460896 9.911808321584394 -3.608738350937073 -0.7833466553350155 -90 -4.401660682186764 710.6648657508825 10100.833318536012 -3.998240741877214 50.50759344095654
1776678510.8696532 | 1 1 1 1 7 40.90014477384037 -72.3499248650511 10019.042948697206 0.7133240202662166 0.9076177602080284 9.021094320725126 4.17020872703649 2.534925861902268 -90 -5.614826564238322 712.8465055045335 10029.283960155282 -5.713273230929829 63.31659372147172
1776678510.9716518 | 1 1 1 1 11 40.90017840472744 -72.34997348580906 9938.757717877334 -0.6966708142026345 -0.30463039808221537 8.978382495218687 -1.340574039644824 4.996110615270002 -90 -4.785460138183863 714.767152936605 9946.489959395853 -4.798805593595601 34.835831287307315
1776678511.0716503 | 1 1 1 1 9 40.90014864939545 -72.35001659488408 9852.798824510188 -0.06372410971601594 -0.8201151920250633 8.893948615350828 0.26846710691132536 -1.6948960718575288 -90 -4.363914626074287 718.2367165114713 9869.246260231075 -4.419553409577116 31.47633117002203
1776678511.1736488 | 1 1 1 1 7 40.900175330273655 -72.35000029234612 9753.821886791779 0.2602627909205182 -0.7666058022036737 9.256666205386557 -3.1622485972021352 2.255430689711819 -90 -5.284943871294291 720.5698653506778 9746.798549992416 -5.599863792816086 48.219032970209355
1776678511.2776473 | 1 1 1 1 9 40.90019413117069 -72.34996282952045 9654.482719138832 0.17335056910352886 0.343163134019699 8.86020090536685 4.246043308340843 -1.5285568775070124 -90 -4.581553330602993 723.2225601896791 9642.290159125849 -4.493168534066776 43.674710780346004
1776678511.383646 | 1 1 1 1 11 40.90019933493511 -72.34995795196905 9560.908270407203 0.3737350208077044 0.5537415211080967 8.583517909759435 -1.2142744014990257 -0.5309339578149448 -90 -4.378413056988919 726.3687411546636 9546.734331300366 -4.869808808701265 63.24068698300201
1776678511.4846444 | 1 1 1 1 10 40.90024638286649 -72.34996350265858 9463.231633062653 0.7319913053788338 0.6903959616931306 9.779594911089326 1.9009504194501652 1.1986012334598461 -90 -3.1179012111648596 728.4393030952342 9478.36239968695 -2.903891317063424 59.53534239474716
1776678511.5846431 | 1 1 1 1 10 40.90026022307408 -72.34994799996028 9382.175647465927 -0.7207200548634807 0.49522083136245354 8.635102233202009 3.5074268106987123 -2.9032943574166037 -90 -4.008941985287688 731.6658681550048 9385.327415689471 -4.469314166771633 54.56344993936324
1776678511.6866415 | 1 1 1 1 11 40.900299037737994 -72.34999535568825 9294.037964775189 -0.8826857912079118 -0.23603254900840454 8.038409203527937 1.749924944770294 2.573480003946292 -90 -3.8640171218460986 734.5750287476175 9302.34373421204 -4.309563235006873 37.48059043225775
1776678511.7866402 | 1 1 1 1 12 40.90032321110664 -72.35000433608242 9195.413299763542 -0.8695468603762617 0.8598652283376684 8.669225636584352 2.139806942363035 -1.4739304149764996 -90 -2.936886482861956 736.5506516947614 9204.27421156486 -2.931827120023327 66.99234461557728
1776678511.8866386 | 1 1 1 1 8 40.900339642269465 -72.34999542735959 9112.86353253232 -0.5168126434456382 -0.6891433746182769 9.391002270854493 -4.351578052002505 0.5821776257368239 -90 -3.0855417920334824 740.4869800273487 9113.239486108847 -2.6556163760919658 33.01246471916003
1776678511.9886372 | 1 1 1 1 12 40.90029626090603 -72.34994765621879 9021.593652767608 0.3071927029597892 0.9794463034427656 8.069222645746132 -4.045332971739269 0.3745292449149451 -90 -2.0985811272961543 741.4480610267 9018.758598806977 -2.3276120498328643 65.11670224901152
1776678512.0886357 | 1 1 1 1 12 40.90029967961275 -72.34998693995996 8937.77520078554 0.9820293757355107 -0.35560898581736433 8.772472950668483 3.0944829760091626 4.4895367018435195 -90 -3.427216055679372 744.8297398030359 8937.517759880799 -3.7507450674257696 33.567360411203424
1776678512.1876342 | 1 1 1 1 6 40.900256187336 -72.34995526282827 8844.426177316323 0.7892597348726282 0.13911277505342268 8.802026435518648 -0.16195477046105022 1.3585158119927385 -90 -2.1404948118328275 747.7617802475885 8830.28227838457 -2.0553184319080646 34.35173722610261
1776678512.2886329 | 1 1 1 1 12 40.90022244111004 -72.34995844921534 8762.191342045964 -0.33569641200363276 0.7071211383641269 9.399855172666149 -4.301203750079847 -3.016139915872661 -90 -2.994974383630951 749.9927097229316 8758.447435733076 -2.527678769997272 61.55840217042781
1776678512.3886313 | 1 1 1 1 8 40.90025291497154 -72.34995757707334 8677.313255903804 -0.4137274044117938 -0.5994565825886049 8.161134123233614 2.586413057140935 4.053249355826727 -90 -2.3849590227703645 753.3658185254293 8667.112226240437 -2.259139042185371 54.977818166676215
1776678512.48863 | 1 1 1 1 11 40.90020554663114 -72.34994232284505 8594.602520267568 0.7249845081642701 -0.732632836003716 9.099224196166608 -3.9507944988723676 4.900251188112728 -90 -1.4113035299777004 754.2248457545478 8610.114355600905 -1.0473683245222767 53.02897474878432
1776678512.5886285 | 1 1 1 1 8 40.900199168801194 -72.34991253768766 8509.681152334631 -0.8893425028767445 -0.14325273582914377 9.083690320015512 4.809468159449388 3.8349831059901565 -90 -1.212166186884529 758.3928689955992 8522.294420196295 -0.9206348231143275 31.043474439228508
1776678512.688627 | 1 1 1 1 8 40.9002425907456 -72.34995484596027 8410.44059470897 -0.3900259184868544 -0.999013595012626 9.438773796807759 2.171618494672268 3.1536152549101484 -90 -2.1802163634264375 760.7400745720056 8413.638162945977 -1.848464626199054 64.85007370259663
1776678512.7946255 | 1 1 1 1 7 40.90019636512823 -72.34994719423787 8315.662568310807 0.23083397407081008 -0.8019765682528375 9.747806619582425 -4.895624756681212 -3.684428116379178 -90 -0.8296262534763363 762.9889809034444 8311.994861167295 -0.4116921555711357 42.258924774370215
1776678512.897624 | 1 1 1 1 12 40.90022872590993 -72.34989992390635 8230.917136078944 0.8691957184240471 0.23924134175649758 8.105184887885056 -4.833670241209914 2.631870396650772 -90 -0.7418303809900599 766.1860112382633 8244.609064749156 -0.5674850779308085 40.68621298664631
1776678513.0006225 | 1 1 1 1 9 40.90026565317984 -72.34992326454768 8131.731892343735 0.8799718445722764 -0.17856429580180033 9.72993251614053 2.4023359404518896 1.4125857652937022 -90 -2.219021895246567 768.1379468919621 8123.673655732616 -2.4860538203827605 55.266286197147885
1776678513.1046212 | 1 1 1 1 6 40.90026871735923 -72.34989255792264 8046.327745701782 -0.1953156268547671 0.9190248145564228 9.531181660194088 -4.545160650916809 1.879366875838321 -90 -1.202820698214283 771.4877573132405 8063.724494347141 -1.1790371410966243 67.77705721158381
1776678513.2046194 | 1 1 1 1 11 40.900291850975606 -72.34988902480062 7957.212509950763 0.23758921796549015 -0.30023046111453655 9.788268871315715 2.6456812455376255 -4.084657411235806 -90 -0.8760227625254073 775.0813677594116 7948.085120897577 -1.1978604094511307 48.7432360790773
1776678513.3056183 | 1 1 1 1 8 40.9002773729527 -72.34985776711292 7863.415981827495 0.6466406801488538 0.8650125317172341 9.338165986730342 1.165777466683413 -2.549057118236584 -90 -1.0716726309417792 776.3466175320941 7878.307105810671 -1.4811826096882996 59.28001752927369
1776678513.4056165 | 1 1 1 1 9 40.900283223897084 -72.34983761354017 7768.595887272428 -0.8665591976231666 0.9888748276206885 8.33877718885483 -0.751669098596591 -4.761821048219382 -90 -1.2261682154806641 780.3223359454447 7749.583320764672 -1.1160264874385923 57.21842041047657
1776678513.5136151 | 1 1 1 1 6 40.90030789417703 -72.34981818046742 7677.247693055508 -0.4985460544292404 -0.9231136672930345 9.276425419893108 -0.5475834899559162 -4.405454213944626 -90 0.2015659786909676 782.1484518394453 7674.356149944208 -0.12701295474096252 64.08151483363238
1776678513.6186135 | 1 1 1 1 6 40.900320255950774 -72.34982881657896 7592.059468115548 -0.4218099509421631 0.3782037069820987 8.321962230266 0.058667629991711046 2.2375645117912217 -90 -1.097543013731966 784.946170802221 7603.103970734131 -0.9826841461246449 42.04743125408061
1776678513.720612 | 1 1 1 1 6 40.90036138758417 -72.34986385630945 7508.435255622529 0.7409890177080607 -0.9810264088663545 8.415420177965041 -0.12053147033488187 2.7311577125660325 -90 0.8550819572167621 786.8247235649826 7511.198055612095 0.5443013571926851 45.68797459327406
1776678513.8236105 | 1 1 1 1 10 40.90039848856227 -72.34986425191151 7415.135806721319 -0.29201486179829095 0.7622923561489177 8.619551186874643 2.9508150165040536 -3.835904278936014 -90 0.038122136716300714 791.4200264556031 7401.4976870457685 -0.05834615221570094 50.47531962610115
1776678513.9276092 | 1 1 1 1 10 40.90044066472852 -72.34981621667679 7323.907523193318 0.9270602578409273 -0.8778597669166681 9.843547793490615 -1.1734514410081545 3.756274116503377 -90 0.5246146721163247 792.505691321275 7329.652528305519 0.9202980793871856 60.73084677702094
1776678514.0306077 | 1 1 1 1 9 40.900404990142285 -72.34978247244976 7232.263786701367 -0.3866751807147262 0.7730605287008443 9.828747955239102 0.7627918871318933 3.428865219737114 -90 1.0162305936672553 795.6548014459481 7229.6471080403735 0.806444185393238 61.766753949795095
1776678514.1336062 | 1 1 1 1 10 40.90037198050021 -72.34979727374335 7147.771416237503 0.9383430497957719 -0.17509636200797885 9.903638421527567 3.9667156491148923 -3.5980398745461653 -90 -0.22629467219575683 798.8969599504478 7148.103608525175 0.0410395461934977 54.14419599319462
1776678514.2346048 | 1 1 1 1 7 40.90033792397775 -72.34984336562663 7057.410418196501 -0.8327989623947436 0.9450718027028835 9.756661335349676 -3.8812276758967923 4.807134423617253 -90 0.06576746137169232 801.5600413036104 7039.227371898095 -0.13078632776088117 36.34303514196649
1776678514.3346033 | 1 1 1 1 9 40.90031436097434 -72.34984356456873 6969.390021563709 -0.007466356130497953 -0.06346938449561024 9.420878743402227 4.762329380739866 0.8134791101269254 -90 1.2738175999008468 804.5446694239403 6971.913571393399 1.0342027134290945 49.53299209216988
1776678514.4366019 | 1 1 1 1 10 40.900265833343525 -72.34983386848131 6872.61229667819 0.20182511721305385 0.250456459204641 9.95486637889508 1.9009424979792247 3.7458003873741745 -90 1.6077612587423444 806.4567557628077 6885.040777446153 1.618574618223974 62.30125030944767
1776678514.5376003 | 1 1 1 1 11 40.90030828523643 -72.34986500944869 6779.930346020589 0.1656568784043715 -0.045441339369169276 9.013470269380994 -4.472024356271827 -1.6105557828956552 -90 0.52985491805085 809.5312689489612 6763.247105633481 0.5040815249113686 46.22174742424322
1776678514.637599 | 1 1 1 1 6 40.9003420288084 -72.34991380781162 6694.312083460069 0.6653046640849052 0.8045726297686362 8.617386742601381 2.427748526917151 -2.4760019826379507 -90 1.181681742331324 812.5699979546615 6690.588354863557 1.0211983467619403 31.18669313082102
1776678514.7425973 | 1 1 1 1 6 40.900350404769256 -72.34987069006138 6598.840044722854 -0.9533458533490657 0.7972863873955247 9.998969147335616 -0.10360002317842376 1.010682163104435 -90 2.644056346487604 814.7484268394302 6601.701410183355 2.4929708634993095 61.8824861075278
1776678514.843596 | 1 1 1 1 10 40.90034105121646 -72.34991952091869 6499.255472436405 -0.023711622517244013 0.00843004894461341 9.902879677974385 1.9017194149552585 -1.092787554137531 -90 1.9481988401008823 817.2425647796556 6496.3610214200235 2.232745868135329 34.57817622371583
1776678514.9445944 | 1 1 1 1 11 40.90036777646725 -72.34996702009578 6403.046537245222 0.553167842117789 -0.7764458583946205 9.31403385559318 -0.7141718689941765 -4.02689292323121 -90 2.3541226033226783 821.3092079698357 6418.890262735765 2.5167417295106698 55.345769183997085
1776678515.043593 | 1 1 1 1 10 40.90036481888988 -72.3499773273464 6322.429908517836 -0.49080475635969467 -0.06394762631181616 8.881585786131563 2.865943423159618 0.45898433001034356 -90 1.773573288500611 822.3427344180578 6307.532876766347 2.16034712330971 32.485014021319685
1776678515.1445916 | 1 1 1 1 12 40.90035194102412 -72.35002067585373 6240.685640835014 0.2664409431896382 -0.9912108026072244 8.998242145744399 -4.307467062291814 2.8961484870973155 -90 2.2309850859599063 824.8311912921108 6242.336210501886 2.150689415245754 47.37251433541256
1776678515.24759 | 1 1 1 1 6 40.90037189341212 -72.34998472461756 6154.0863897015215 -0.6310267845060029 -0.24382394201404023 9.841419555323704 0.8158424730797078 -4.232494687812167 -90 2.3922373911664474 827.7464701952549 6142.713743475349 2.2261979720832823 42.26532783829663
1776678515.3495884 | 1 1 1 1 11 40.900407115448296 -72.34994014946056 6066.431068042332 -0.4396669058070979 -0.32959158584412385 9.583955745409627 1.088478759246927 0.676327090115616 -90 2.206378268985178 831.5690280866455 6078.4348153798255 2.416475388179372 63.74955215464838
1776678515.452587 | 1 1 1 1 8 40.90037570654142 -72.34998199969615 5980.404581210077 0.6648092939535191 0.6204219885117181 9.702415256777833 -2.5873786477434866 -2.5776634082754333 -90 2.6105345037032563 833.4965763157393 5964.965005747978 2.8284080561932354 30.64224142178623
1776678515.5545857 | 1 1 1 1 12 40.9003847027753 -72.34999669238925 5890.104452040042 -0.6509848704032313 0.09857223793448444 8.91372890689616 -0.25130295706166006 0.9046991836937623 -90 3.773321972896628 837.1591840691539 5877.496613072731 3.7442815551735187 37.68212986681195
1776678515.6575842 | 1 1 1 1 7 40.90039975183349 -72.34999721847757 5794.030237997149 -0.1209018522727443 -0.01216895688225561 8.684305320751632 -2.16665012626011 0.29886093309235484 -90 3.2545036619905066 839.8743131010293 5791.044268752573 3.7333825811735624 43.50973208344225
1776678515.7675824 | 1 1 1 1 10 40.90037912510982 -72.34996630459968 5700.357322864732 -0.43326823500048683 -0.4547670154440373 8.993251962540798 2.556484462092227 0.1529200566711335 -90 2.823329664679945 841.5145770374423 5704.414083233794 2.716933541965849 38.52117607701155
1776678515.871581 | 1 1 1 1 8 40.90041668796847 -72.34998522104759 5611.402138033711 -0.8052841262974235 0.8147386414715747 9.574326025831903 2.867517321522394 -4.656013282621338 -90 4.0201217306783885 843.9960079763607 5611.859071852555 4.14446410769568 57.945007455960315
1776678515.9735794 | 1 1 1 1 9 40.900399288004614 -72.349993168787 5514.80080359108 0.008881314149649544 -0.44090053411765084 9.709227404178744 -1.3936667009296135 1.8456564748576252 -90 3.9882148064911984 848.2096598708418 5534.650198171821 3.584868835900404 42.39921424873431
1776678516.0785782 | 1 1 1 1 12 40.90039077110878 -72.3500383826631 5424.839104297495 0.34606978676146705 0.7747910484575642 9.601873144132409 1.5898789026096205 3.513382761618903 -90 3.60829759354636 850.4663456459599 5439.718859052961 3.5857253512942235 33.78809323555607
1776678516.1825767 | 1 1 1 1 9 40.90037333347481 -72.35006293200327 5341.833939497928 -0.5942573586812339 0.9751667362088818 9.069167993025493 -0.1475438725594671 -2.960474478458891 -90 5.017788564175739 852.3490485931734 5323.5761886490545 4.931426133424554 39.445098855144515
1776678516.284575 | 1 1 1 1 6 40.900333821636806 -72.35008199661583 5259.415036189687 -0.8020024175192917 -0.18662812888353564 9.530302833460578 0.19648768469419764 3.097486479909474 -90 5.0475767399368365 855.9764527683898 5260.92530628532 4.986787902673573 59.32656771603768
1776678516.3875735 | 1 1 1 1 7 40.900374328907915 -72.35011663390898 5168.970080121081 0.5420764190884546 0.7928018767035903 9.06042886551089 4.9196794155656445 -4.2687021606853515 -90 4.586779488544912 858.7436397254922 5185.25452581932 4.128165262231718 54.67185092854095
1776678516.4865723 | 1 1 1 1 9 40.900367715822796 -72.35008992627328 5069.8216304420885 -0.197021486497585 -0.8679102837831882 9.154624070412822 -1.2670867974771927 4.801058652307642 -90 4.010026317092122 861.0204628406892 5052.722197709317 3.779672906564665 66.31562863124424
1776678516.5875707 | 1 1 1 1 8 40.90038201635148 -72.35013142517028 4988.252630947028 -0.02138796459380954 0.4259449385064986 9.253196282260765 4.012270893542546 -2.181218822740382 -90 5.1004134366794265 862.9796471024061 4991.618432712057 5.225076902667408 56.96907997924557
1776678516.6875691 | 1 1 1 1 7 40.90036414209703 -72.35010840693134 4890.742919529945 -0.2441232561739819 -0.6924851759758557 9.081806257377412 1.4967191868397434 0.4266816086999148 -90 5.028447317839949 865.8851446968439 4897.431236495817 4.72631895233313 56.72818497776007
1776678516.7875679 | 1 1 1 1 7 40.9003208306189 -72.35011211070922 4803.823469374675 -0.8812507968116932 0.7423261340484804 8.25629744396589 -0.44841126633763295 4.225562477976295 -90 5.644599689492111 869.2940808668335 4796.823869443752 5.400804296620795 66.38522991142207
1776678516.8885663 | 1 1 1 1 12 40.90033218399238 -72.3500675646494 4705.846720587531 -0.38160465691642065 0.8311956535271945 8.068115372456784 -4.605357249530413 2.0844049038480117 -90 5.609476443966367 872.4680369130875 4688.379814319987 5.236249006390015 69.20145811447995
1776678516.988565 | 1 1 1 1 10 40.900341337636775 -72.350056248508 4617.60846743499 0.2699295659752978 -0.990425404299716 8.340084016662683 -0.7917068527843876 -4.673966266001257 -90 6.7533220130720615 875.4209525991846 4615.30375485985 7.12595822003103 38.052468621905845
1776678517.0885634 | 1 1 1 1 12 40.900303244087134 -72.35007985701874 4524.547292120576 0.9911554343997306 0.22881641061096314 9.247939998686581 2.8109488286230624 -3.5771228825007673 -90 5.176751218695398 876.8921891260034 4521.677901691595 4.9469707734089825 64.94488175754245
1776678517.187562 | 1 1 1 1 8 40.90027354771708 -72.35010704148037 4443.020906720932 -0.4102021065088757 0.6965225628539069 9.98254219826119 0.40659383431368745 2.1587374945277427 -90 6.663965058627372 879.4649071457956 4450.528611953102 6.636521231759671 64.62532844456295
1776678517.2885606 | 1 1 1 1 9 40.90029505936131 -72.35007436188377 4347.130505697715 -0.6042748457440896 0.5609780683729328 8.802224224934076 -0.5232772252917268 -2.4124575949364124 -90 7.171050804775011 883.5832362680578 4329.04095743888 7.573115974558949 32.51223186767979
1776678517.3915591 | 1 1 1 1 9 40.90030939616775 -72.35009721715242 4252.081815238068 -0.8474870733264668 -0.5282153228464672 9.950655577094404 -1.531469417377017 4.95075519189707 -90 7.281989332003666 886.1895793964849 4253.157710827827 7.715130940741711 37.271415641901996
1776678517.4925575 | 1 1 1 1 9 40.90032841748829 -72.35009210265211 4166.113185747606 0.8508302170970226 0.12705606786788914 8.50011707695469 0.9395039791660036 0.36247421580664785 -90 6.58171278273086 887.6781687658513 4150.903567828424 6.26279717777981 54.888841771575361776678517.5995562 | 1 1 1 1 10 40.900046223327415 -72.3500164156019 1.873857619887351 0.18421010303321728 0.42561070211532237 8.041156998166533 -0.7153652188438819 1.0350077346155837 0 14.07499366054526 1013.8665700879959 11.789207510648305 14.308058366489536 37.44516885483894
1776678517.7015548 | 1 1 1 1 11 40.90000303726906 -72.35001384642537 4.028416794535615 0.9330044972341336 0.6624747305027026 8.333487911492227 -1.2011603385710234 2.6602676112280434 0 14.961345416246381 1012.1168944439686 7.644959105436469 15.292721627924795 37.66544512155627
1776678517.803553 | 1 1 1 1 10 40.90004531550035 -72.34997004127074 4.90508944206007 0.08648121091007255 0.3364808748261203 9.013944074076411 -0.4487989341004708 1.1461742376378483 0 15.105327360632986 1012.5608118854897 2.293348682089582 14.783644197667453 37.36442564601908
1776678517.9055517 | 1 1 1 1 12 40.900026057036676 -72.34998853770111 0.47985810205126267 0.9188035637937524 -0.5733124386524027 9.632997023443108 3.4094916790333265 -1.2157656173376208 0 15.790267285892996 1012.2899538694124 17.46653291894418 15.799537634595655 63.38183238711029
1776678518.0045502 | 1 1 1 1 12 40.90007413116988 -72.35001020452877 1.133480080366327 0.15225621441782566 -0.2892857273165854 9.264970253379449 4.829011098368884 2.594664424716485 0 14.491126830949256 1012.5267509300608 0.06720042899613565 14.893416342206926 45.69172410716568
1776678518.103549 | 1 1 1 1 9 40.900090981980924 -72.35005810912597 2.814234088612273 -0.8959854075392981 0.42633090368294435 9.18079841435376 1.2738698997912188 4.869272593018074 0 15.96115446665246 1013.5392512722693 8.869816503231611 16.18797133990146 35.113519403576404
1776678518.2095473 | 1 1 1 1 8 40.90009680690858 -72.35010473998308 1.2822782476040195 0.4781859641327306 -0.4488876578971661 9.829029773917444 0.03421884705252154 1.178537266682281 0 15.713087414373346 1012.9987212639767 13.131365688495954 15.834161688469582 69.61555370634325
1776678518.3145456 | 1 1 1 1 10 40.90011680638349 -72.3501032105449 2.393781371983957 -0.8362087293608911 0.05611074261496962 8.496874335466254 -3.286138252840831 -1.627524077596071 0 15.140346231134227 1012.5160577684727 -0.5639612967154211 14.684980085905956 59.78211857750182
1776678518.4165442 | 1 1 1 1 7 40.900128054195726 -72.35012116181049 2.1989600727148932 -0.12029739249135551 -0.1526061262204812 8.956601431993018 -2.0501253514739446 -4.544975908635109 0 15.917605210070953 1012.2574408514786 11.963211287285777 15.77650640958099 51.060480221001285
1776678518.5195427 | 1 1 1 1 9 40.90016920584157 -72.35009569448223 2.521996456722066 -0.5453465253951622 0.09683449235902852 8.505299545228585 3.289926438456103 3.7623057058956473 0 14.784598111194931 1013.6213694022069 -17.428272858033573 14.494233500508805 64.29630010367342
1776678518.6195412 | 1 1 1 1 10 40.900207613118475 -72.35014411003363 3.366766534468846 0.18278882509684036 0.5293102102252287 9.69491318391666 -3.3848502751149647 1.7255679837530815 0 15.00259208556909 1013.5810318085056 12.639305281539096 15.267939820931431 52.1093359547126
1776678518.72354 | 1 1 1 1 8 40.900252294447036 -72.35011100439927 0.34449275081157027 -0.006306038708989714 0.23634502849122718 9.065862490010497 -1.9396640745528848 0.8300162244035167 0 14.346198236241184 1012.7124268152119 1.0965492620567743 14.417755853470991 37.74525679951029
1776678518.8265386 | 1 1 1 1 6 40.90020276525708 -72.35010239848481 1.505268096403423 0.9176610098248255 -0.5027805019469738 8.968607840353558 2.9284042923666656 -4.537297035916101 0 15.085406754536026 1013.3108814835477 19.969193034050985 14.916260440288076 36.95394724755739
1776678518.927537 | 1 1 1 1 7 40.90024222129158 -72.35010045318454 0.045653593588030894 -0.09531742767803375 -0.5684930926545408 9.873247955411376 2.543501943448666 2.0302288891925944 0 15.562911422584442 1012.1056227595091 1.1732148319766038 15.366482813188519 59.2534055382101
1776678519.0285356 | 1 1 1 1 8 40.90022254757058 -72.35006775330666 2.3585894614143648 -0.7648108810107528 -0.5032286687240901 9.02132806543347 0.6330170144718785 2.4405971510850595 0 14.212375004044368 1013.0222130625007 21.131160402497525 14.415657014389542 69.81502294373334
1776678519.1275342 | 1 1 1 1 9 40.900214043183844 -72.35010456850013 0.5400344951444047 -0.9301333305287218 0.9687057851246765 8.889292106162626 3.2540057661118684 4.565386545337823 0 15.217665954663378 1012.5887874818687 -4.618925027074764 15.364852056967534 52.717789975648
1776678519.2275326 | 1 1 1 1 10 40.90018564725175 -72.35014523013143 0.8038446232760216 -0.6936656082408441 -0.6498582715666448 9.640529541150926 -3.9929456916360637 -3.746952486534969 0 15.734630051538987 1012.9489028961798 19.994791313741302 15.728112164327856 51.57042591560386
1776678519.3285313 | 1 1 1 1 8 40.900207242041596 -72.3501243720013 2.158719098660508 0.5408494390885723 0.9741479257081993 8.629714866293769 1.1936169844965328 -0.49645671297314564 0 14.08420123184873 1013.8475148335727 -10.363254257392445 14.168128907732159 39.63133636038259
1776678519.4295297 | 1 1 1 1 10 40.90023005004862 -72.3501005900116 3.5943455521932055 -0.597451908413243 0.6768576221938103 9.148983357120391 -0.8240491427042773 1.0171918073101764 0 15.903757318511573 1013.6782119885501 22.502064783067574 16.30690819663087 59.70033666780621
1776678519.5315282 | 1 1 1 1 10 40.900210119701605 -72.35005106422733 2.2960418657506274 -0.31920921629084487 -0.23897917476399244 9.10227731725115 -3.178319985034419 -0.8784897957810136 0 15.945369014104482 1012.4468948517751 -17.180075968537 15.782583711846671 58.77138853659873
1776678519.6335268 | 1 1 1 1 10 40.90019787399576 -72.35009958183855 117.08686633669448 0.656142664562078 0.5046321235573612 11.47291391606868 3.326842488824612 4.776630095057824 120 14.036911813464446 1009.6004867808964 123.19108603090784 13.628156992577248 53.69645297226919
1776678519.7335253 | 1 1 1 1 12 40.900152670031424 -72.35014067431203 241.46159240189604 0.6202586593922392 -0.45317674586821677 14.759512624374223 -3.204328548284252 -3.7196109786254183 120 14.700801348099507 1004.7630317187154 251.79935717200445 14.634838877887773 31.4986599263825
1776678519.8335238 | 1 1 1 1 9 40.90019575840187 -72.35009458316684 366.127735816205 0.6550815751139147 0.7272344816361944 11.153074957384534 0.35567462241101033 -4.933458352257633 120 13.3884307933532 1001.4614562682581 352.4229106510143 13.882731769845375 61.317170399424725
1776678519.9335225 | 1 1 1 1 12 40.90021123113718 -72.3501258202263 482.5148472030801 0.34508439880685415 -0.19537219133989758 11.225553192616744 -2.571057731791454 -3.1153068127613412 120 13.902032876219627 998.5973912654218 472.5873496818667 13.788565310940681 60.04558878360728
1776678520.033521 | 1 1 1 1 7 40.9002317523822 -72.350108121638 598.7980378028666 -0.42733319902372147 0.16196214103359652 13.542809924027083 -0.8575444280044255 0.6097036579473656 120 14.703220192850697 995.3834132166678 616.5228345367643 14.275796945571502 64.92383617170164
1776678520.1365194 | 1 1 1 1 11 40.90020815455521 -72.3501466811167 715.4251121776035 0.8898498844692029 -0.9518158696816412 10.913735652852711 3.0922373415646245 -0.4937727999839989 120 13.218854727854815 991.4154314166636 730.5980431440419 13.093341055525318 59.259697203914016
1776678520.238518 | 1 1 1 1 12 40.90025216081972 -72.35018592453088 841.2978355780203 0.38385016059888355 0.27662930527053975 13.06043127793475 3.3415852405220576 -0.3136197373532612 120 12.932699216568702 987.6420603698076 858.0902225959624 12.718400649379634 44.58914232758977
1776678520.3415165 | 1 1 1 1 6 40.900254940140975 -72.3501897984148 956.3677111256776 0.5412618013007202 0.8846863546408557 13.562226764749042 4.834270948548086 3.582642281745855 120 12.246864255793932 984.2981867590272 956.8957348080231 12.601960271542392 60.82619934202418
1776678520.445515 | 1 1 1 1 12 40.90026667374865 -72.350232000631 1081.2043416037486 0.7252595924591638 -0.050655329646274616 11.876376490230903 0.06606349398070588 4.813195914119142 120 13.532262278983403 980.6545119118925 1093.7244185948023 13.754855176628503 48.44378824405698
1776678520.5485137 | 1 1 1 1 7 40.90024345579769 -72.35024763532402 1193.3433048805896 -0.28491989391724304 0.6217777204932617 9.376142146721731 4.504744894548034 -2.7817302930181818 120 11.94855351422387 976.9315903767615 1202.9069614107984 12.1546965501249 49.54770533737076
1776678520.652512 | 1 1 1 1 8 40.900205418883566 -72.35025053394739 1305.5618670692895 0.7775303614391011 -0.7871395711697897 11.342144656373348 -3.122002208879974 1.4508446252182141 120 11.593325042024905 973.9806273725112 1299.9471666609147 11.280580147269992 42.89086555148481
1776678520.7595105 | 1 1 1 1 8 40.90016949543062 -72.3502401939668 1422.4944557996143 0.9731198981822178 0.8513507657502535 9.120134896746032 -1.848297330879424 -3.4932656234546275 120 11.337737533751053 969.5420759148055 1424.486426697095 11.1909721974064 52.95247465162853
1776678520.859509 | 1 1 1 1 7 40.90015679455942 -72.35025582455303 1552.4002849626338 -0.10519772185282017 0.8747356904802575 14.351276030053224 -1.4793190085145556 -4.916281562308575 120 11.574320364311472 966.4697360332431 1569.128535571507 11.608423196046882 61.221059648187975
1776678520.9595075 | 1 1 1 1 10 40.900125380683285 -72.3502666098891 1682.1999420123027 0.9050313242362686 0.5805870573996987 10.29107215857602 -2.027306206274951 1.429596835651493 120 10.840758260335305 961.5928387569469 1680.4409682953683 10.451780675132177 31.099966643558435
1776678521.060506 | 1 1 1 1 10 40.9001131751724 -72.35025717014159 1807.4766554226544 0.42298334136772 0.5226305555975814 11.725674514593917 -3.956935810114075 1.9550034292645826 120 11.897966968759157 958.1916368231041 1794.797599573137 11.861236961592377 45.54741357889503
1776678521.1595047 | 1 1 1 1 8 40.90014985115825 -72.35020770231183 1919.3912661632276 0.005871944666141049 -0.6664560072926042 11.32034662657501 -3.3239815519563596 -3.2518393878166374 120 10.33755381862792 955.3628027051464 1913.030244705153 10.602750095434658 53.202262355969
1776678521.2605033 | 1 1 1 1 8 40.9001132300505 -72.35018043722165 2036.7092274053684 0.36993275605285114 0.5573190832364714 10.839602146204866 -4.738146759043018 4.229488349084127 120 11.398404159065983 951.2094772045022 2056.557430939313 11.572709887223196 65.86697912977691
1776678521.3615017 | 1 1 1 1 11 40.900085182618014 -72.35019668362237 2148.7860307868823 0.0730834180309623 0.9825255622630056 12.981824939138239 -3.7887548893774934 2.2941903258636733 120 11.665379141042898 948.6965125557357 2147.7571104388862 11.453384809481056 39.022117819989305
1776678521.4615004 | 1 1 1 1 10 40.90006681536892 -72.35015610801025 2268.2538597349517 0.2930002362006947 0.21432031796662598 11.850173341933658 -3.670915220726595 -1.342464580987346 120 9.68250484653969 945.4101670477464 2281.2553857112557 9.18552436265839 69.56949143761005
1776678521.5704987 | 1 1 1 1 11 40.900042584602915 -72.35016690351297 2385.434338768941 0.5824730637233486 -0.07379078135278472 13.633627900558261 0.9724413463699939 -0.1286756314879236 120 9.951435999486797 941.85965667563 2400.2841150708487 9.753031083014676 64.15692275975678
1776678521.684497 | 1 1 1 1 11 40.90009064808824 -72.35016795833866 2498.3876485722362 -0.37361724571069566 -0.39309429564424003 14.495669524237657 -3.3791003982161696 0.43820507824134136 120 10.352354757592266 938.2018332592061 2500.3896757933007 10.434742787860486 69.94803271596979
1776678521.7854955 | 1 1 1 1 7 40.90004296714252 -72.35013940111337 2616.1999772144236 0.025741477521237677 -0.012393863951607909 11.33407154603443 -4.715380567901929 2.9482073294262348 120 9.455964677528288 934.3934421858659 2603.960322535277 8.975727029148796 67.10336409095734
1776678521.884494 | 1 1 1 1 11 40.90005710430274 -72.35016262807227 2728.997318014133 -0.19672871402825853 -0.9413413146000631 9.187565885681481 -2.803231473604859 -4.857484979659121 120 9.437825749960263 930.7624785739358 2710.0615264336 9.416101498670399 43.225646689454095
1776678521.9854927 | 1 1 1 1 10 40.900077758020586 -72.35012175620324 2843.00487182732 -0.3626376590931073 0.4002400889818649 13.526393050960554 -0.5490731321114595 1.1011850413856692 120 10.187247424256979 927.726116825538 2825.077618556985 10.563299168797963 36.81664859672936
1776678887.079624 | 1 1 1 1 8 43.163846 -75.223290 872.4 9.99 -1.15 -0.48 -0.04 0.03 -0.01 52.25 989.38 658.44 44.96 21.00
1776678887.2176218 | 1 1 1 1 9 43.163874 -75.223290 884.2 10.02 -1.15 -0.45 -0.04 0.03 -0.01 50.85 989.39 658.08 44.78 21.00
1776678887.3186202 | 1 1 1 1 9 43.163894 -75.223292 892.4 10.08 -1.14 -0.43 -0.04 0.03 -0.01 49.97 989.42 657.33 43.88 20.00
1776678887.4246185 | 1 1 1 1 9 43.163898 -75.223294 891.4 10.05 -1.13 -0.43 -0.04 0.03 -0.01 48.96 989.46 656.16 43.34 21.00
1776678887.5266168 | 1 1 1 1 9 43.163902 -75.223257 879.6 9.94 -1.96 -0.26 -0.04 0.03 -0.01 49.53 989.45 656.25 43.34 22.00
1776678887.6276152 | 1 1 1 1 9 43.163905 -75.223260 881.6 9.92 -1.96 -0.27 -0.04 0.03 -0.01 49.59 989.45 656.25 43.34 22.00
1776678887.7316136 | 1 1 1 1 9 43.163905 -75.223260 881.6 9.94 -1.95 -0.26 -0.04 0.03 -0.01 49.64 989.46 656.17 43.34 23.00
1776678887.8406122 | 1 1 1 1 9 43.163914 -75.223269 882.5 10.03 -2.00 -0.29 -0.04 0.03 0.05 50.82 989.33 659.62 43.88 23.00
1776678887.9936097 | 1 1 1 1 9 43.163901 -75.223280 892.4 10.04 -1.14 -0.52 -0.04 0.03 -0.01 53.69 989.41 657.63 45.14 21.00
1776678888.1156077 | 1 1 1 1 9 43.163902 -75.223281 893.0 10.02 -1.16 -0.50 -0.04 0.03 -0.01 53.43 989.40 657.90 45.14 21.00
1776678888.2166061 | 1 1 1 1 9 43.163903 -75.223281 893.7 10.06 -1.15 -0.52 -0.04 0.02 0.00 53.22 989.38 658.44 45.14 21.00
1776679369.1662288 | 1 1 1 1 8 43.163846 -75.223290 872.4 9.99 -1.15 -0.48 -0.04 0.03 -0.01 52.25 989.38 658.44 44.96 21.00
1776679369.6982207 | 1 1 1 1 9 43.163874 -75.223290 884.2 10.02 -1.15 -0.45 -0.04 0.03 -0.01 50.85 989.39 658.08 44.78 21.00
1776679369.8262188 | 1 1 1 1 9 43.163894 -75.223292 892.4 10.08 -1.14 -0.43 -0.04 0.03 -0.01 49.97 989.42 657.33 43.88 20.00
1776679369.9312172 | 1 1 1 1 9 43.163898 -75.223294 891.4 10.05 -1.13 -0.43 -0.04 0.03 -0.01 48.96 989.46 656.16 43.34 21.00
1776679370.0372155 | 1 1 1 1 9 43.163902 -75.223257 879.6 9.94 -1.96 -0.26 -0.04 0.03 -0.01 49.53 989.45 656.25 43.34 22.00
1776679370.1462138 | 1 1 1 1 9 43.163905 -75.223260 881.6 9.92 -1.96 -0.27 -0.04 0.03 -0.01 49.59 989.45 656.25 43.34 22.00
1776679370.2472122 | 1 1 1 1 9 43.163905 -75.223260 881.6 9.94 -1.95 -0.26 -0.04 0.03 -0.01 49.64 989.46 656.17 43.34 23.00
1776679370.3592107 | 1 1 1 1 9 43.163914 -75.223269 882.5 10.03 -2.00 -0.29 -0.04 0.03 0.05 50.82 989.33 659.62 43.88 23.00
1776679370.4682093 | 1 1 1 1 9 43.163901 -75.223280 892.4 10.04 -1.14 -0.52 -0.04 0.03 -0.01 53.69 989.41 657.63 45.14 21.00
1776679370.5722075 | 1 1 1 1 9 43.163902 -75.223281 893.0 10.02 -1.16 -0.50 -0.04 0.03 -0.01 53.43 989.40 657.90 45.14 21.00
1776679370.6722062 | 1 1 1 1 9 43.163903 -75.223281 893.7 10.06 -1.15 -0.52 -0.04 0.02 0.00 53.22 989.38 658.44 45.14 21.00
1776679597.8087907 | 1 1 1 1 8 43.163846 -75.223290 872.4 9.99 -1.15 -0.48 -0.04 0.03 -0.01 52.25 989.38 658.44 44.96 21.00
1776679597.925789 | 1 1 1 1 9 43.163874 -75.223290 884.2 10.02 -1.15 -0.45 -0.04 0.03 -0.01 50.85 989.39 658.08 44.78 21.00
1776679598.0277874 | 1 1 1 1 9 43.163894 -75.223292 892.4 10.08 -1.14 -0.43 -0.04 0.03 -0.01 49.97 989.42 657.33 43.88 20.00
1776679598.1347861 | 1 1 1 1 9 43.163898 -75.223294 891.4 10.05 -1.13 -0.43 -0.04 0.03 -0.01 48.96 989.46 656.16 43.34 21.00
1776679598.251784 | 1 1 1 1 9 43.163902 -75.223257 879.6 9.94 -1.96 -0.26 -0.04 0.03 -0.01 49.53 989.45 656.25 43.34 22.00
1776679598.3557827 | 1 1 1 1 9 43.163905 -75.223260 881.6 9.92 -1.96 -0.27 -0.04 0.03 -0.01 49.59 989.45 656.25 43.34 22.00
1776679598.4587812 | 1 1 1 1 9 43.163905 -75.223260 881.6 9.94 -1.95 -0.26 -0.04 0.03 -0.01 49.64 989.46 656.17 43.34 23.00
1776679598.5607796 | 1 1 1 1 9 43.163914 -75.223269 882.5 10.03 -2.00 -0.29 -0.04 0.03 0.05 50.82 989.33 659.62 43.88 23.00
1776679598.6717777 | 1 1 1 1 9 43.163901 -75.223280 892.4 10.04 -1.14 -0.52 -0.04 0.03 -0.01 53.69 989.41 657.63 45.14 21.00
1776679598.7737763 | 1 1 1 1 9 43.163902 -75.223281 893.0 10.02 -1.16 -0.50 -0.04 0.03 -0.01 53.43 989.40 657.90 45.14 21.00
1776679598.8747747 | 1 1 1 1 9 43.163903 -75.223281 893.7 10.06 -1.15 -0.52 -0.04 0.02 0.00 53.22 989.38 658.44 45.14 21.00
1776679764.5142996 | 1 1 1 1 8 43.163846 -75.223290 872.4 9.99 -1.15 -0.48 -0.04 0.03 -0.01 52.25 989.38 658.44 44.96 21.00
1776679764.6502976 | 1 1 1 1 9 43.163874 -75.223290 884.2 10.02 -1.15 -0.45 -0.04 0.03 -0.01 50.85 989.39 658.08 44.78 21.00
1776679764.753296 | 1 1 1 1 9 43.163894 -75.223292 892.4 10.08 -1.14 -0.43 -0.04 0.03 -0.01 49.97 989.42 657.33 43.88 20.00
1776679764.8602943 | 1 1 1 1 9 43.163898 -75.223294 891.4 10.05 -1.13 -0.43 -0.04 0.03 -0.01 48.96 989.46 656.16 43.34 21.00
1776679764.9712927 | 1 1 1 1 9 43.163902 -75.223257 879.6 9.94 -1.96 -0.26 -0.04 0.03 -0.01 49.53 989.45 656.25 43.34 22.00
1776679765.0742912 | 1 1 1 1 9 43.163905 -75.223260 881.6 9.92 -1.96 -0.27 -0.04 0.03 -0.01 49.59 989.45 656.25 43.34 22.00
1776679765.1872897 | 1 1 1 1 9 43.163905 -75.223260 881.6 9.94 -1.95 -0.26 -0.04 0.03 -0.01 49.64 989.46 656.17 43.34 23.00
1776679765.290288 | 1 1 1 1 9 43.163914 -75.223269 882.5 10.03 -2.00 -0.29 -0.04 0.03 0.05 50.82 989.33 659.62 43.88 23.00
1776679765.3902867 | 1 1 1 1 9 43.163901 -75.223280 892.4 10.04 -1.14 -0.52 -0.04 0.03 -0.01 53.69 989.41 657.63 45.14 21.00
1776679765.4892852 | 1 1 1 1 9 43.163902 -75.223281 893.0 10.02 -1.16 -0.50 -0.04 0.03 -0.01 53.43 989.40 657.90 45.14 21.00
1776679765.5902836 | 1 1 1 1 9 43.163903 -75.223281 893.7 10.06 -1.15 -0.52 -0.04 0.02 0.00 53.22 989.38 658.44 45.14 21.00
1776679892.6023917 | 1 1 1 1 8 43.163846 -75.223290 872.4 9.99 -1.15 -0.48 -0.04 0.03 -0.01 52.25 989.38 658.44 44.96 21.00
1776679892.7763891 | 1 1 1 1 9 43.163874 -75.223290 884.2 10.02 -1.15 -0.45 -0.04 0.03 -0.01 50.85 989.39 658.08 44.78 21.00
1776679892.8773875 | 1 1 1 1 9 43.163894 -75.223292 892.4 10.08 -1.14 -0.43 -0.04 0.03 -0.01 49.97 989.42 657.33 43.88 20.00
1776679892.9783862 | 1 1 1 1 9 43.163898 -75.223294 891.4 10.05 -1.13 -0.43 -0.04 0.03 -0.01 48.96 989.46 656.16 43.34 21.00
1776679893.0823846 | 1 1 1 1 9 43.163902 -75.223257 879.6 9.94 -1.96 -0.26 -0.04 0.03 -0.01 49.53 989.45 656.25 43.34 22.00
1776679893.183383 | 1 1 1 1 9 43.163905 -75.223260 881.6 9.92 -1.96 -0.27 -0.04 0.03 -0.01 49.59 989.45 656.25 43.34 22.00
1776679893.2853816 | 1 1 1 1 9 43.163905 -75.223260 881.6 9.94 -1.95 -0.26 -0.04 0.03 -0.01 49.64 989.46 656.17 43.34 23.00
1776679893.448379 | 1 1 1 1 9 43.163914 -75.223269 882.5 10.03 -2.00 -0.29 -0.04 0.03 0.05 50.82 989.33 659.62 43.88 23.00
1776679893.5483775 | 1 1 1 1 9 43.163901 -75.223280 892.4 10.04 -1.14 -0.52 -0.04 0.03 -0.01 53.69 989.41 657.63 45.14 21.00
1776679893.647376 | 1 1 1 1 9 43.163902 -75.223281 893.0 10.02 -1.16 -0.50 -0.04 0.03 -0.01 53.43 989.40 657.90 45.14 21.00
1776679893.7473745 | 1 1 1 1 9 43.163903 -75.223281 893.7 10.06 -1.15 -0.52 -0.04 0.02 0.00 53.22 989.38 658.44 45.14 21.00
1777779303.2395375 | 1 1 1 1 9 40.7128 -74.0060 0 0.1 0.0 9.8 0 0 0 15.0 101325 0 15.1 60
1777779303.3405364 | 1 1 1 1 9 40.71281 -74.00601 5 5.2 0.1 20.5 0 0 0 14.9 101200 5 15.0 60
1777779303.4455347 | 1 1 1 1 9 40.71282 -74.00602 20 10.5 0.2 30.2 0 0 0 14.8 101000 20 14.9 59
1777779303.5545335 | 1 1 1 1 9 40.71283 -74.00603 50 15.1 0.1 35.0 0 0 0 14.6 100800 50 14.7 59
1777779303.6555321 | 1 1 1 1 9 40.71284 -74.00604 100 20.0 0.0 40.0 0 0 0 14.3 100500 100 14.4 58
1777779303.757531 | 1 1 1 1 9 40.71286 -74.00606 200 18.0 -0.2 35.0 0 0 0 13.9 100000 200 14.0 58
1777779303.8595295 | 1 1 1 1 9 40.71288 -74.00608 350 12.0 0.0 28.0 0 0 0 13.3 99500 350 13.4 57
1777779303.964528 | 1 1 1 1 9 40.71290 -74.00610 600 8.0 -0.1 22.0 0 0 0 12.5 98500 600 12.6 57
1777779304.0655267 | 1 1 1 1 9 40.71293 -74.00613 900 5.0 0.0 18.0 0 0 0 11.5 97000 900 11.6 56
1777779304.1675255 | 1 1 1 1 9 40.71296 -74.00616 1300 3.0 0.0 15.0 0 0 0 10.5 95000 1300 10.6 55
1777779304.2685242 | 1 1 1 1 9 40.71300 -74.00620 1800 2.0 0.0 12.0 0 0 0 9.0 92000 1800 9.1 55
1777779304.370523 | 1 1 1 1 9 40.71305 -74.00625 2400 1.0 0.0 10.0 0 0 0 7.5 88000 2400 7.6 54
1777779304.5085213 | 1 1 1 1 9 40.71310 -74.00630 3000 0.5 0.0 9.5 0 0 0 6.0 84000 3000 6.1 53
1777779304.6165197 | 1 1 1 1 9 40.71315 -74.00635 3600 0.2 0.0 9.2 0 0 0 4.5 80000 3600 4.6 52
1777779304.7195184 | 1 1 1 1 9 40.71320 -74.00640 4200 0.1 0.0 9.0 0 0 0 3.0 76000 4200 3.1 51
1777779304.8185172 | 1 1 1 1 9 40.71325 -74.00645 4800 0.0 0.0 9.0 0 0 0 2.0 72000 4800 2.1 50
1777779304.9215157 | 1 1 1 1 9 40.71330 -74.00650 5200 -0.2 0.0 9.1 0 0 0 1.0 69000 5200 1.1 50
1777779305.0205145 | 1 1 1 1 9 40.71335 -74.00655 5500 -0.5 0.0 9.2 0 0 0 0.5 67000 5500 0.6 49
1777779305.1255133 | 1 1 1 1 9 40.71340 -74.00660 5600 -0.8 0.0 9.3 0 0 0 0.3 66000 5600 0.4 49
1777779305.226512 | 1 1 1 1 9 40.71345 -74.00665 5550 -1.2 0.0 9.4 0 0 0 0.5 66500 5550 0.6 50
1777779305.3285108 | 1 1 1 1 9 40.71350 -74.00670 5400 -2.0 0.0 9.6 0 0 0 1.0 68000 5400 1.1 51
1777779305.4315093 | 1 1 1 1 9 40.71355 -74.00675 5100 -3.0 0.0 9.8 0 0 0 2.0 70000 5100 2.1 52
1777779305.5395079 | 1 1 1 1 9 40.71360 -74.00680 4700 -4.0 0.0 10.0 0 0 0 3.5 73000 4700 3.6 53
1777779305.6405065 | 1 1 1 1 9 40.71365 -74.00685 4200 -5.0 0.0 10.5 0 0 0 5.0 76000 4200 5.1 54
1777779305.7425053 | 1 1 1 1 9 40.71370 -74.00690 3600 -6.0 0.0 11.0 0 0 0 7.0 80000 3600 7.1 55
1777779305.843504 | 1 1 1 1 9 40.71375 -74.00695 3000 -7.0 0.0 12.0 0 0 0 9.0 84000 3000 9.1 56
1777779305.9455028 | 1 1 1 1 9 40.71380 -74.00700 2400 -8.0 0.0 13.0 0 0 0 11.0 88000 2400 11.1 57
1777779306.0445015 | 1 1 1 1 9 40.71385 -74.00705 1800 -9.0 0.0 14.0 0 0 0 12.5 92000 1800 12.6 58
1777779306.1445 | 1 1 1 1 9 40.71390 -74.00710 1200 -10.0 0.0 15.0 0 0 0 13.5 96000 1200 13.6 59
1777779306.2504988 | 1 1 1 1 9 40.71395 -74.00715 700 -8.0 0.0 13.0 0 0 0 14.0 99000 700 14.1 60
1777779306.3644972 | 1 1 1 1 9 40.71400 -74.00720 300 -5.0 0.0 11.0 0 0 0 14.5 101000 300 14.6 60
1777779464.2054672 | 1 1 1 1 10 40.712817 -74.006032 0.3 0.6 0.29 30.0 0 0 0 15.14 101321.4 0.3 15.24 61.96
1777779464.3134656 | 1 1 1 1 8 40.712865 -74.006061 0.9 1.29 -0.84 29.8 0 0 0 14.71 101314.21 0.9 14.81 59.72
1777779464.4174643 | 1 1 1 1 9 40.712911 -74.006109 1.79 0.69 -1.31 29.6 0 0 0 15.25 101303.47 1.79 15.35 61.02
1777779464.5334628 | 1 1 1 1 7 40.712953 -74.00614 2.98 -0.2 -1.85 29.4 0 0 0 14.78 101289.21 2.98 14.88 61.93
1777779464.6344614 | 1 1 1 1 8 40.713 -74.006153 4.46 -1.45 1.26 29.2 0 0 0 15.09 101271.43 4.46 15.19 61.63
1777779464.73546 | 1 1 1 1 9 40.713013 -74.006165 6.23 1.14 1.42 29.0 0 0 0 15.22 101250.18 6.23 15.32 59.42
1777779464.836459 | 1 1 1 1 9 40.713053 -74.00619 8.29 -0.37 0.06 28.8 0 0 0 14.94 101225.47 8.29 15.04 58.08
1777779464.9394577 | 1 1 1 1 10 40.713065 -74.006227 10.63 -1.82 0.68 28.6 0 0 0 15.02 101197.34 10.63 15.12 61.01
1777779465.0394564 | 1 1 1 1 7 40.713091 -74.006249 13.26 1.62 -1.18 28.4 0 0 0 14.95 101165.81 13.26 15.05 59.95
1777779465.140455 | 1 1 1 1 10 40.713115 -74.006284 16.17 -0.64 -0.65 28.2 0 0 0 14.75 101130.9 16.17 14.85 61.64
1777779465.2424538 | 1 1 1 1 10 40.713139 -74.006312 19.36 0.75 1.22 28.0 0 0 0 14.88 101092.64 19.36 14.98 59.38
1777779465.3434525 | 1 1 1 1 8 40.713176 -74.00634 22.83 -1.17 0.77 27.8 0 0 0 15.06 101051.06 22.83 15.16 59.08
1777779465.445451 | 1 1 1 1 9 40.713198 -74.006366 26.57 -1.98 -1.51 27.6 0 0 0 14.64 101006.19 26.57 14.74 61.11
1777779465.5454497 | 1 1 1 1 7 40.713216 -74.006411 30.59 -1.04 -1.02 27.4 0 0 0 14.86 100958.06 30.59 14.96 61.81
1777779465.6474485 | 1 1 1 1 9 40.713233 -74.006448 34.88 -0.43 -0.04 27.2 0 0 0 14.57 100906.68 34.88 14.67 57.95
1777779465.749447 | 1 1 1 1 8 40.713279 -74.006477 39.44 -0.91 -1.19 27.0 0 0 0 14.9 100852.1 39.44 15.0 60.89
1777779465.8514457 | 1 1 1 1 8 40.713314 -74.006515 44.27 1.11 -1.06 26.8 0 0 0 14.81 100794.33 44.27 14.91 60.03
1777779465.9604445 | 1 1 1 1 7 40.713364 -74.006558 49.36 1.85 1.38 26.6 0 0 0 14.87 100733.41 49.36 14.97 61.51
1777779466.070443 | 1 1 1 1 10 40.713409 -74.006593 54.72 1.7 1.53 26.4 0 0 0 14.4 100669.36 54.72 14.5 57.84
1777779466.1744418 | 1 1 1 1 9 40.713422 -74.006628 60.34 -1.38 1.12 26.2 0 0 0 14.39 100602.22 60.34 14.49 60.51
1777779466.2754405 | 1 1 1 1 7 40.71346 -74.006677 66.22 0.7 0.22 26.0 0 0 0 14.51 100532.01 66.22 14.61 57.91
1777779466.3754392 | 1 1 1 1 9 40.713507 -74.006716 72.36 -0.55 -0.17 25.8 0 0 0 14.3 100458.77 72.36 14.4 59.63
1777779466.4854376 | 1 1 1 1 10 40.713552 -74.006748 78.75 1.14 0.08 25.6 0 0 0 14.75 100382.51 78.75 14.85 58.21
1777779466.5864363 | 1 1 1 1 8 40.713601 -74.006759 85.4 0.84 1.79 25.4 0 0 0 14.41 100303.27 85.4 14.51 61.36
1777779466.6884348 | 1 1 1 1 10 40.713621 -74.006777 92.3 1.26 0.39 25.2 0 0 0 14.66 100221.09 92.3 14.76 57.58
1777779466.7954338 | 1 1 1 1 7 40.713642 -74.006824 99.45 -0.45 1.54 25.0 0 0 0 14.26 100135.98 99.45 14.36 58.88
1777779466.8954325 | 1 1 1 1 7 40.713679 -74.006848 106.85 -1.53 -1.72 24.8 0 0 0 14.48 100047.99 106.85 14.58 59.53
1777779467.0224307 | 1 1 1 1 10 40.713715 -74.006872 114.49 -0.01 0.05 24.6 0 0 0 13.98 99957.13 114.49 14.08 60.56
1777779467.1304295 | 1 1 1 1 10 40.713755 -74.006919 122.38 1.72 0.66 24.4 0 0 0 14.27 99863.44 122.38 14.37 60.9
1777779467.233428 | 1 1 1 1 7 40.71379 -74.006957 130.51 0.78 1.63 24.2 0 0 0 14.18 99766.95 130.51 14.28 60.09
1777779467.3344266 | 1 1 1 1 9 40.713818 -74.006998 138.88 0.36 -0.71 24.0 0 0 0 13.85 99667.7 138.88 13.95 58.86
1777779467.4354255 | 1 1 1 1 7 40.713833 -74.007047 147.49 1.04 -1.95 23.8 0 0 0 14.25 99565.7 147.49 14.35 57.5
1777779467.537424 | 1 1 1 1 10 40.713862 -74.007085 156.33 0.04 -0.86 23.6 0 0 0 14.16 99461.0 156.33 14.26 59.52
1777779467.6394227 | 1 1 1 1 10 40.713886 -74.007113 165.41 -1.85 1.28 23.4 0 0 0 14.2 99353.62 165.41 14.3 57.91
1777779467.7424214 | 1 1 1 1 7 40.713934 -74.007158 174.72 -0.95 -0.82 23.2 0 0 0 13.77 99243.59 174.72 13.87 57.61
1777779467.8464203 | 1 1 1 1 9 40.713973 -74.007204 184.26 -0.34 -0.62 23.0 0 0 0 13.61 99130.95 184.26 13.71 60.95
1777779467.9484189 | 1 1 1 1 10 40.714023 -74.007253 194.03 -0.15 1.32 22.8 0 0 0 14.0 99015.72 194.03 14.1 59.54
1777779468.0494175 | 1 1 1 1 10 40.714047 -74.007281 204.02 1.63 -1.55 22.6 0 0 0 13.51 98897.94 204.02 13.61 58.34
1777779468.1494162 | 1 1 1 1 9 40.71406 -74.007319 214.24 0.37 0.36 22.4 0 0 0 13.41 98777.63 214.24 13.51 59.18
1777779468.251415 | 1 1 1 1 9 40.714104 -74.007343 224.68 -0.53 -0.17 22.2 0 0 0 13.35 98654.84 224.68 13.45 60.17
1777779468.3504136 | 1 1 1 1 7 40.714135 -74.007364 235.34 -1.47 1.67 22.0 0 0 0 13.19 98529.58 235.34 13.29 57.56
1777779468.4504123 | 1 1 1 1 7 40.714174 -74.00739 246.22 -1.46 -0.44 21.8 0 0 0 13.22 98401.89 246.22 13.32 59.09
1777779468.549411 | 1 1 1 1 10 40.714216 -74.007422 257.31 -1.64 1.95 21.6 0 0 0 13.51 98271.81 257.31 13.61 60.17
1777779468.6494098 | 1 1 1 1 8 40.714259 -74.007436 268.62 1.35 1.0 21.4 0 0 0 13.02 98139.36 268.62 13.12 57.25
1777779468.7494085 | 1 1 1 1 7 40.714289 -74.007457 280.14 -0.71 -0.5 21.2 0 0 0 13.23 98004.58 280.14 13.33 58.8
1777779468.8524072 | 1 1 1 1 9 40.714304 -74.007505 291.87 0.1 -0.52 21.0 0 0 0 13.36 97867.5 291.87 13.46 57.43
1777779468.9514058 | 1 1 1 1 10 40.714334 -74.007525 303.81 -0.39 1.18 20.8 0 0 0 12.8 97728.14 303.81 12.9 57.47
1777779469.0514045 | 1 1 1 1 9 40.71438 -74.007573 315.95 1.16 0.69 20.6 0 0 0 13.01 97586.54 315.95 13.11 60.41
1777779469.1504033 | 1 1 1 1 7 40.714397 -74.007617 328.3 -0.57 -0.73 20.4 0 0 0 13.11 97442.74 328.3 13.21 58.7
1777779469.249402 | 1 1 1 1 10 40.714421 -74.007635 340.85 1.51 -1.64 20.2 0 0 0 12.83 97296.76 340.85 12.93 56.35
1777779469.353401 | 1 1 1 1 10 40.714461 -74.007661 353.6 -1.79 -0.02 20.0 0 0 0 12.71 97148.63 353.6 12.81 59.89
1777779469.4613993 | 1 1 1 1 10 40.714498 -74.007691 366.55 -0.26 -1.96 19.8 0 0 0 12.78 96998.39 366.55 12.88 58.76
1777779469.562398 | 1 1 1 1 10 40.714517 -74.007738 379.69 -0.79 -0.14 19.6 0 0 0 12.52 96846.07 379.69 12.62 59.73
1777779469.6623967 | 1 1 1 1 9 40.714533 -74.007764 393.03 -1.56 0.32 19.4 0 0 0 12.36 96691.7 393.03 12.46 58.3
1777779469.7613955 | 1 1 1 1 7 40.714565 -74.007787 406.56 1.81 -0.11 19.2 0 0 0 12.57 96535.31 406.56 12.67 59.49
1777779469.862394 | 1 1 1 1 7 40.714612 -74.007828 420.28 0.85 0.14 19.0 0 0 0 12.26 96376.93 420.28 12.36 56.33
1777779469.964393 | 1 1 1 1 10 40.714659 -74.007854 434.19 0.21 1.49 18.8 0 0 0 12.22 96216.59 434.19 12.32 59.79
1777779470.0663915 | 1 1 1 1 10 40.714685 -74.007877 448.28 -1.7 1.18 18.6 0 0 0 12.21 96054.34 448.28 12.31 56.95
1777779470.16739 | 1 1 1 1 10 40.714714 -74.00792 462.56 0.93 0.68 18.4 0 0 0 12.08 95890.19 462.56 12.18 59.48
1777779470.2693892 | 1 1 1 1 9 40.714739 -74.007941 477.02 1.94 -1.91 18.2 0 0 0 12.15 95724.18 477.02 12.25 57.29
1777779470.3703878 | 1 1 1 1 7 40.714751 -74.007969 491.66 1.63 -0.94 18.0 0 0 0 11.84 95556.34 491.66 11.94 55.84
1777779470.4733863 | 1 1 1 1 9 40.714796 -74.007981 506.48 0.77 0.06 17.8 0 0 0 11.76 95386.7 506.48 11.86 57.87
1777779470.587385 | 1 1 1 1 10 40.71483 -74.008005 521.47 1.9 1.34 17.6 0 0 0 11.4 95215.3 521.47 11.5 57.88
1777779470.6923835 | 1 1 1 1 7 40.71486 -74.008033 536.64 -1.33 1.15 17.4 0 0 0 11.38 95042.16 536.64 11.48 56.14
1777779470.794382 | 1 1 1 1 9 40.714902 -74.008053 551.98 -1.17 0.05 17.2 0 0 0 11.34 94867.32 551.98 11.44 56.12
1777779470.8973808 | 1 1 1 1 8 40.714921 -74.008084 567.49 0.08 -1.04 17.0 0 0 0 11.37 94690.8 567.49 11.47 56.73
1777779471.0003796 | 1 1 1 1 10 40.714937 -74.008097 583.17 0.94 0.28 16.8 0 0 0 11.15 94512.65 583.17 11.25 57.92
1777779471.1023781 | 1 1 1 1 7 40.714986 -74.008118 599.01 1.88 1.87 16.6 0 0 0 11.26 94332.88 599.01 11.36 57.45
1777779471.203377 | 1 1 1 1 7 40.715013 -74.008165 615.02 -1.99 -1.67 16.4 0 0 0 10.98 94151.53 615.02 11.08 56.94
1777779471.3043756 | 1 1 1 1 8 40.715028 -74.008197 631.19 -0.93 0.02 16.2 0 0 0 11.1 93968.64 631.19 11.2 58.83
1777779471.4073744 | 1 1 1 1 7 40.715075 -74.008235 647.52 0.95 1.12 16.0 0 0 0 10.87 93784.22 647.52 10.97 58.34
1777779471.509373 | 1 1 1 1 7 40.715121 -74.008264 664.01 -0.45 -1.18 15.8 0 0 0 10.87 93598.32 664.01 10.97 55.81
1777779471.6333714 | 1 1 1 1 9 40.715159 -74.008313 680.65 1.39 1.86 15.6 0 0 0 10.33 93410.97 680.65 10.43 56.94
1777779471.73537 | 1 1 1 1 9 40.715174 -74.00834 697.45 0.89 -1.5 15.4 0 0 0 10.6 93222.18 697.45 10.7 55.23
1777779471.8373687 | 1 1 1 1 7 40.715205 -74.008373 714.4 1.47 1.25 15.2 0 0 0 10.52 93032.01 714.4 10.62 55.36
1777779471.9383676 | 1 1 1 1 8 40.715243 -74.008415 731.5 -0.41 0.96 15.0 0 0 0 9.96 92840.47 731.5 10.06 54.73
1777779472.0423663 | 1 1 1 1 8 40.715277 -74.008463 748.75 -1.79 0.45 14.8 0 0 0 10.18 92647.59 748.75 10.28 55.27
1777779472.1563644 | 1 1 1 1 9 40.715309 -74.0085 766.14 -0.66 -0.1 14.6 0 0 0 10.22 92453.41 766.14 10.32 55.33
1777779472.2593634 | 1 1 1 1 8 40.715349 -74.008545 783.68 -1.83 -1.53 14.4 0 0 0 9.92 92257.96 783.68 10.02 55.64
1777779472.3623621 | 1 1 1 1 10 40.715383 -74.00858 801.36 -1.21 0.21 14.2 0 0 0 9.6 92061.26 801.36 9.7 54.02
1777779472.4653606 | 1 1 1 1 7 40.715404 -74.008612 818.94 1.27 0.75 -9.8 0 0 0 9.38 91865.99 818.94 9.48 54.46
1777779472.5683594 | 1 1 1 1 9 40.715431 -74.008659 836.43 -1.54 -1.53 -9.8 0 0 0 9.83 91672.14 836.43 9.93 55.69
1777779472.6713579 | 1 1 1 1 10 40.715447 -74.008672 853.81 0.84 -1.15 -9.8 0 0 0 9.32 91479.71 853.81 9.42 54.24
1777779472.7743568 | 1 1 1 1 10 40.715485 -74.00869 871.1 -0.08 -1.65 -9.8 0 0 0 9.42 91288.69 871.1 9.52 54.35
1777779472.8763554 | 1 1 1 1 10 40.715507 -74.008715 888.29 1.37 1.23 -9.8 0 0 0 9.01 91099.07 888.29 9.11 57.45
1777779472.977354 | 1 1 1 1 8 40.715542 -74.008733 905.38 1.51 -0.89 -9.8 0 0 0 9.38 90910.84 905.38 9.48 57.12
1777779473.0793529 | 1 1 1 1 8 40.715588 -74.008779 922.38 0.87 -0.98 -9.8 0 0 0 8.83 90724.01 922.38 8.93 55.24
1777779473.1823514 | 1 1 1 1 8 40.715603 -74.008798 939.27 0.79 0.49 -9.8 0 0 0 8.72 90538.56 939.27 8.82 55.62
1777779473.3063498 | 1 1 1 1 9 40.71564 -74.00883 956.07 -0.15 0.45 -9.8 0 0 0 8.58 90354.5 956.07 8.68 56.13
1777779473.4073484 | 1 1 1 1 8 40.715655 -74.008845 972.77 1.52 -1.29 -9.8 0 0 0 8.4 90171.81 972.77 8.5 56.36
1777779473.508347 | 1 1 1 1 7 40.71568 -74.008891 989.37 -1.15 1.12 -9.8 0 0 0 8.52 89990.48 989.37 8.62 53.39
1777779473.6093462 | 1 1 1 1 10 40.715728 -74.008934 1005.88 -0.56 1.97 -9.8 0 0 0 8.51 89810.52 1005.88 8.61 54.91
1777779473.7113447 | 1 1 1 1 9 40.715747 -74.008964 1022.28 -0.78 -1.15 -9.8 0 0 0 8.27 89631.92 1022.28 8.37 56.09
1777779473.8143435 | 1 1 1 1 7 40.715772 -74.009009 1038.59 -1.6 0.17 -9.8 0 0 0 8.26 89454.67 1038.59 8.36 56.8
1777779473.9183419 | 1 1 1 1 9 40.715782 -74.009051 1054.8 -1.07 -0.91 -9.8 0 0 0 8.34 89278.76 1054.8 8.44 52.83
1777779474.0203407 | 1 1 1 1 9 40.715825 -74.009094 1070.91 -0.28 1.78 -9.8 0 0 0 7.84 89104.2 1070.91 7.94 55.79
1777779474.1233392 | 1 1 1 1 9 40.715873 -74.009142 1086.93 0.53 0.25 -9.8 0 0 0 7.94 88930.97 1086.93 8.04 53.01
1777779474.2243378 | 1 1 1 1 8 40.715916 -74.009174 1102.84 -0.3 -1.95 -9.8 0 0 0 7.65 88759.08 1102.84 7.75 52.85
1777779474.3263369 | 1 1 1 1 7 40.715962 -74.009187 1118.66 -0.28 -0.57 -9.8 0 0 0 7.56 88588.51 1118.66 7.66 55.21
1777779474.460335 | 1 1 1 1 8 40.71599 -74.009236 1134.38 1.41 1.89 -9.8 0 0 0 7.58 88419.25 1134.38 7.68 53.37
1777779474.5613337 | 1 1 1 1 10 40.716016 -74.009273 1150.0 -0.33 -0.19 -9.8 0 0 0 7.34 88251.32 1150.0 7.44 54.23
1777779474.6643324 | 1 1 1 1 9 40.716027 -74.009319 1165.53 0.02 1.45 -9.8 0 0 0 7.56 88084.69 1165.53 7.66 55.17
1777779474.7673311 | 1 1 1 1 7 40.716067 -74.009333 1180.95 -1.75 1.81 -9.8 0 0 0 7.52 87919.36 1180.95 7.62 52.39
1777779474.8693297 | 1 1 1 1 9 40.716106 -74.009358 1196.28 -0.47 0.56 -9.8 0 0 0 7.18 87755.34 1196.28 7.28 53.68
1777779474.9713285 | 1 1 1 1 7 40.716117 -74.009384 1211.51 -0.67 -0.72 -9.8 0 0 0 6.87 87592.61 1211.51 6.97 53.94
1777779475.0723271 | 1 1 1 1 10 40.716135 -74.00942 1226.64 0.33 1.16 -9.8 0 0 0 7.31 87431.17 1226.64 7.41 53.44
1777779475.1733258 | 1 1 1 1 8 40.716154 -74.009468 1241.68 0.81 -0.94 -9.8 0 0 0 7.01 87271.01 1241.68 7.11 55.76
1777779475.2763245 | 1 1 1 1 7 40.716199 -74.009516 1256.61 -1.9 0.81 -9.8 0 0 0 6.76 87112.13 1256.61 6.86 52.37
1777779475.3803232 | 1 1 1 1 8 40.716228 -74.00956 1271.45 1.65 -1.56 -9.8 0 0 0 6.75 86954.53 1271.45 6.85 53.67
1777779475.482322 | 1 1 1 1 9 40.716261 -74.009582 1286.19 -0.88 -1.44 -9.8 0 0 0 6.77 86798.2 1286.19 6.87 52.71
1777779475.5863206 | 1 1 1 1 10 40.716294 -74.009593 1300.83 0.79 0.55 -9.8 0 0 0 6.28 86643.13 1300.83 6.38 52.31
1777779475.6923192 | 1 1 1 1 7 40.716329 -74.009608 1315.38 -1.87 0.22 -9.8 0 0 0 6.47 86489.32 1315.38 6.57 55.4
1777779475.7933178 | 1 1 1 1 10 40.716353 -74.009651 1329.82 0.36 0.13 -9.8 0 0 0 6.28 86336.77 1329.82 6.38 52.13
1777779475.8943164 | 1 1 1 1 8 40.716381 -74.009662 1344.17 -0.47 1.75 -9.8 0 0 0 6.11 86185.47 1344.17 6.21 52.14
1777779475.9993153 | 1 1 1 1 10 40.716403 -74.009692 1358.42 -0.12 -0.88 -9.8 0 0 0 6.12 86035.41 1358.42 6.22 54.4
1777779476.1113136 | 1 1 1 1 7 40.716422 -74.009731 1372.57 1.23 -0.47 -9.8 0 0 0 6.15 85886.59 1372.57 6.25 53.79
1777779476.2213123 | 1 1 1 1 10 40.716447 -74.009753 1386.63 1.35 0.75 -9.8 0 0 0 5.73 85739.02 1386.63 5.83 51.17
1777779476.3223112 | 1 1 1 1 8 40.716485 -74.009769 1400.58 0.46 0.86 -9.8 0 0 0 6.15 85592.67 1400.58 6.25 52.15
1777779476.4233098 | 1 1 1 1 8 40.716498 -74.009813 1414.44 0.16 -0.35 -9.8 0 0 0 5.9 85447.55 1414.44 6.0 50.98
1777779476.5283084 | 1 1 1 1 7 40.716538 -74.00985 1428.2 1.51 -1.83 -9.8 0 0 0 5.83 85303.66 1428.2 5.93 52.24
1777779476.632307 | 1 1 1 1 8 40.71657 -74.009884 1441.86 0.3 -0.0 -9.8 0 0 0 5.74 85160.98 1441.86 5.84 54.08
1777779476.7353058 | 1 1 1 1 9 40.716617 -74.009909 1455.43 1.47 -1.84 -9.8 0 0 0 5.3 85019.52 1455.43 5.4 53.67
1777779476.8413043 | 1 1 1 1 10 40.716643 -74.009959 1468.89 -1.16 -1.2 -9.8 0 0 0 5.53 84879.27 1468.89 5.63 54.15
1777779476.944303 | 1 1 1 1 10 40.71667 -74.009973 1482.26 0.61 1.66 -9.8 0 0 0 5.23 84740.22 1482.26 5.33 52.99
1777779477.0453017 | 1 1 1 1 7 40.716717 -74.00999 1495.53 -1.48 -1.4 -9.8 0 0 0 5.35 84602.38 1495.53 5.45 53.98
1777779477.1473002 | 1 1 1 1 9 40.716755 -74.01004 1508.7 1.04 -1.55 -9.8 0 0 0 4.93 84465.74 1508.7 5.03 50.99
1777779477.2832985 | 1 1 1 1 9 40.716775 -74.010068 1521.78 -1.31 -1.61 -9.8 0 0 0 4.91 84330.28 1521.78 5.01 53.67
1777779477.3852973 | 1 1 1 1 7 40.716807 -74.010116 1534.75 0.34 -1.42 -9.8 0 0 0 4.9 84196.02 1534.75 5.0 50.71
1777779477.487296 | 1 1 1 1 7 40.716849 -74.010149 1547.63 1.61 1.72 -9.8 0 0 0 4.97 84062.95 1547.63 5.07 50.63
1777779477.589295 | 1 1 1 1 10 40.716885 -74.010177 1560.41 1.29 -0.61 -9.8 0 0 0 4.56 83931.05 1560.41 4.66 51.05
1777779477.6902936 | 1 1 1 1 9 40.716903 -74.01021 1573.09 -0.41 1.83 -9.8 0 0 0 4.63 83800.33 1573.09 4.73 50.44
1777779477.806292 | 1 1 1 1 9 40.716921 -74.010253 1585.68 0.12 0.81 -9.8 0 0 0 4.76 83670.78 1585.68 4.86 50.29
1777779477.9092908 | 1 1 1 1 9 40.71695 -74.010277 1598.16 -0.97 1.92 -9.8 0 0 0 4.37 83542.41 1598.16 4.47 51.91
1777779478.0112894 | 1 1 1 1 9 40.716995 -74.01032 1610.55 0.11 0.02 -9.8 0 0 0 4.65 83415.2 1610.55 4.75 51.75
1777779478.112288 | 1 1 1 1 8 40.717044 -74.010338 1622.84 -1.34 -1.9 -9.8 0 0 0 4.68 83289.15 1622.84 4.78 51.57
1777779478.2162867 | 1 1 1 1 7 40.717073 -74.010369 1635.03 -1.61 0.74 -9.8 0 0 0 4.23 83164.25 1635.03 4.33 49.9
1777779478.3202856 | 1 1 1 1 7 40.71711 -74.010404 1647.13 1.99 -0.17 -9.8 0 0 0 4.12 83040.51 1647.13 4.22 51.62
1777779478.4222841 | 1 1 1 1 10 40.717137 -74.010443 1659.12 -0.7 1.59 -9.8 0 0 0 4.06 82917.93 1659.12 4.16 51.19
1777779478.5242827 | 1 1 1 1 10 40.717154 -74.01047 1671.02 0.2 0.81 -9.8 0 0 0 4.24 82796.48 1671.02 4.34 51.57
1777779478.6262815 | 1 1 1 1 10 40.717196 -74.010514 1682.82 1.61 -0.63 -9.8 0 0 0 4.04 82676.18 1682.82 4.14 52.86
1777779478.72828 | 1 1 1 1 10 40.717214 -74.010525 1694.52 1.89 0.91 -9.8 0 0 0 4.25 82557.02 1694.52 4.35 50.56
1777779478.8302786 | 1 1 1 1 8 40.71726 -74.010569 1706.13 -0.85 1.03 -9.8 0 0 0 4.16 82439.0 1706.13 4.26 50.07
1777779478.9382775 | 1 1 1 1 7 40.717272 -74.010592 1717.63 -0.77 1.01 -9.8 0 0 0 3.65 82322.1 1717.63 3.75 51.92
1777779479.0542758 | 1 1 1 1 10 40.717283 -74.010606 1729.04 0.56 1.2 -9.8 0 0 0 3.76 82206.34 1729.04 3.86 53.11
1777779479.1562748 | 1 1 1 1 9 40.717294 -74.010622 1740.35 -0.59 -1.77 -9.8 0 0 0 3.56 82091.69 1740.35 3.66 50.57
1777779479.2602732 | 1 1 1 1 7 40.717315 -74.010662 1751.56 -1.94 -1.06 -9.8 0 0 0 3.91 81978.17 1751.56 4.01 52.29
1777779479.367272 | 1 1 1 1 10 40.717345 -74.010696 1762.68 -0.29 0.39 -9.8 0 0 0 3.6 81865.77 1762.68 3.7 51.11
1777779479.4692705 | 1 1 1 1 9 40.717383 -74.010717 1773.69 1.69 -1.2 -9.8 0 0 0 3.43 81754.48 1773.69 3.53 52.87
1777779479.570269 | 1 1 1 1 10 40.717415 -74.010739 1784.61 -1.8 -0.76 -9.8 0 0 0 3.11 81644.31 1784.61 3.21 52.13
1777779479.6712677 | 1 1 1 1 7 40.717456 -74.010773 1795.43 -1.93 0.85 -9.8 0 0 0 3.09 81535.24 1795.43 3.19 50.68
1777779479.7742667 | 1 1 1 1 7 40.717497 -74.010817 1806.15 1.81 1.9 -9.8 0 0 0 3.04 81427.27 1806.15 3.14 52.8
1777779479.8762653 | 1 1 1 1 9 40.717531 -74.010852 1816.78 -0.73 -0.43 -9.8 0 0 0 2.94 81320.41 1816.78 3.04 51.79
1777779479.980264 | 1 1 1 1 9 40.717562 -74.010896 1827.3 -0.3 -1.67 -9.8 0 0 0 3.21 81214.64 1827.3 3.31 49.78
1777779480.0922627 | 1 1 1 1 9 40.717581 -74.010917 1837.73 1.57 -1.11 -9.8 0 0 0 3.08 81109.97 1837.73 3.18 50.75
1777779480.1942613 | 1 1 1 1 7 40.71762 -74.010961 1848.06 1.01 -1.77 -9.8 0 0 0 2.76 81006.39 1848.06 2.86 50.16
1777779480.29526 | 1 1 1 1 7 40.717644 -74.010995 1858.29 -1.55 0.11 -9.8 0 0 0 2.66 80903.9 1858.29 2.76 51.92
1777779480.3952587 | 1 1 1 1 7 40.717687 -74.011039 1868.43 -0.17 1.71 -9.8 0 0 0 2.7 80802.49 1868.43 2.8 51.08
1777779480.4962573 | 1 1 1 1 7 40.717699 -74.011083 1878.46 1.15 -1.18 -9.8 0 0 0 2.93 80702.17 1878.46 3.03 50.35
1777779480.597256 | 1 1 1 1 9 40.717715 -74.011101 1888.4 0.05 -0.7 -9.8 0 0 0 2.63 80602.92 1888.4 2.73 50.51
1777779480.6992548 | 1 1 1 1 10 40.717728 -74.01115 1898.24 -1.09 -0.9 -9.8 0 0 0 2.56 80504.75 1898.24 2.66 50.25
1777779480.8032534 | 1 1 1 1 8 40.717765 -74.011199 1908.03 -0.11 -1.27 -4.92 0 0 0 2.56 80407.17 1908.03 2.66 48.86
1777779480.905252 | 1 1 1 1 10 40.717776 -74.01124 1917.77 0.28 -0.44 -5.35 0 0 0 2.26 80310.21 1917.77 2.36 50.56
1777779481.0062509 | 1 1 1 1 8 40.71781 -74.011257 1927.46 0.39 -1.86 -4.8 0 0 0 2.76 80213.83 1927.46 2.86 52.07
1777779481.1102495 | 1 1 1 1 10 40.717829 -74.011287 1937.08 0.55 -1.7 -6.7 0 0 0 2.52 80118.21 1937.08 2.62 49.76
1777779481.216248 | 1 1 1 1 8 40.717875 -74.011313 1946.64 -1.08 1.54 -6.43 0 0 0 2.45 80023.32 1946.64 2.55 52.06
1777779481.3202467 | 1 1 1 1 8 40.717913 -74.011334 1956.15 1.13 1.05 -4.95 0 0 0 2.36 79929.01 1956.15 2.46 49.74
1777779481.4222453 | 1 1 1 1 8 40.717962 -74.011345 1965.59 -0.64 -1.93 -6.81 0 0 0 2.43 79835.46 1965.59 2.53 49.47
1777779481.5232441 | 1 1 1 1 8 40.717991 -74.011361 1974.97 -1.92 1.31 -5.8 0 0 0 2.08 79742.58 1974.97 2.18 50.36
1777779481.624243 | 1 1 1 1 10 40.718036 -74.011386 1984.3 -1.73 0.36 -4.83 0 0 0 1.96 79650.26 1984.3 2.06 48.85
1777779481.7252417 | 1 1 1 1 10 40.718068 -74.011431 1993.57 -0.07 1.18 -6.76 0 0 0 2.17 79558.7 1993.57 2.27 48.6
1777779481.83324 | 1 1 1 1 8 40.718085 -74.011457 2002.77 -1.17 -0.64 -6.89 0 0 0 2.25 79467.9 2002.77 2.35 47.99
1777779481.9392385 | 1 1 1 1 8 40.718117 -74.011484 2011.89 0.74 -0.18 -7.27 0 0 0 1.97 79377.9 2011.89 2.07 48.92
1777779482.0422375 | 1 1 1 1 8 40.718143 -74.011525 2020.95 -1.22 -0.0 -6.7 0 0 0 2.09 79288.64 2020.95 2.19 51.64
1777779482.148236 | 1 1 1 1 7 40.718192 -74.011546 2029.94 -0.99 0.92 -6.81 0 0 0 1.71 79200.14 2029.94 1.81 50.53
1777779482.2502348 | 1 1 1 1 9 40.718232 -74.011578 2038.85 0.59 -0.08 -7.36 0 0 0 1.73 79112.44 2038.85 1.83 51.59
1777779482.4392323 | 1 1 1 1 10 40.718245 -74.011588 2047.7 -2.0 1.74 -6.74 0 0 0 1.86 79025.48 2047.7 1.96 48.03
1777779482.547231 | 1 1 1 1 7 40.71829 -74.011612 2056.49 1.72 1.06 -6.33 0 0 0 1.58 78939.22 2056.49 1.68 50.96
1777779482.6502295 | 1 1 1 1 7 40.718326 -74.011629 2065.21 -0.79 0.63 -6.12 0 0 0 1.56 78853.63 2065.21 1.66 48.77
1777779482.7522283 | 1 1 1 1 10 40.71835 -74.011652 2073.87 -1.56 -0.77 -6.45 0 0 0 1.33 78768.76 2073.87 1.43 49.51
1777779482.853227 | 1 1 1 1 7 40.718372 -74.011692 2082.47 -0.08 1.32 -5.98 0 0 0 1.71 78684.54 2082.47 1.81 49.11
1777779482.9772255 | 1 1 1 1 9 40.718398 -74.011731 2091.0 -1.66 1.37 -6.91 0 0 0 1.17 78601.07 2091.0 1.27 50.02
1777779483.1162238 | 1 1 1 1 7 40.718416 -74.01177 2099.46 1.46 -0.32 -7.02 0 0 0 1.43 78518.36 2099.46 1.53 50.57
1777779483.2182224 | 1 1 1 1 8 40.718458 -74.011805 2107.87 -1.46 -0.46 -5.18 0 0 0 1.12 78436.23 2107.87 1.22 50.77
1777779483.3252208 | 1 1 1 1 7 40.718496 -74.011827 2116.22 -0.41 1.43 -6.0 0 0 0 1.34 78354.75 2116.22 1.44 51.36
1777779483.4272196 | 1 1 1 1 10 40.718537 -74.011841 2124.51 -1.73 1.5 -5.59 0 0 0 1.14 78273.88 2124.51 1.24 47.4
1777779483.5432181 | 1 1 1 1 10 40.718582 -74.011886 2132.75 0.96 0.6 -5.45 0 0 0 1.05 78193.61 2132.75 1.15 50.62
1777779483.6832163 | 1 1 1 1 9 40.718604 -74.011928 2140.93 -1.3 -1.37 -6.12 0 0 0 1.1 78114.01 2140.93 1.2 49.14
1777779483.784215 | 1 1 1 1 8 40.718635 -74.011974 2149.03 -1.29 -1.83 -7.2 0 0 0 0.86 78035.17 2149.03 0.96 51.04
1777779483.8912137 | 1 1 1 1 8 40.718683 -74.012019 2157.07 -1.37 1.8 -6.61 0 0 0 0.68 77957.04 2157.07 0.78 48.7
1777779483.9942124 | 1 1 1 1 10 40.718707 -74.012059 2165.05 -1.49 -2.0 -5.68 0 0 0 1.22 77879.52 2165.05 1.32 49.01
1777779484.1182108 | 1 1 1 1 7 40.718731 -74.012082 2172.99 -1.53 1.33 -5.04 0 0 0 0.92 77802.55 2172.99 1.02 50.73
1777779484.251209 | 1 1 1 1 8 40.718776 -74.01213 2180.85 0.49 0.61 -6.64 0 0 0 0.98 77726.29 2180.85 1.08 50.78
1777779484.3572075 | 1 1 1 1 9 40.718816 -74.012167 2188.65 0.86 0.68 -7.0 0 0 0 0.95 77650.76 2188.65 1.05 48.74
1777779484.4592063 | 1 1 1 1 9 40.718832 -74.012192 2196.37 0.04 1.88 -6.85 0 0 0 0.45 77575.96 2196.37 0.55 49.96
1777779484.565205 | 1 1 1 1 10 40.718857 -74.012227 2204.05 1.75 1.12 -4.82 0 0 0 0.61 77501.69 2204.05 0.71 47.51
1777779484.6682038 | 1 1 1 1 10 40.718873 -74.012263 2211.67 -1.11 0.58 -6.1 0 0 0 0.47 77428.06 2211.67 0.57 48.46
1777779484.7712023 | 1 1 1 1 9 40.718889 -74.012292 2219.23 0.48 -1.17 -5.82 0 0 0 0.85 77355.04 2219.23 0.95 46.96
1777779484.879201 | 1 1 1 1 9 40.71891 -74.012334 2226.74 0.83 1.9 -4.95 0 0 0 0.79 77282.56 2226.74 0.89 50.32
1777779484.9791996 | 1 1 1 1 9 40.718935 -74.012369 2234.19 1.51 -0.66 -5.59 0 0 0 0.65 77210.68 2234.19 0.75 47.99
1777779485.098198 | 1 1 1 1 9 40.718973 -74.012405 2241.59 -1.69 -0.28 -6.29 0 0 0 0.55 77139.45 2241.59 0.65 47.89
1777779485.201197 | 1 1 1 1 7 40.719022 -74.012443 2248.91 -1.85 -1.52 -6.36 0 0 0 0.37 77068.89 2248.91 0.47 50.35
1777779485.3041956 | 1 1 1 1 10 40.719068 -74.012463 2256.19 0.19 -0.11 -5.36 0 0 0 0.45 76998.9 2256.19 0.55 48.88
1777779485.4051943 | 1 1 1 1 7 40.719092 -74.012492 2263.41 -1.97 -0.62 -4.88 0 0 0 0.01 76929.43 2263.41 0.11 47.38
1777779485.506193 | 1 1 1 1 8 40.719125 -74.012506 2270.59 1.55 -1.83 -4.99 0 0 0 -0.05 76860.49 2270.59 0.05 48.37
1777779485.6081915 | 1 1 1 1 7 40.719172 -74.012526 2277.69 1.05 0.69 -7.46 0 0 0 0.29 76792.31 2277.69 0.39 47.75
1777779485.7101903 | 1 1 1 1 8 40.71921 -74.01257 2284.73 -1.82 -0.62 -5.64 0 0 0 0.44 76724.73 2284.73 0.54 46.67
1777779485.8161888 | 1 1 1 1 7 40.719251 -74.012606 2291.71 -1.95 1.16 -7.16 0 0 0 0.11 76657.87 2291.71 0.21 49.75
1777779485.9311874 | 1 1 1 1 10 40.719278 -74.012622 2298.62 -0.98 1.12 -5.95 0 0 0 -0.13 76591.64 2298.62 -0.03 48.86
1777779486.041186 | 1 1 1 1 9 40.719312 -74.012662 2305.48 1.85 1.63 -5.09 0 0 0 0.01 76525.94 2305.48 0.11 50.17
1777779486.1451848 | 1 1 1 1 9 40.719351 -74.012706 2312.3 -1.65 -1.7 -4.86 0 0 0 -0.25 76460.74 2312.3 -0.15 49.13
1777779486.2461834 | 1 1 1 1 9 40.71938 -74.012728 2319.06 1.76 1.58 -5.08 0 0 0 -0.13 76396.08 2319.06 -0.03 46.73
1777779486.347182 | 1 1 1 1 8 40.719426 -74.012776 2325.77 1.35 1.32 -5.36 0 0 0 -0.36 76331.98 2325.77 -0.26 47.81
1777779486.4871802 | 1 1 1 1 8 40.719453 -74.012796 2332.41 0.34 -1.2 -6.94 0 0 0 -0.34 76268.58 2332.41 -0.24 47.65
1777779486.593179 | 1 1 1 1 9 40.719468 -74.012817 2338.99 0.37 1.02 -6.06 0 0 0 -0.44 76205.8 2338.99 -0.34 49.3
1777779486.6961777 | 1 1 1 1 7 40.719504 -74.012857 2345.52 -0.24 1.74 -4.96 0 0 0 -0.38 76143.54 2345.52 -0.28 48.89
1777779486.7971764 | 1 1 1 1 7 40.719548 -74.012869 2351.97 -0.21 -0.16 -7.68 0 0 0 -0.26 76082.05 2351.97 -0.16 48.35
1777779486.899175 | 1 1 1 1 9 40.719563 -74.012907 2358.36 0.19 -1.5 -6.13 0 0 0 -0.18 76021.18 2358.36 -0.08 46.93
1777779487.0371733 | 1 1 1 1 7 40.719574 -74.012946 2364.71 -1.49 -0.33 -5.04 0 0 0 -0.55 75960.83 2364.71 -0.45 46.6
1777779487.1561716 | 1 1 1 1 10 40.719588 -74.012983 2370.99 -1.91 -1.89 -5.48 0 0 0 -0.7 75901.04 2370.99 -0.6 49.19
1777779487.2601702 | 1 1 1 1 7 40.719626 -74.013003 2377.21 1.02 -1.62 -6.56 0 0 0 -0.72 75841.92 2377.21 -0.62 46.8
1777779487.362169 | 1 1 1 1 7 40.71965 -74.013018 2383.38 1.02 1.11 -5.69 0 0 0 -0.21 75783.37 2383.38 -0.11 47.68
1777779487.4631677 | 1 1 1 1 9 40.719697 -74.013064 2389.47 -1.02 -1.51 -7.02 0 0 0 -0.32 75725.52 2389.47 -0.22 47.36
1777779487.5641663 | 1 1 1 1 10 40.719709 -74.01309 2395.49 -1.07 1.74 -7.37 0 0 0 -0.78 75668.41 2395.49 -0.68 47.0
1777779487.665165 | 1 1 1 1 10 40.719747 -74.013129 2401.46 -0.62 0.41 -4.97 0 0 0 -0.8 75611.8 2401.46 -0.7 46.55
1777779487.7661638 | 1 1 1 1 8 40.719767 -74.013172 2407.37 -0.63 -1.94 -6.31 0 0 0 -0.53 75555.83 2407.37 -0.43 48.54
1777779487.8701625 | 1 1 1 1 8 40.719801 -74.013222 2413.22 0.22 1.44 -5.29 0 0 0 -0.45 75500.39 2413.22 -0.35 47.63
1777779487.979161 | 1 1 1 1 10 40.719829 -74.013238 2419.0 -0.66 0.39 -7.54 0 0 0 -0.94 75445.7 2419.0 -0.84 49.08
1777779488.0811596 | 1 1 1 1 9 40.719856 -74.013285 2424.71 -0.32 1.98 -7.25 0 0 0 -0.9 75391.72 2424.71 -0.8 48.77
1777779488.210158 | 1 1 1 1 7 40.719895 -74.013333 2430.36 0.93 1.94 -5.74 0 0 0 -0.73 75338.32 2430.36 -0.63 47.53
1777779488.3121567 | 1 1 1 1 10 40.719945 -74.01337 2435.95 -0.29 -0.62 -5.74 0 0 0 -0.83 75285.49 2435.95 -0.73 47.64
1777779488.4141555 | 1 1 1 1 7 40.719957 -74.013383 2441.47 1.88 -1.41 -7.1 0 0 0 -0.78 75233.36 2441.47 -0.68 48.37
1777779488.517154 | 1 1 1 1 7 40.719999 -74.013411 2446.94 -0.76 1.12 -5.15 0 0 0 -1.19 75181.75 2446.94 -1.09 47.24
1777779488.6231527 | 1 1 1 1 10 40.720016 -74.013454 2452.35 1.92 -0.19 -5.58 0 0 0 -0.72 75130.69 2452.35 -0.62 47.15
1777779488.7251515 | 1 1 1 1 8 40.720053 -74.013504 2457.71 -1.29 1.41 -5.72 0 0 0 -0.91 75080.2 2457.71 -0.81 46.32
1777779488.83515 | 1 1 1 1 7 40.720069 -74.013523 2463.01 1.71 -0.51 -5.4 0 0 0 -0.99 75030.25 2463.01 -0.89 49.66
1777779488.9431486 | 1 1 1 1 10 40.720098 -74.013544 2468.26 -0.19 -1.69 -5.28 0 0 0 -1.21 74980.81 2468.26 -1.11 46.49
1777779489.0441475 | 1 1 1 1 8 40.720147 -74.013561 2473.46 1.06 -0.88 -5.17 0 0 0 -1.12 74931.9 2473.46 -1.02 48.13
1777779489.1451461 | 1 1 1 1 10 40.720164 -74.013608 2478.6 1.97 0.51 -5.47 0 0 0 -1.31 74883.52 2478.6 -1.21 49.55
1777779489.2471447 | 1 1 1 1 10 40.720199 -74.01362 2483.68 0.3 -0.61 -6.55 0 0 0 -0.92 74835.78 2483.68 -0.82 49.32
1777779489.3941426 | 1 1 1 1 9 40.720216 -74.013669 2488.68 0.07 1.98 -7.52 0 0 0 -1.45 74788.77 2488.68 -1.35 49.36
1777779489.4961417 | 1 1 1 1 8 40.720241 -74.013698 2493.61 -1.44 0.12 -7.33 0 0 0 -1.34 74742.48 2493.61 -1.24 47.19
1777779489.5981402 | 1 1 1 1 8 40.720284 -74.013714 2498.48 -0.88 -1.49 -6.05 0 0 0 -1.47 74696.78 2498.48 -1.37 45.67
1777779489.700139 | 1 1 1 1 8 40.720328 -74.013741 2503.28 0.89 -0.73 -7.0 0 0 0 -1.22 74651.75 2503.28 -1.12 49.34
1777779489.8021376 | 1 1 1 1 9 40.720369 -74.013791 2508.02 -1.53 1.38 -5.69 0 0 0 -1.07 74607.28 2508.02 -0.97 46.15
1777779489.9521356 | 1 1 1 1 8 40.720417 -74.013802 2512.71 0.2 0.99 -5.42 0 0 0 -1.09 74563.34 2512.71 -0.99 46.39
1777779490.0551343 | 1 1 1 1 10 40.720431 -74.013819 2517.34 -1.27 -1.4 -5.99 0 0 0 -1.46 74519.99 2517.34 -1.36 47.89
1777779490.157133 | 1 1 1 1 9 40.720464 -74.013847 2521.89 1.69 -0.19 -7.66 0 0 0 -1.15 74477.37 2521.89 -1.05 45.52
1777779490.2641315 | 1 1 1 1 8 40.72049 -74.013885 2526.37 0.93 1.03 -7.1 0 0 0 -1.68 74435.43 2526.37 -1.58 47.38
1777779490.3671303 | 1 1 1 1 7 40.720536 -74.013898 2530.78 -1.94 1.06 -6.62 0 0 0 -1.46 74394.13 2530.78 -1.36 48.05
1777779490.5411282 | 1 1 1 1 7 40.720565 -74.01391 2535.12 0.89 -0.24 -7.53 0 0 0 -1.68 74353.56 2535.12 -1.58 46.96
1777779490.6451266 | 1 1 1 1 10 40.720599 -74.013944 2539.41 -1.24 1.19 -4.87 0 0 0 -1.54 74313.46 2539.41 -1.44 46.21
1777779490.7471254 | 1 1 1 1 10 40.720616 -74.013988 2543.64 1.61 0.15 -5.38 0 0 0 -1.38 74273.88 2543.64 -1.28 48.32
1777779490.8491242 | 1 1 1 1 9 40.720634 -74.01401 2547.82 1.08 -1.42 -5.77 0 0 0 -1.28 74234.85 2547.82 -1.18 48.07
1777779490.952123 | 1 1 1 1 7 40.720683 -74.014047 2551.94 1.62 1.19 -6.22 0 0 0 -1.48 74196.42 2551.94 -1.38 47.2
1777779491.0541215 | 1 1 1 1 9 40.720708 -74.014068 2555.99 -0.67 1.34 -6.92 0 0 0 -1.63 74158.65 2555.99 -1.53 48.67
1777779491.16912 | 1 1 1 1 9 40.720736 -74.014087 2559.97 1.18 -1.49 -5.95 0 0 0 -1.82 74121.46 2559.97 -1.72 46.02
1777779491.2711186 | 1 1 1 1 8 40.720774 -74.014126 2563.91 -1.0 -0.47 -5.51 0 0 0 -1.87 74084.79 2563.91 -1.77 46.43
1777779491.3751173 | 1 1 1 1 9 40.720808 -74.014144 2567.79 -1.62 1.66 -4.9 0 0 0 -1.73 74048.59 2567.79 -1.63 45.19
1777779491.476116 | 1 1 1 1 9 40.720827 -74.014193 2571.61 1.42 -1.64 -6.17 0 0 0 -1.69 74012.99 2571.61 -1.59 47.82
1777779491.5771146 | 1 1 1 1 9 40.720855 -74.01423 2575.37 -1.88 -0.65 -6.6 0 0 0 -1.53 73978.01 2575.37 -1.43 46.52
1777779491.707113 | 1 1 1 1 9 40.720878 -74.014277 2579.05 -0.62 0.69 -6.92 0 0 0 -1.54 73943.68 2579.05 -1.44 46.15
1777779491.8091118 | 1 1 1 1 9 40.720925 -74.014315 2582.68 0.16 1.01 -6.02 0 0 0 -1.77 73909.93 2582.68 -1.67 49.07
1777779491.9151103 | 1 1 1 1 9 40.720971 -74.014326 2586.25 1.14 -1.55 -5.51 0 0 0 -1.79 73876.71 2586.25 -1.69 48.42
1777779492.017109 | 1 1 1 1 8 40.720996 -74.014352 2589.75 -1.1 0.6 -7.21 0 0 0 -1.66 73844.17 2589.75 -1.56 45.61
1777779492.120108 | 1 1 1 1 10 40.721044 -74.014389 2593.18 -0.17 1.55 -6.52 0 0 0 -1.77 73812.24 2593.18 -1.67 48.94
1777779492.2631059 | 1 1 1 1 10 40.721067 -74.014431 2596.55 0.57 -1.81 -7.29 0 0 0 -1.71 73781.01 2596.55 -1.61 48.49
1777779492.3631046 | 1 1 1 1 9 40.721077 -74.014473 2599.85 0.33 0.08 -5.34 0 0 0 -1.78 73750.28 2599.85 -1.68 47.67
1777779492.4641035 | 1 1 1 1 8 40.721125 -74.014517 2603.1 -0.46 0.97 -6.07 0 0 0 -1.85 73720.12 2603.1 -1.75 45.28
1777779492.567102 | 1 1 1 1 8 40.721155 -74.014557 2606.28 1.41 -0.39 -6.93 0 0 0 -1.9 73690.62 2606.28 -1.8 45.64
1777779492.6691008 | 1 1 1 1 7 40.721177 -74.014601 2609.41 -0.21 -1.25 -4.93 0 0 0 -1.72 73661.59 2609.41 -1.62 45.48
1777779492.798099 | 1 1 1 1 9 40.7212 -74.014628 2612.47 1.54 1.1 -6.82 0 0 0 -2.23 73633.2 2612.47 -2.13 47.67
1777779492.9060977 | 1 1 1 1 7 40.72121 -74.014656 2615.46 0.13 1.75 -6.82 0 0 0 -1.88 73605.44 2615.46 -1.78 45.72
1777779493.0070963 | 1 1 1 1 9 40.721259 -74.01468 2618.39 0.9 -0.34 -6.12 0 0 0 -1.83 73578.27 2618.39 -1.73 44.96
1777779493.117095 | 1 1 1 1 8 40.721297 -74.014726 2621.27 1.29 1.55 -4.83 0 0 0 -2.27 73551.55 2621.27 -2.17 46.38
1777779493.2200937 | 1 1 1 1 7 40.721335 -74.014737 2624.09 -0.21 1.3 -6.52 0 0 0 -2.07 73525.44 2624.09 -1.97 45.93
1777779493.3210924 | 1 1 1 1 8 40.721358 -74.014777 2626.84 1.53 -0.99 -6.32 0 0 0 -2.13 73499.92 2626.84 -2.03 47.24
1777779493.430091 | 1 1 1 1 9 40.72139 -74.014793 2629.54 0.47 1.32 -6.12 0 0 0 -1.83 73474.98 2629.54 -1.73 46.57
1777779493.5440893 | 1 1 1 1 7 40.72142 -74.014817 2632.15 1.1 0.57 -7.71 0 0 0 -2.25 73450.76 2632.15 -2.15 46.1
1777779493.6450882 | 1 1 1 1 7 40.721467 -74.01486 2634.71 -0.76 -1.49 -5.47 0 0 0 -2.18 73427.05 2634.71 -2.08 46.56
1777779493.751087 | 1 1 1 1 7 40.721483 -74.014877 2637.2 1.28 0.45 -7.48 0 0 0 -2.07 73404.04 2637.2 -1.97 46.48
1777779493.8560855 | 1 1 1 1 10 40.721502 -74.01492 2639.63 1.81 -1.8 -5.19 0 0 0 -2.34 73381.52 2639.63 -2.24 48.35
1777779493.967084 | 1 1 1 1 10 40.721532 -74.014957 2642.01 1.94 1.81 -5.65 0 0 0 -2.22 73359.52 2642.01 -2.12 47.76
1777779494.0740826 | 1 1 1 1 10 40.721554 -74.014991 2644.32 -1.21 1.23 -6.56 0 0 0 -2.46 73338.14 2644.32 -2.36 45.02
1777779494.1740813 | 1 1 1 1 9 40.721595 -74.015022 2646.58 0.24 1.23 -5.71 0 0 0 -2.37 73317.29 2646.58 -2.27 44.83
1777779494.2800798 | 1 1 1 1 10 40.721607 -74.015064 2648.76 -1.62 0.42 -7.41 0 0 0 -2.28 73297.13 2648.76 -2.18 48.09
1777779494.3830786 | 1 1 1 1 9 40.721624 -74.015092 2650.88 0.91 1.59 -6.58 0 0 0 -2.04 73277.58 2650.88 -1.94 45.69
1777779494.486077 | 1 1 1 1 8 40.721662 -74.015128 2652.93 1.21 1.25 -5.81 0 0 0 -2.5 73258.57 2652.93 -2.4 47.83
1777779494.5980759 | 1 1 1 1 7 40.721702 -74.015156 2654.91 -1.55 0.26 -7.74 0 0 0 -2.16 73240.28 2654.91 -2.06 47.41
1777779494.7030745 | 1 1 1 1 9 40.721747 -74.015189 2656.84 -0.57 1.53 -5.2 0 0 0 -2.32 73222.48 2656.84 -2.22 44.75
1777779494.8050733 | 1 1 1 1 7 40.721764 -74.015207 2658.7 1.93 1.5 -7.33 0 0 0 -2.11 73205.36 2658.7 -2.01 48.32
1777779494.908072 | 1 1 1 1 10 40.72181 -74.015254 2660.47 -0.93 0.93 -7.73 0 0 0 -2.07 73188.95 2660.47 -1.97 45.06
1777779495.0120707 | 1 1 1 1 8 40.721838 -74.015284 2662.18 1.81 -0.04 -7.35 0 0 0 -2.02 73173.22 2662.18 -1.92 47.88
1777779495.121069 | 1 1 1 1 8 40.721882 -74.015309 2663.83 -0.22 1.62 -5.35 0 0 0 -2.56 73157.99 2663.83 -2.46 45.58
1777779495.223068 | 1 1 1 1 9 40.721922 -74.015354 2665.42 1.08 -1.88 -5.24 0 0 0 -2.43 73143.25 2665.42 -2.33 45.91
1777779495.3240666 | 1 1 1 1 9 40.721964 -74.015397 2666.96 -0.39 -0.32 -6.53 0 0 0 -2.13 73129.11 2666.96 -2.03 48.03
1777779495.4280653 | 1 1 1 1 9 40.721978 -74.015437 2668.43 -0.52 -0.2 -6.1 0 0 0 -2.34 73115.54 2668.43 -2.24 48.39
1777779495.5310638 | 1 1 1 1 8 40.722026 -74.015473 2669.85 -1.07 1.71 -4.96 0 0 0 -2.52 73102.42 2669.85 -2.42 45.82
1777779495.6340625 | 1 1 1 1 7 40.72205 -74.015488 2671.21 -0.09 -1.26 -5.69 0 0 0 -2.5 73089.84 2671.21 -2.4 46.69
1777779495.7440612 | 1 1 1 1 7 40.722062 -74.015504 2672.53 -0.03 1.64 -4.89 0 0 0 -2.25 73077.7 2672.53 -2.15 48.11
1777779495.8610597 | 1 1 1 1 8 40.722072 -74.015521 2673.79 -1.7 1.91 -5.22 0 0 0 -2.28 73066.05 2673.79 -2.18 44.96
1777779495.9620583 | 1 1 1 1 8 40.722093 -74.01555 2675.0 1.93 -1.11 -5.6 0 0 0 -2.28 73054.92 2675.0 -2.18 46.02
1777779496.066057 | 1 1 1 1 8 40.722143 -74.015582 2676.16 1.64 -0.79 -5.36 0 0 0 -2.22 73044.28 2676.16 -2.12 45.89
1777779496.1670556 | 1 1 1 1 9 40.722169 -74.015599 2677.24 -1.49 -0.29 -7.12 0 0 0 -2.42 73034.3 2677.24 -2.32 48.05
1777779496.2710543 | 1 1 1 1 10 40.722199 -74.01561 2678.24 -1.35 1.55 -7.74 0 0 0 -2.54 73025.03 2678.24 -2.44 47.36
1777779496.3870528 | 1 1 1 1 7 40.722215 -74.015637 2679.18 1.57 -0.78 -6.95 0 0 0 -2.41 73016.41 2679.18 -2.31 46.32
1777779496.5000515 | 1 1 1 1 8 40.722229 -74.015681 2680.07 -1.8 1.63 -4.89 0 0 0 -2.7 73008.23 2680.07 -2.6 47.18
1777779496.6000502 | 1 1 1 1 10 40.722248 -74.01573 2680.9 1.58 1.8 -5.84 0 0 0 -2.22 73000.6 2680.9 -2.12 45.58
1777779496.7040486 | 1 1 1 1 9 40.722293 -74.015762 2681.67 1.94 1.39 -5.23 0 0 0 -2.42 72993.45 2681.67 -2.32 46.98
1777779496.8060474 | 1 1 1 1 9 40.722342 -74.015785 2682.37 -0.72 0.4 -7.7 0 0 0 -2.72 72987.0 2682.37 -2.62 47.33
1777779496.920046 | 1 1 1 1 10 40.722381 -74.015803 2683.0 -0.52 0.61 -7.1 0 0 0 -2.35 72981.22 2683.0 -2.25 48.48
1777779497.0300446 | 1 1 1 1 8 40.722426 -74.015815 2683.56 -0.35 0.58 -6.99 0 0 0 -2.17 72976.07 2683.56 -2.07 47.17
1777779497.1370432 | 1 1 1 1 7 40.72245 -74.015839 2684.07 -1.31 1.52 -5.18 0 0 0 -2.49 72971.41 2684.07 -2.39 46.49
1777779497.241042 | 1 1 1 1 9 40.722475 -74.01588 2684.5 -0.69 -1.5 -7.51 0 0 0 -2.2 72967.44 2684.5 -2.1 46.13
1777779497.3430405 | 1 1 1 1 8 40.722509 -74.015907 2684.86 0.6 -0.1 -6.98 0 0 0 -2.51 72964.11 2684.86 -2.41 45.14
1777779497.444039 | 1 1 1 1 10 40.722526 -74.015949 2685.16 1.07 -0.27 -6.02 0 0 0 -2.48 72961.33 2685.16 -2.38 47.52
1777779497.5470378 | 1 1 1 1 8 40.722563 -74.015971 2685.41 1.24 -1.05 -5.07 0 0 0 -2.47 72959.02 2685.41 -2.37 45.72
1777779497.6480367 | 1 1 1 1 7 40.722587 -74.015986 2685.59 1.72 -1.71 -6.86 0 0 0 -2.74 72957.34 2685.59 -2.64 47.71
1777779497.7500353 | 1 1 1 1 8 40.722633 -74.015997 2685.7 -0.74 1.06 -7.09 0 0 0 -2.46 72956.32 2685.7 -2.36 46.74
1777779497.8510342 | 1 1 1 1 7 40.722655 -74.016026 2685.76 -1.86 0.61 -6.08 0 0 0 -2.33 72955.85 2685.76 -2.23 44.86
1777779497.9590325 | 1 1 1 1 7 40.722687 -74.016039 2685.74 0.53 1.57 -6.24 0 0 0 -2.65 72955.96 2685.74 -2.55 46.94
1777779498.0610313 | 1 1 1 1 7 40.722732 -74.016062 2685.68 0.77 0.12 -5.27 0 0 0 -2.73 72956.56 2685.68 -2.63 46.02
1777779498.16903 | 1 1 1 1 10 40.722755 -74.016081 2685.56 -1.92 -1.14 -5.65 0 0 0 -2.37 72957.67 2685.56 -2.27 45.88
1777779498.2720287 | 1 1 1 1 8 40.722779 -74.016113 2685.36 -1.99 -0.36 -7.18 0 0 0 -2.23 72959.45 2685.36 -2.13 47.87
1777779498.3750272 | 1 1 1 1 10 40.722818 -74.016128 2685.1 0.12 1.89 -7.59 0 0 0 -2.67 72961.92 2685.1 -2.57 47.13
1777779498.483026 | 1 1 1 1 8 40.722866 -74.016175 2684.75 -1.65 -0.24 -7.48 0 0 0 -2.72 72965.09 2684.75 -2.62 47.15
1777779498.5840247 | 1 1 1 1 10 40.722895 -74.016188 2684.35 -0.58 -0.82 -5.85 0 0 0 -2.66 72968.79 2684.35 -2.56 44.62
1777779498.6970232 | 1 1 1 1 8 40.722929 -74.016223 2683.88 -0.0 0.08 -6.8 0 0 0 -2.23 72973.12 2683.88 -2.13 48.01
1777779498.7990217 | 1 1 1 1 9 40.722978 -74.016247 2683.34 -0.54 -1.51 -7.53 0 0 0 -2.31 72978.14 2683.34 -2.21 44.6
1777779498.9070206 | 1 1 1 1 10 40.723001 -74.016268 2682.71 -0.01 -1.19 -7.55 0 0 0 -2.73 72983.86 2682.71 -2.63 46.88
1777779499.0090191 | 1 1 1 1 9 40.723027 -74.016298 2682.02 -1.13 0.85 -7.38 0 0 0 -2.46 72990.26 2682.02 -2.36 45.11
1777779499.1150177 | 1 1 1 1 8 40.723049 -74.016313 2681.27 0.52 -0.77 -5.2 0 0 0 -2.37 72997.13 2681.27 -2.27 44.62
1777779499.2170162 | 1 1 1 1 10 40.723078 -74.016338 2680.45 1.04 -1.71 -7.33 0 0 0 -2.45 73004.69 2680.45 -2.35 45.89
1777779499.3210151 | 1 1 1 1 9 40.7231 -74.016383 2679.57 -0.91 1.34 -5.92 0 0 0 -2.56 73012.79 2679.57 -2.46 45.68
1777779499.4280138 | 1 1 1 1 8 40.723144 -74.016418 2678.63 0.09 -1.38 -6.46 0 0 0 -2.29 73021.48 2678.63 -2.19 45.59
1777779499.5290124 | 1 1 1 1 7 40.723164 -74.016455 2677.63 1.1 -0.54 -5.26 0 0 0 -2.63 73030.66 2677.63 -2.53 47.32
1777779499.630011 | 1 1 1 1 7 40.723212 -74.016473 2676.57 -0.32 -0.16 -6.99 0 0 0 -2.64 73040.49 2676.57 -2.54 45.25
1777779499.7300098 | 1 1 1 1 10 40.72323 -74.016486 2675.43 0.43 -1.39 -7.58 0 0 0 -2.68 73051.01 2675.43 -2.58 46.07
1777779499.8320084 | 1 1 1 1 10 40.723259 -74.016502 2674.23 -0.7 1.7 -5.32 0 0 0 -2.49 73062.03 2674.23 -2.39 48.0
1777779499.9340074 | 1 1 1 1 7 40.723299 -74.016516 2672.97 -1.59 1.8 -6.14 0 0 0 -2.31 73073.62 2672.97 -2.21 48.06
1777779500.036006 | 1 1 1 1 8 40.723323 -74.016545 2671.64 -1.07 -0.29 -7.46 0 0 0 -2.31 73085.89 2671.64 -2.21 44.82
1777779500.1380045 | 1 1 1 1 8 40.723348 -74.016582 2670.24 -1.72 1.16 -6.85 0 0 0 -2.38 73098.8 2670.24 -2.28 46.64
1777779500.2400033 | 1 1 1 1 10 40.723361 -74.016628 2668.77 0.27 1.89 -7.15 0 0 0 -2.61 73112.37 2668.77 -2.51 48.31
1777779500.3430018 | 1 1 1 1 7 40.723404 -74.016667 2667.24 0.89 0.52 -6.1 0 0 0 -2.51 73126.5 2667.24 -2.41 48.2
1777779500.4510007 | 1 1 1 1 8 40.723417 -74.016678 2665.63 1.17 -1.47 -7.36 0 0 0 -2.34 73141.32 2665.63 -2.24 47.79
1777779500.5569992 | 1 1 1 1 10 40.723451 -74.016722 2663.96 1.78 -1.6 -6.85 0 0 0 -2.38 73156.77 2663.96 -2.28 48.24
1777779500.6579978 | 1 1 1 1 7 40.723467 -74.016756 2662.21 0.22 0.66 -7.61 0 0 0 -2.07 73172.92 2662.21 -1.97 45.24
1777779500.7579966 | 1 1 1 1 10 40.723492 -74.016779 2660.38 -0.16 1.47 -7.65 0 0 0 -2.4 73189.78 2660.38 -2.3 45.33
1777779500.8599954 | 1 1 1 1 8 40.723534 -74.016799 2658.5 0.26 0.64 -5.21 0 0 0 -2.54 73207.13 2658.5 -2.44 47.9
1777779500.965994 | 1 1 1 1 9 40.723576 -74.016826 2656.57 -1.75 -1.38 -5.46 0 0 0 -2.51 73224.99 2656.57 -2.41 47.49
1777779501.0699928 | 1 1 1 1 8 40.723622 -74.016866 2654.59 -0.27 -0.73 -4.85 0 0 0 -2.49 73243.29 2654.59 -2.39 46.68
1777779501.1759913 | 1 1 1 1 9 40.723639 -74.016898 2652.54 1.61 -1.95 -6.05 0 0 0 -2.34 73262.16 2652.54 -2.24 45.61
1777779501.27699 | 1 1 1 1 10 40.72366 -74.016934 2650.45 -1.91 -1.75 -5.72 0 0 0 -2.5 73281.56 2650.45 -2.4 45.21
1777779501.3789885 | 1 1 1 1 10 40.723676 -74.016958 2648.27 -0.1 -0.81 -7.36 0 0 0 -2.27 73301.65 2648.27 -2.17 46.42
1777779501.4809873 | 1 1 1 1 8 40.72371 -74.016977 2646.04 1.32 1.75 -6.06 0 0 0 -2.21 73322.3 2646.04 -2.11 47.48
1777779501.6039855 | 1 1 1 1 7 40.72375 -74.017004 2643.75 -1.21 0.24 -5.28 0 0 0 -2.02 73343.44 2643.75 -1.92 46.33
1777779501.7049844 | 1 1 1 1 9 40.723793 -74.017047 2641.39 1.14 0.83 -6.94 0 0 0 -2.31 73365.23 2641.39 -2.21 45.77
1777779501.8069832 | 1 1 1 1 10 40.723834 -74.017094 2638.97 -1.8 1.3 -7.04 0 0 0 -1.88 73387.68 2638.97 -1.78 46.29
1777779501.9079819 | 1 1 1 1 9 40.723847 -74.017136 2636.49 1.33 -1.44 -4.83 0 0 0 -2.04 73410.58 2636.49 -1.94 46.17
1777779502.0089805 | 1 1 1 1 9 40.723893 -74.017167 2633.97 1.22 1.96 -4.86 0 0 0 -1.84 73433.93 2633.97 -1.74 46.22
1777779502.1099792 | 1 1 1 1 10 40.723938 -74.017211 2631.39 0.87 -1.84 -5.24 0 0 0 -2.02 73457.78 2631.39 -1.92 47.27
1777779502.2419777 | 1 1 1 1 8 40.723964 -74.017259 2628.76 -0.58 -0.46 -5.89 0 0 0 -2.06 73482.17 2628.76 -1.96 47.95
1777779502.3439763 | 1 1 1 1 8 40.723985 -74.017295 2626.06 1.09 0.92 -6.11 0 0 0 -2.09 73507.14 2626.06 -1.99 48.44
1777779502.446975 | 1 1 1 1 8 40.72402 -74.017336 2623.31 -0.54 -0.97 -5.92 0 0 0 -2.07 73532.67 2623.31 -1.97 46.21
1777779502.5499735 | 1 1 1 1 7 40.724055 -74.017379 2620.5 -0.26 0.35 -5.29 0 0 0 -2.09 73558.69 2620.5 -1.99 46.79
1777779502.6499722 | 1 1 1 1 10 40.724091 -74.017389 2617.64 1.39 -1.62 -5.59 0 0 0 -1.88 73585.24 2617.64 -1.78 45.62
1777779502.7659707 | 1 1 1 1 10 40.724104 -74.017426 2614.7 -0.78 -0.77 -7.7 0 0 0 -2.11 73612.52 2614.7 -2.01 45.51
1777779502.8689694 | 1 1 1 1 7 40.724138 -74.017458 2611.69 0.23 -0.36 -6.18 0 0 0 -2.05 73640.37 2611.69 -1.95 47.92
1777779502.970968 | 1 1 1 1 9 40.724183 -74.017504 2608.62 -1.29 1.36 -7.11 0 0 0 -2.19 73668.89 2608.62 -2.09 45.52
1777779503.0759668 | 1 1 1 1 8 40.724223 -74.017514 2605.47 -1.48 0.44 -7.24 0 0 0 -1.91 73698.09 2605.47 -1.81 48.93
1777779503.1789656 | 1 1 1 1 7 40.724255 -74.017533 2602.26 0.71 -0.82 -6.54 0 0 0 -1.75 73727.91 2602.26 -1.65 48.93
1777779503.3159637 | 1 1 1 1 10 40.724266 -74.017548 2598.98 1.25 0.22 -6.58 0 0 0 -2.14 73758.35 2598.98 -2.04 48.96
1777779503.4199624 | 1 1 1 1 10 40.724302 -74.017568 2595.65 0.07 -1.94 -5.54 0 0 0 -2.09 73789.32 2595.65 -1.99 46.47
1777779503.521961 | 1 1 1 1 9 40.724322 -74.017579 2592.27 -0.43 0.64 -4.84 0 0 0 -1.6 73820.75 2592.27 -1.5 48.26
1777779503.6249597 | 1 1 1 1 9 40.724344 -74.017591 2588.84 -0.34 0.02 -5.28 0 0 0 -1.67 73852.67 2588.84 -1.57 48.89
1777779503.7269583 | 1 1 1 1 7 40.724376 -74.017609 2585.32 -1.12 -0.14 -7.72 0 0 0 -1.92 73885.33 2585.32 -1.82 45.08
1777779503.828957 | 1 1 1 1 9 40.724424 -74.017647 2581.76 -1.45 -0.5 -5.46 0 0 0 -1.75 73918.51 2581.76 -1.65 46.87
1777779503.9369557 | 1 1 1 1 9 40.724469 -74.017695 2578.14 -0.86 0.66 -5.33 0 0 0 -1.85 73952.19 2578.14 -1.75 46.77
1777779504.0449543 | 1 1 1 1 7 40.724481 -74.017729 2574.45 -0.63 -0.04 -6.54 0 0 0 -1.6 73986.5 2574.45 -1.5 48.98
1777779504.1469529 | 1 1 1 1 10 40.7245 -74.017744 2570.72 0.76 1.01 -5.4 0 0 0 -1.93 74021.32 2570.72 -1.83 48.62
1777779504.2519517 | 1 1 1 1 7 40.724516 -74.017786 2566.93 -1.39 -0.21 -5.11 0 0 0 -1.8 74056.64 2566.93 -1.7 47.12
1777779504.3539503 | 1 1 1 1 8 40.724555 -74.017826 2563.06 0.98 0.69 -7.79 0 0 0 -1.82 74092.69 2563.06 -1.72 48.08
1777779504.4589489 | 1 1 1 1 9 40.724604 -74.017848 2559.14 -1.82 -1.71 -5.07 0 0 0 -1.42 74129.23 2559.14 -1.32 48.7
1777779504.5789473 | 1 1 1 1 7 40.724624 -74.017861 2555.15 0.14 0.84 -7.64 0 0 0 -1.72 74166.5 2555.15 -1.62 46.28
1777779504.680946 | 1 1 1 1 8 40.724646 -74.017901 2551.09 0.93 0.18 -6.12 0 0 0 -1.73 74204.35 2551.09 -1.63 48.82
1777779504.7829447 | 1 1 1 1 9 40.724689 -74.01793 2546.98 0.74 -0.64 -5.53 0 0 0 -1.26 74242.74 2546.98 -1.16 48.96
1777779504.8849432 | 1 1 1 1 8 40.724708 -74.017958 2542.81 1.24 0.15 -5.53 0 0 0 -1.33 74281.65 2542.81 -1.23 48.03
1777779504.9879422 | 1 1 1 1 9 40.724742 -74.018007 2538.59 0.95 1.1 -5.98 0 0 0 -1.39 74321.15 2538.59 -1.29 47.47
1777779505.0889409 | 1 1 1 1 8 40.724774 -74.018038 2534.29 -1.15 -1.25 -6.89 0 0 0 -1.47 74361.3 2534.29 -1.37 48.33
1777779505.2029395 | 1 1 1 1 8 40.724791 -74.018074 2529.94 0.46 1.18 -5.74 0 0 0 -1.74 74402.01 2529.94 -1.64 47.57
1777779505.3069382 | 1 1 1 1 7 40.724831 -74.018113 2525.51 -1.59 0.86 -7.4 0 0 0 -1.46 74443.43 2525.51 -1.36 45.57
1777779505.4099367 | 1 1 1 1 7 40.724874 -74.018149 2521.02 -0.02 -0.58 -6.43 0 0 0 -1.38 74485.48 2521.02 -1.28 46.76
1777779505.5119355 | 1 1 1 1 9 40.724901 -74.018183 2516.48 0.22 1.66 -5.26 0 0 0 -1.49 74528.03 2516.48 -1.39 49.06
1777779505.613934 | 1 1 1 1 8 40.724935 -74.018204 2511.88 -0.88 1.76 -5.29 0 0 0 -1.16 74571.1 2511.88 -1.06 49.34
1777779505.7159326 | 1 1 1 1 10 40.724965 -74.01825 2507.21 -1.42 -1.25 -7.75 0 0 0 -1.3 74614.91 2507.21 -1.2 45.56
1777779505.8189313 | 1 1 1 1 7 40.725011 -74.018263 2502.48 -1.49 1.94 -5.26 0 0 0 -1.2 74659.24 2502.48 -1.1 46.24
1777779505.9219303 | 1 1 1 1 8 40.725058 -74.018277 2497.7 0.91 0.77 -5.41 0 0 0 -1.47 74704.1 2497.7 -1.37 49.28
1777779506.0239289 | 1 1 1 1 9 40.725069 -74.01832 2492.87 1.91 0.07 -4.87 0 0 0 -1.24 74749.44 2492.87 -1.14 46.33
1777779506.1269276 | 1 1 1 1 10 40.725095 -74.018364 2487.99 -0.5 -1.49 -5.18 0 0 0 -1.07 74795.28 2487.99 -0.97 49.37
1777779506.245926 | 1 1 1 1 10 40.725113 -74.018376 2483.06 -1.53 1.24 -5.29 0 0 0 -1.38 74841.65 2483.06 -1.28 47.28
1777779506.3499246 | 1 1 1 1 7 40.725153 -74.018397 2478.05 -1.82 -1.92 -6.89 0 0 0 -0.98 74888.69 2478.05 -0.88 49.38
1777779506.4549232 | 1 1 1 1 8 40.725171 -74.018426 2472.99 -1.13 -0.5 -6.08 0 0 0 -0.97 74936.32 2472.99 -0.87 46.64
1777779506.556922 | 1 1 1 1 8 40.725207 -74.018456 2467.85 1.24 -1.47 -7.74 0 0 0 -0.79 74984.71 2467.85 -0.69 46.28
1777779506.6599207 | 1 1 1 1 8 40.725234 -74.018492 2462.64 0.88 0.92 -6.27 0 0 0 -0.79 75033.71 2462.64 -0.69 48.52
1777779506.7609193 | 1 1 1 1 10 40.725277 -74.018503 2457.37 -0.71 1.01 -7.06 0 0 0 -1.24 75083.4 2457.37 -1.14 46.24
1777779506.864918 | 1 1 1 1 10 40.725289 -74.018524 2452.03 -0.54 -0.28 -6.19 0 0 0 -0.68 75133.71 2452.03 -0.58 47.68
1777779506.9699166 | 1 1 1 1 8 40.725324 -74.018545 2446.63 -1.39 0.81 -7.15 0 0 0 -1.11 75184.71 2446.63 -1.01 46.11
1777779507.0749154 | 1 1 1 1 8 40.725345 -74.01857 2441.17 -0.81 0.04 -4.9 0 0 0 -0.89 75236.21 2441.17 -0.79 46.44
1777779507.175914 | 1 1 1 1 7 40.725386 -74.018593 2435.64 0.66 1.46 -7.46 0 0 0 -0.97 75288.44 2435.64 -0.87 49.32
1777779507.2779126 | 1 1 1 1 10 40.725413 -74.018606 2430.05 1.85 0.88 -5.58 0 0 0 -0.93 75341.23 2430.05 -0.83 46.89
1777779507.3829112 | 1 1 1 1 10 40.725454 -74.018631 2424.39 -0.13 -0.97 -7.2 0 0 0 -0.85 75394.73 2424.39 -0.75 46.27
1777779507.4879098 | 1 1 1 1 10 40.725492 -74.018656 2418.68 -0.27 -1.12 -5.45 0 0 0 -0.62 75448.77 2418.68 -0.52 46.24
1777779507.5909088 | 1 1 1 1 8 40.725534 -74.018696 2412.89 1.24 -1.29 -7.66 0 0 0 -0.46 75503.57 2412.89 -0.36 48.74
1777779507.6919074 | 1 1 1 1 7 40.725571 -74.018739 2407.05 -1.54 1.96 -5.11 0 0 0 -0.85 75558.89 2407.05 -0.75 47.81
1777779507.792906 | 1 1 1 1 9 40.725603 -74.018777 2401.15 0.67 1.01 -5.22 0 0 0 -0.56 75614.74 2401.15 -0.46 48.43
1777779507.8959048 | 1 1 1 1 7 40.725632 -74.018817 2395.21 1.13 -0.66 -4.92 0 0 0 -0.62 75671.08 2395.21 -0.52 46.74
1777779508.0039032 | 1 1 1 1 9 40.72566 -74.018846 2389.21 -0.14 0.94 -5.84 0 0 0 -0.71 75728.01 2389.21 -0.61 50.0
1777779508.1279018 | 1 1 1 1 9 40.725674 -74.018895 2383.14 -1.69 0.86 -6.84 0 0 0 -0.74 75785.63 2383.14 -0.64 48.52
1777779508.2299006 | 1 1 1 1 9 40.725693 -74.018931 2376.99 -1.15 -1.94 -7.53 0 0 0 -0.6 75844.0 2376.99 -0.5 46.63
1777779508.3308992 | 1 1 1 1 10 40.725707 -74.018978 2370.79 -1.62 -1.49 -6.12 0 0 0 -0.53 75902.99 2370.79 -0.43 48.82
1777779508.4328978 | 1 1 1 1 10 40.725737 -74.018998 2364.51 1.48 -0.43 -6.81 0 0 0 -0.07 75962.66 2364.51 0.03 49.64
1777779508.5348966 | 1 1 1 1 7 40.725771 -74.019044 2358.17 1.99 0.39 -6.82 0 0 0 -0.5 76023.02 2358.17 -0.4 48.04
1777779508.6408951 | 1 1 1 1 7 40.725789 -74.019067 2351.76 -0.09 -1.86 -7.25 0 0 0 -0.31 76084.11 2351.76 -0.21 47.8
1777779508.7438939 | 1 1 1 1 8 40.725823 -74.019115 2345.28 0.82 1.67 -6.16 0 0 0 -0.37 76145.82 2345.28 -0.27 48.13
1777779508.8468926 | 1 1 1 1 8 40.725855 -74.019159 2338.75 1.89 1.84 -5.52 0 0 0 -0.15 76208.11 2338.75 -0.05 47.67
1777779508.9488912 | 1 1 1 1 10 40.725887 -74.01918 2332.16 0.14 -1.84 -5.57 0 0 0 0.13 76270.96 2332.16 0.23 48.09
1777779509.05189 | 1 1 1 1 10 40.725907 -74.019198 2325.51 -0.92 1.17 -6.57 0 0 0 -0.38 76334.49 2325.51 -0.28 47.86
1777779509.1818883 | 1 1 1 1 9 40.725955 -74.01921 2318.79 -0.87 0.26 -5.97 0 0 0 0.11 76398.63 2318.79 0.21 49.38
1777779509.283887 | 1 1 1 1 9 40.72597 -74.019245 2312.03 1.75 0.02 -5.29 0 0 0 0.03 76463.32 2312.03 0.13 47.52
1777779509.3838856 | 1 1 1 1 7 40.726013 -74.01926 2305.2 1.89 -0.75 -5.93 0 0 0 -0.16 76528.62 2305.2 -0.06 49.27
1777779509.4888842 | 1 1 1 1 10 40.726062 -74.019284 2298.33 0.23 0.91 -4.88 0 0 0 0.15 76594.43 2298.33 0.25 47.57
1777779509.591883 | 1 1 1 1 7 40.72609 -74.01933 2291.4 -0.17 1.94 -5.15 0 0 0 0.18 76660.78 2291.4 0.28 48.88
1777779509.6998816 | 1 1 1 1 9 40.726112 -74.019341 2284.4 -1.16 1.01 -7.49 0 0 0 0.35 76727.9 2284.4 0.45 49.53
1777779509.81388 | 1 1 1 1 7 40.72613 -74.01937 2277.35 -1.75 0.98 -5.71 0 0 0 0.25 76795.61 2277.35 0.35 49.55
1777779509.9198787 | 1 1 1 1 9 40.726156 -74.019396 2270.22 1.78 1.4 -6.6 0 0 0 0.16 76864.01 2270.22 0.26 46.67
1777779510.0238774 | 1 1 1 1 8 40.726169 -74.019431 2263.04 -0.52 -0.01 -5.94 0 0 0 0.57 76933.02 2263.04 0.67 47.68
1777779510.124876 | 1 1 1 1 10 40.72621 -74.019473 2255.81 -1.43 -0.3 -4.95 0 0 0 0.29 77002.57 2255.81 0.39 50.16
1777779510.2368746 | 1 1 1 1 10 40.726241 -74.019504 2248.51 -1.67 -1.64 -6.26 0 0 0 0.61 77072.76 2248.51 0.71 47.48
1777779510.3668728 | 1 1 1 1 9 40.726271 -74.01954 2241.15 0.07 1.41 -6.72 0 0 0 0.19 77143.66 2241.15 0.29 47.44
1777779510.4778717 | 1 1 1 1 9 40.7263 -74.019574 2233.72 -0.29 0.16 -6.8 0 0 0 0.32 77215.26 2233.72 0.42 50.35
1777779510.5788703 | 1 1 1 1 7 40.72635 -74.019611 2226.23 0.65 -1.41 -5.99 0 0 0 0.76 77287.49 2226.23 0.86 48.76
1777779510.679869 | 1 1 1 1 7 40.72639 -74.019646 2218.68 -0.03 -1.35 -6.22 0 0 0 0.61 77360.38 2218.68 0.71 50.45
1777779510.7818675 | 1 1 1 1 10 40.726423 -74.019659 2211.05 -1.56 -0.22 -7.09 0 0 0 0.59 77434.01 2211.05 0.69 48.66
1777779510.886866 | 1 1 1 1 7 40.726444 -74.019693 2203.37 1.9 -1.23 -6.6 0 0 0 0.69 77508.34 2203.37 0.79 47.5
1777779511.0048647 | 1 1 1 1 8 40.726456 -74.019739 2195.63 -1.63 -0.32 -4.92 0 0 0 0.82 77583.2 2195.63 0.92 48.58
1777779511.1108634 | 1 1 1 1 10 40.726492 -74.019765 2187.83 -0.43 0.14 -5.43 0 0 0 0.82 77658.64 2187.83 0.92 50.98
1777779511.215862 | 1 1 1 1 9 40.726511 -74.019793 2179.98 1.25 -1.28 -6.4 0 0 0 0.75 77734.76 2179.98 0.85 49.67
1777779511.3208606 | 1 1 1 1 10 40.726545 -74.019835 2172.06 -1.58 0.41 -6.51 0 0 0 0.66 77811.57 2172.06 0.76 50.65
1777779511.4258592 | 1 1 1 1 10 40.726591 -74.019848 2164.08 -1.98 0.46 -5.92 0 0 0 1.09 77889.02 2164.08 1.19 50.12
1777779511.5378578 | 1 1 1 1 10 40.726605 -74.019875 2156.03 -1.69 -0.2 -6.12 0 0 0 0.99 77967.13 2156.03 1.09 48.27
1777779511.6618562 | 1 1 1 1 9 40.726622 -74.019916 2147.94 -1.68 1.42 -5.02 0 0 0 1.28 78045.79 2147.94 1.38 49.83
1777779511.7648551 | 1 1 1 1 7 40.726671 -74.019938 2139.79 0.17 1.73 -5.66 0 0 0 1.2 78125.06 2139.79 1.3 50.73
1777779511.8658538 | 1 1 1 1 7 40.726717 -74.019978 2131.57 1.12 -1.13 -7.13 0 0 0 0.91 78205.1 2131.57 1.01 49.16
1777779511.9658525 | 1 1 1 1 7 40.726747 -74.02 2123.3 0.96 -0.96 -4.96 0 0 0 1.03 78285.68 2123.3 1.13 50.06
1777779512.067851 | 1 1 1 1 7 40.726786 -74.020044 2114.98 -1.04 1.39 -5.77 0 0 0 0.96 78366.89 2114.98 1.06 50.17
1777779512.1768496 | 1 1 1 1 10 40.726804 -74.02007 2106.59 -0.26 -1.56 -5.82 0 0 0 1.06 78448.74 2106.59 1.16 50.13
1777779512.3168478 | 1 1 1 1 10 40.72682 -74.020095 2098.14 -0.62 0.6 -6.5 0 0 0 1.15 78531.29 2098.14 1.25 51.37
1777779512.4178464 | 1 1 1 1 9 40.72687 -74.020119 2089.63 -1.73 -1.57 -6.1 0 0 0 1.35 78614.51 2089.63 1.45 50.09
1777779512.519845 | 1 1 1 1 8 40.726888 -74.02016 2081.05 -1.47 1.44 -6.66 0 0 0 1.5 78698.46 2081.05 1.6 47.97
1777779512.623844 | 1 1 1 1 8 40.726936 -74.020199 2072.41 0.57 1.42 -6.74 0 0 0 1.28 78783.13 2072.41 1.38 49.28
1777779512.7248425 | 1 1 1 1 7 40.726966 -74.020236 2063.69 0.43 1.31 -7.28 0 0 0 1.62 78868.6 2063.69 1.72 50.4
1777779512.8268414 | 1 1 1 1 9 40.727009 -74.020268 2054.9 0.33 0.88 -7.21 0 0 0 1.94 78954.85 2054.9 2.04 51.25
1777779512.9298398 | 1 1 1 1 8 40.727052 -74.020318 2046.05 -1.32 -1.61 -6.01 0 0 0 1.72 79041.76 2046.05 1.82 49.12
1777779513.0348384 | 1 1 1 1 10 40.727085 -74.020357 2037.13 1.72 0.87 -6.99 0 0 0 1.6 79129.44 2037.13 1.7 49.69
1777779513.145837 | 1 1 1 1 9 40.727119 -74.020371 2028.13 -0.22 -0.85 -7.14 0 0 0 1.71 79217.9 2028.13 1.81 48.1
1777779513.2458358 | 1 1 1 1 8 40.727144 -74.020417 2019.07 -1.5 -0.25 -6.91 0 0 0 1.74 79307.13 2019.07 1.84 49.23
1777779513.3558345 | 1 1 1 1 10 40.727165 -74.020432 2009.95 0.38 0.14 -6.22 0 0 0 1.65 79397.04 2009.95 1.75 50.7
1777779513.4558332 | 1 1 1 1 7 40.72718 -74.020477 2000.77 0.52 -1.89 -5.29 0 0 0 1.77 79487.57 2000.77 1.87 50.92
1777779513.555832 | 1 1 1 1 10 40.727195 -74.02051 1991.52 0.95 0.79 -7.33 0 0 0 1.98 79578.9 1991.52 2.08 48.52
1777779513.6588306 | 1 1 1 1 7 40.727231 -74.020543 1982.21 -1.06 -1.34 -6.22 0 0 0 2.36 79670.93 1982.21 2.46 50.7
1777779513.7578294 | 1 1 1 1 10 40.727252 -74.020584 1972.83 1.18 -1.04 -6.92 0 0 0 1.92 79763.73 1972.83 2.02 48.53
1777779513.860828 | 1 1 1 1 9 40.727292 -74.020634 1963.37 1.7 0.31 -7.8 0 0 0 1.98 79857.39 1963.37 2.08 50.69
1777779513.9778266 | 1 1 1 1 9 40.727309 -74.020683 1953.84 1.81 -1.9 -6.96 0 0 0 2.42 79951.83 1953.84 2.52 48.55
1777779514.080825 | 1 1 1 1 7 40.72732 -74.020717 1944.26 0.82 0.0 -5.48 0 0 0 2.2 80046.91 1944.26 2.3 52.2
1777779514.182824 | 1 1 1 1 9 40.727338 -74.020755 1934.61 0.34 -0.42 -6.72 0 0 0 2.51 80142.74 1934.61 2.61 50.28
1777779514.2838225 | 1 1 1 1 7 40.727353 -74.020804 1924.89 -1.3 -1.45 -6.98 0 0 0 2.2 80239.36 1924.89 2.3 51.13
1777779514.3878212 | 1 1 1 1 9 40.727391 -74.020846 1915.11 1.41 -1.3 -6.37 0 0 0 2.64 80336.72 1915.11 2.74 52.35
1777779514.5358193 | 1 1 1 1 10 40.727428 -74.020856 1905.25 -1.58 -0.75 -7.32 0 0 0 2.4 80434.89 1905.25 2.5 51.19
1777779514.6378179 | 1 1 1 1 10 40.72745 -74.020891 1895.32 -0.04 0.74 -7.04 0 0 0 2.94 80533.87 1895.32 3.04 52.41
1777779514.7438166 | 1 1 1 1 8 40.727475 -74.020917 1885.33 0.12 1.24 -5.83 0 0 0 2.55 80633.52 1885.33 2.65 49.11
1777779514.8438153 | 1 1 1 1 8 40.727487 -74.020967 1875.3 -0.33 -1.06 -5.37 0 0 0 3.02 80733.81 1875.3 3.12 52.24
1777779514.9458141 | 1 1 1 1 10 40.727505 -74.020987 1865.19 -1.91 -1.29 -6.21 0 0 0 2.75 80834.83 1865.19 2.85 49.05
1777779515.0618124 | 1 1 1 1 7 40.72753 -74.021025 1855.03 0.66 -1.68 -6.64 0 0 0 3.04 80936.61 1855.03 3.14 49.07
1777779515.1638114 | 1 1 1 1 8 40.727546 -74.021062 1844.78 0.57 -0.13 -7.56 0 0 0 3.25 81039.25 1844.78 3.35 51.05
1777779515.26681 | 1 1 1 1 7 40.727558 -74.021086 1834.47 -1.48 0.15 -6.52 0 0 0 3.2 81142.65 1834.47 3.3 50.66
1777779515.3688085 | 1 1 1 1 7 40.727601 -74.021126 1824.11 -1.48 0.3 -5.2 0 0 0 3.15 81246.69 1824.11 3.25 50.58
1777779515.4718072 | 1 1 1 1 7 40.727633 -74.02116 1813.68 -1.52 0.48 -6.71 0 0 0 3.35 81351.5 1813.68 3.45 49.07
1777779515.6218054 | 1 1 1 1 9 40.72768 -74.021192 1803.21 -1.95 0.86 -4.92 0 0 0 3.49 81456.92 1803.21 3.59 50.35
1777779515.723804 | 1 1 1 1 8 40.727705 -74.021229 1792.67 1.24 1.13 -6.39 0 0 0 3.15 81563.1 1792.67 3.25 52.04
1777779515.8278027 | 1 1 1 1 9 40.727737 -74.02126 1782.07 0.41 -0.26 -4.99 0 0 0 3.7 81669.88 1782.07 3.8 49.31
1777779515.9288013 | 1 1 1 1 8 40.727752 -74.021281 1771.43 1.63 -0.59 -5.4 0 0 0 3.51 81777.33 1771.43 3.61 50.83
1777779516.0298 | 1 1 1 1 10 40.727775 -74.0213 1760.72 -1.74 -1.77 -6.09 0 0 0 3.66 81885.51 1760.72 3.76 52.04
1777779516.1407988 | 1 1 1 1 8 40.727799 -74.021346 1749.97 -0.85 0.9 -5.1 0 0 0 3.53 81994.32 1749.97 3.63 50.62
1777779516.268797 | 1 1 1 1 9 40.72781 -74.021373 1739.16 -1.74 -0.92 -5.19 0 0 0 3.93 82103.77 1739.16 4.03 51.38
1777779516.3707957 | 1 1 1 1 9 40.727842 -74.021391 1728.29 -1.02 -1.1 -5.45 0 0 0 3.74 82213.9 1728.29 3.84 53.12
1777779516.4737942 | 1 1 1 1 7 40.727858 -74.021421 1717.37 -1.07 1.85 -5.65 0 0 0 3.96 82324.71 1717.37 4.06 53.37
1777779516.5767932 | 1 1 1 1 10 40.727875 -74.021461 1706.41 -1.48 1.28 -4.82 0 0 0 4.0 82436.14 1706.41 4.1 51.25
1777779516.6777918 | 1 1 1 1 9 40.727911 -74.021483 1695.38 1.93 -0.07 -5.43 0 0 0 3.8 82548.24 1695.38 3.9 53.44
1777779516.7917902 | 1 1 1 1 9 40.727953 -74.021517 1684.3 1.19 -1.66 -6.63 0 0 0 3.76 82661.15 1684.3 3.86 52.25
1777779516.892789 | 1 1 1 1 9 40.727986 -74.021541 1673.15 0.2 0.36 -5.79 0 0 0 3.87 82774.76 1673.15 3.97 52.22
1777779516.9947877 | 1 1 1 1 8 40.727996 -74.021586 1661.94 1.21 -1.4 -6.77 0 0 0 4.38 82889.2 1661.94 4.48 50.17
1777779517.0967865 | 1 1 1 1 9 40.728018 -74.021626 1650.67 0.11 -0.83 -5.35 0 0 0 4.18 83004.31 1650.67 4.28 51.72
1777779517.200785 | 1 1 1 1 10 40.728061 -74.021651 1639.33 0.44 1.21 -6.96 0 0 0 4.32 83120.26 1639.33 4.42 50.05
1777779517.3057835 | 1 1 1 1 9 40.728108 -74.021688 1627.94 0.61 1.45 -5.4 0 0 0 4.29 83236.89 1627.94 4.39 52.16
1777779517.4087822 | 1 1 1 1 9 40.728146 -74.021733 1616.47 -1.58 -0.14 -7.28 0 0 0 4.64 83354.41 1616.47 4.74 50.39
1777779517.5107808 | 1 1 1 1 7 40.728159 -74.021774 1604.94 -0.81 1.35 -7.25 0 0 0 4.49 83472.8 1604.94 4.59 53.32
1777779517.6147797 | 1 1 1 1 8 40.728203 -74.021792 1593.34 -1.64 -1.89 -6.22 0 0 0 4.73 83591.98 1593.34 4.83 51.21
1777779517.7177784 | 1 1 1 1 7 40.728225 -74.021803 1581.68 -1.2 0.6 -6.06 0 0 0 4.76 83711.91 1581.68 4.86 53.71
1777779517.819777 | 1 1 1 1 7 40.72826 -74.021816 1569.95 -0.08 -1.66 -6.71 0 0 0 4.89 83832.67 1569.95 4.99 53.06
1777779517.9297757 | 1 1 1 1 7 40.728302 -74.021863 1558.17 1.1 1.33 -5.32 0 0 0 4.79 83954.12 1558.17 4.89 52.7
1777779518.0357742 | 1 1 1 1 10 40.728352 -74.021885 1546.32 -0.66 0.51 -7.49 0 0 0 5.15 84076.49 1546.32 5.25 54.14
1777779518.139773 | 1 1 1 1 8 40.728367 -74.021914 1534.39 -0.49 1.51 -7.49 0 0 0 4.84 84199.78 1534.39 4.94 50.71
1777779518.2407715 | 1 1 1 1 7 40.728401 -74.021936 1522.4 -1.59 -0.98 -5.42 0 0 0 5.17 84323.77 1522.4 5.27 52.67
1777779518.3437703 | 1 1 1 1 9 40.72845 -74.021971 1510.36 -0.37 0.71 -6.32 0 0 0 4.92 84448.57 1510.36 5.02 54.09
1777779518.444769 | 1 1 1 1 9 40.72847 -74.021995 1498.25 1.97 -1.55 -5.92 0 0 0 5.26 84574.14 1498.25 5.36 52.29
1777779518.5457678 | 1 1 1 1 7 40.728502 -74.022024 1486.08 -0.59 0.93 -6.45 0 0 0 5.31 84700.52 1486.08 5.41 51.88
1777779518.6527662 | 1 1 1 1 7 40.728515 -74.022068 1473.84 -1.74 1.21 -6.74 0 0 0 5.62 84827.76 1473.84 5.72 51.21
1777779518.758765 | 1 1 1 1 7 40.728535 -74.022105 1461.54 0.88 -0.62 -6.9 0 0 0 5.44 84955.87 1461.54 5.54 51.13
1777779518.8607635 | 1 1 1 1 9 40.728582 -74.022138 1449.16 1.59 -0.13 -6.43 0 0 0 5.41 85084.81 1449.16 5.51 51.3
1777779518.9647624 | 1 1 1 1 8 40.728631 -74.022151 1436.73 1.3 0.19 -5.84 0 0 0 5.8 85214.51 1436.73 5.9 54.03
1777779519.074761 | 1 1 1 1 10 40.728648 -74.022185 1424.24 0.45 -0.77 -6.3 0 0 0 5.78 85345.04 1424.24 5.88 52.49
1777779519.2007594 | 1 1 1 1 8 40.72866 -74.022228 1411.7 -1.8 1.52 -5.3 0 0 0 5.69 85476.28 1411.7 5.79 52.48
1777779519.304758 | 1 1 1 1 7 40.728698 -74.022275 1399.1 -1.41 -0.18 -4.92 0 0 0 5.69 85608.2 1399.1 5.79 53.8
1777779519.4067566 | 1 1 1 1 10 40.728743 -74.022302 1386.43 -0.59 -0.69 -7.65 0 0 0 6.01 85741.09 1386.43 6.11 51.89
1777779519.5117552 | 1 1 1 1 9 40.72879 -74.022323 1373.69 -1.46 0.88 -7.17 0 0 0 6.18 85874.9 1373.69 6.28 54.73
1777779519.615754 | 1 1 1 1 7 40.728835 -74.022355 1360.88 -0.09 -0.94 -6.57 0 0 0 5.87 86009.56 1360.88 5.97 53.47
1777779519.7377524 | 1 1 1 1 9 40.728883 -74.022378 1348.0 1.59 1.39 -7.04 0 0 0 6.52 86145.14 1348.0 6.62 52.28
1777779519.8517509 | 1 1 1 1 8 40.728906 -74.022397 1335.05 -0.02 -1.66 -6.4 0 0 0 6.3 86281.57 1335.05 6.4 53.66
1777779519.9557498 | 1 1 1 1 10 40.728935 -74.022413 1322.04 -0.98 -0.29 -7.53 0 0 0 6.4 86418.97 1322.04 6.5 54.51
1777779520.0587482 | 1 1 1 1 10 40.728981 -74.022457 1308.95 0.28 1.35 -6.87 0 0 0 6.51 86557.27 1308.95 6.61 52.43
1777779520.162747 | 1 1 1 1 9 40.728997 -74.022497 1295.81 1.23 0.09 -5.51 0 0 0 6.4 86696.33 1295.81 6.5 53.75
1777779520.2637455 | 1 1 1 1 7 40.72904 -74.02253 1282.61 0.1 -0.58 -5.53 0 0 0 6.61 86836.17 1282.61 6.71 53.02
1777779520.3657444 | 1 1 1 1 7 40.729084 -74.022559 1269.36 -1.55 -1.58 -5.14 0 0 0 6.84 86976.72 1269.36 6.94 53.96
1777779520.467743 | 1 1 1 1 9 40.729115 -74.0226 1256.05 -0.65 0.13 -6.28 0 0 0 7.03 87118.13 1256.05 7.13 53.95
1777779520.5707414 | 1 1 1 1 7 40.729142 -74.022627 1242.68 -1.52 -0.47 -5.4 0 0 0 6.87 87260.31 1242.68 6.97 53.34
1777779520.6727405 | 1 1 1 1 7 40.729158 -74.02267 1229.25 -0.02 -1.68 -6.42 0 0 0 6.86 87403.35 1229.25 6.96 53.89
1777779520.774739 | 1 1 1 1 8 40.72919 -74.022719 1215.75 -1.12 0.47 -7.3 0 0 0 7.07 87547.36 1215.75 7.17 55.65
1777779520.8997374 | 1 1 1 1 7 40.729228 -74.022733 1202.19 -0.6 -1.88 -5.44 0 0 0 6.96 87692.15 1202.19 7.06 52.03
1777779521.010736 | 1 1 1 1 8 40.729263 -74.022773 1188.58 -1.93 1.75 -5.48 0 0 0 7.1 87837.72 1188.58 7.2 55.46
1777779521.1127348 | 1 1 1 1 9 40.729303 -74.022818 1174.9 -0.41 1.22 -6.23 0 0 0 7.29 87984.15 1174.9 7.39 55.21
1777779521.2177334 | 1 1 1 1 10 40.729342 -74.022849 1161.18 0.64 1.01 -5.08 0 0 0 7.56 88131.32 1161.18 7.66 53.96
1777779521.319732 | 1 1 1 1 10 40.729376 -74.022861 1147.38 -1.16 -1.35 -7.46 0 0 0 7.38 88279.49 1147.38 7.48 54.6
1777779521.4237306 | 1 1 1 1 10 40.729398 -74.022884 1133.52 -1.41 0.48 -6.21 0 0 0 7.35 88428.53 1133.52 7.45 52.92
1777779521.554729 | 1 1 1 1 8 40.729435 -74.022909 1119.59 1.52 -1.7 -6.58 0 0 0 7.66 88578.49 1119.59 7.76 53.34
1777779521.6587276 | 1 1 1 1 8 40.729451 -74.022955 1105.61 0.98 1.48 -5.27 0 0 0 7.69 88729.22 1105.61 7.79 53.89
1777779521.7617261 | 1 1 1 1 9 40.729493 -74.022967 1091.57 -0.93 0.66 -6.12 0 0 0 7.84 88880.81 1091.57 7.94 55.71
1777779521.863725 | 1 1 1 1 8 40.729529 -74.022982 1077.47 -1.56 -1.49 -5.22 0 0 0 7.73 89033.19 1077.47 7.83 52.74
1777779521.9677236 | 1 1 1 1 10 40.729551 -74.023029 1063.32 1.57 -1.25 -5.83 0 0 0 8.21 89186.4 1063.32 8.31 54.11
1777779522.0867221 | 1 1 1 1 8 40.729593 -74.023056 1049.11 -1.12 -0.31 -6.41 0 0 0 8.38 89340.52 1049.11 8.48 56.17
1777779522.1937208 | 1 1 1 1 9 40.729636 -74.023068 1034.81 -0.23 0.77 -7.74 0 0 0 8.36 89495.71 1034.81 8.46 53.57
1777779522.2987194 | 1 1 1 1 7 40.729685 -74.023089 1020.47 1.93 -1.45 -5.15 0 0 0 8.62 89651.66 1020.47 8.72 55.28
1777779522.398718 | 1 1 1 1 10 40.729699 -74.023132 1006.05 -1.96 -1.45 -7.15 0 0 0 8.73 89808.62 1006.05 8.83 54.85
1777779522.5017169 | 1 1 1 1 10 40.729735 -74.023175 991.58 -1.53 -1.3 -4.95 0 0 0 8.28 89966.34 991.58 8.38 56.22
1777779522.6037157 | 1 1 1 1 8 40.72975 -74.023196 977.05 1.85 -0.9 -7.29 0 0 0 8.56 90125.08 977.05 8.66 53.41
1777779522.725714 | 1 1 1 1 9 40.729788 -74.023242 962.45 1.03 -1.93 -6.07 0 0 0 9.03 90284.71 962.45 9.13 56.46
1777779522.8287125 | 1 1 1 1 7 40.729829 -74.023269 947.8 -0.05 1.22 -5.04 0 0 0 9.03 90445.13 947.8 9.13 53.33
1777779522.9307113 | 1 1 1 1 7 40.729865 -74.023303 933.09 1.64 -0.42 -5.62 0 0 0 8.72 90606.39 933.09 8.82 57.1
1777779523.03471 | 1 1 1 1 10 40.729902 -74.023352 918.32 1.89 0.51 -6.46 0 0 0 8.74 90768.59 918.32 8.84 57.11
1777779523.1397088 | 1 1 1 1 10 40.729944 -74.023385 903.49 1.56 -0.4 -6.09 0 0 0 9.4 90931.7 903.49 9.5 54.7
1777779523.2407074 | 1 1 1 1 9 40.729972 -74.023426 888.58 -1.79 -0.06 -7.68 0 0 0 9.47 91095.89 888.58 9.57 53.82
1777779523.342706 | 1 1 1 1 10 40.730001 -74.023458 873.6 1.98 -0.05 -6.8 0 0 0 9.45 91261.07 873.6 9.55 57.59
1777779523.4707043 | 1 1 1 1 10 40.730041 -74.023479 858.55 0.96 0.6 -7.65 0 0 0 9.61 91427.34 858.55 9.71 57.26
1777779523.576703 | 1 1 1 1 9 40.730052 -74.023512 843.45 0.83 -0.55 -5.01 0 0 0 9.27 91594.42 843.45 9.37 56.29
1777779523.6777017 | 1 1 1 1 9 40.730098 -74.023523 828.28 -0.69 1.87 -6.52 0 0 0 9.51 91762.46 828.28 9.61 57.2
1777779523.7797003 | 1 1 1 1 9 40.730115 -74.023541 813.06 -1.68 -1.47 -4.94 0 0 0 9.57 91931.29 813.06 9.67 55.82
1777779523.9036987 | 1 1 1 1 10 40.730132 -74.023568 797.77 -0.44 -0.22 -7.22 0 0 0 9.84 92101.19 797.77 9.94 55.61
1777779524.0626967 | 1 1 1 1 7 40.730144 -74.02359 782.41 -1.4 0.58 -6.6 0 0 0 10.09 92272.07 782.41 10.19 57.52
1777779524.1636953 | 1 1 1 1 8 40.730159 -74.023637 767.0 -0.54 -1.89 -5.45 0 0 0 9.75 92443.82 767.0 9.85 57.14
1777779524.264694 | 1 1 1 1 10 40.730178 -74.02365 751.53 -1.08 -1.06 -5.84 0 0 0 10.41 92616.47 751.53 10.51 55.83
1777779524.3636928 | 1 1 1 1 9 40.730202 -74.023681 736.0 -1.62 -2.0 -6.03 0 0 0 10.33 92790.07 736.0 10.43 57.73
1777779524.4646914 | 1 1 1 1 8 40.730224 -74.023724 720.41 1.45 1.34 -6.92 0 0 0 10.05 92964.7 720.41 10.15 57.57
1777779524.5716903 | 1 1 1 1 10 40.730271 -74.023758 704.74 0.24 -0.83 -6.49 0 0 0 10.29 93140.33 704.74 10.39 57.7
1777779524.6856885 | 1 1 1 1 9 40.730303 -74.023783 689.03 1.22 1.16 -5.38 0 0 0 10.23 93316.83 689.03 10.33 56.67
1777779524.7886875 | 1 1 1 1 10 40.73033 -74.023819 673.23 -1.17 -0.56 -7.57 0 0 0 10.41 93494.45 673.23 10.51 55.69
1777779524.8926861 | 1 1 1 1 10 40.730349 -74.023845 657.39 1.98 -1.76 -5.36 0 0 0 10.97 93672.95 657.39 11.07 57.24
1777779524.9956846 | 1 1 1 1 8 40.730392 -74.023875 641.49 -1.4 -0.78 -5.04 0 0 0 10.99 93852.29 641.49 11.09 57.27
1777779525.1136832 | 1 1 1 1 8 40.730409 -74.023904 625.53 -1.97 -0.77 -6.61 0 0 0 10.73 94032.67 625.53 10.83 58.47
1777779525.2256818 | 1 1 1 1 7 40.730458 -74.02392 609.51 1.8 1.57 -5.09 0 0 0 10.89 94213.89 609.51 10.99 57.81
1777779525.3256805 | 1 1 1 1 10 40.730495 -74.023956 593.45 1.93 -1.27 -5.09 0 0 0 10.87 94395.98 593.45 10.97 56.01
1777779525.4276793 | 1 1 1 1 8 40.730543 -74.023997 577.32 -0.46 0.64 -6.33 0 0 0 11.18 94579.07 577.32 11.28 57.55
1777779525.5306778 | 1 1 1 1 10 40.730574 -74.024025 561.13 1.19 1.69 -5.79 0 0 0 11.49 94763.11 561.13 11.59 56.72
1777779525.6326764 | 1 1 1 1 8 40.730597 -74.024035 544.89 0.35 -1.46 -5.45 0 0 0 11.69 94948.05 544.89 11.79 58.74
1777779525.745675 | 1 1 1 1 9 40.730622 -74.024067 528.58 -1.34 0.21 -7.7 0 0 0 11.27 95134.17 528.58 11.37 56.44
1777779525.8596735 | 1 1 1 1 9 40.730635 -74.0241 512.18 0.83 -1.49 -7.44 0 0 0 11.41 95321.44 512.18 11.51 58.23
1777779525.9686723 | 1 1 1 1 9 40.730679 -74.024129 495.72 1.31 -0.06 -6.93 0 0 0 11.57 95509.8 495.72 11.67 57.62
1777779526.069671 | 1 1 1 1 9 40.730711 -74.024173 479.19 -1.38 -0.34 -7.46 0 0 0 11.79 95699.31 479.19 11.89 58.51
1777779526.1716695 | 1 1 1 1 7 40.730748 -74.0242 462.59 -1.72 0.59 -6.58 0 0 0 12.22 95889.89 462.59 12.32 59.31
1777779526.2736683 | 1 1 1 1 10 40.73079 -74.024239 445.93 1.2 0.78 -5.81 0 0 0 12.06 96081.44 445.93 12.16 59.3
1777779526.3926666 | 1 1 1 1 9 40.730834 -74.02428 429.21 -0.64 -1.15 -5.93 0 0 0 12.26 96273.98 429.21 12.36 59.12
1777779526.4946654 | 1 1 1 1 9 40.730883 -74.02431 412.43 1.52 0.81 -6.01 0 0 0 12.54 96467.53 412.43 12.64 59.48
1777779526.594664 | 1 1 1 1 8 40.730906 -74.024345 395.57 0.8 -1.63 -7.66 0 0 0 12.2 96662.28 395.57 12.3 57.0
1777779526.6976628 | 1 1 1 1 8 40.730934 -74.024373 378.66 1.1 0.46 -5.76 0 0 0 12.72 96858.01 378.66 12.82 56.3
1777779526.7986615 | 1 1 1 1 7 40.730955 -74.024413 361.69 -1.34 0.85 -5.36 0 0 0 12.84 97054.69 361.69 12.94 59.15
1777779526.9026601 | 1 1 1 1 7 40.730996 -74.024451 344.65 0.85 1.77 -7.52 0 0 0 12.75 97252.56 344.65 12.85 57.85
1777779527.004659 | 1 1 1 1 7 40.731042 -74.024468 327.54 0.48 1.48 -6.91 0 0 0 12.59 97451.57 327.54 12.69 59.18
1777779527.1056576 | 1 1 1 1 8 40.731074 -74.024495 310.36 1.34 0.62 -7.15 0 0 0 13.16 97651.74 310.36 13.26 58.51
1777779527.2056563 | 1 1 1 1 10 40.731094 -74.024515 293.11 0.58 -0.31 -6.79 0 0 0 13.1 97853.04 293.11 13.2 58.1
1777779527.306655 | 1 1 1 1 8 40.731106 -74.024536 275.8 -0.37 -0.25 -5.97 0 0 0 13.5 98055.37 275.8 13.6 57.06
1777779527.4076536 | 1 1 1 1 9 40.731122 -74.024567 258.42 -1.88 1.87 -6.54 0 0 0 13.6 98258.8 258.42 13.7 58.87
1777779527.5126524 | 1 1 1 1 8 40.731166 -74.024617 240.98 1.85 0.12 -7.01 0 0 0 13.61 98463.4 240.98 13.71 60.71
1777779527.6246507 | 1 1 1 1 8 40.731184 -74.024645 223.47 -1.25 1.91 -5.84 0 0 0 13.6 98669.03 223.47 13.7 58.69
1777779527.7466493 | 1 1 1 1 10 40.731231 -74.024693 205.91 -0.35 0.51 -6.01 0 0 0 13.88 98875.72 205.91 13.98 58.6
1777779527.8546479 | 1 1 1 1 7 40.731262 -74.024713 188.29 0.63 1.01 -5.29 0 0 0 13.85 99083.38 188.29 13.95 57.59
1777779527.9656463 | 1 1 1 1 7 40.731283 -74.024727 170.61 0.54 1.66 -6.9 0 0 0 14.0 99292.21 170.61 14.1 58.96
1777779528.0666451 | 1 1 1 1 8 40.731306 -74.024776 152.86 1.28 -0.35 -6.28 0 0 0 13.95 99502.14 152.86 14.05 60.05
1777779528.1706438 | 1 1 1 1 7 40.731328 -74.024795 135.04 -1.57 0.75 -6.28 0 0 0 13.88 99713.17 135.04 13.98 57.64
1777779528.2786424 | 1 1 1 1 10 40.731377 -74.02483 117.16 0.75 -0.9 -7.33 0 0 0 14.35 99925.44 117.16 14.45 61.39
1777779528.3816411 | 1 1 1 1 7 40.731424 -74.024859 99.21 0.6 1.76 -6.14 0 0 0 14.07 100138.8 99.21 14.17 59.15
1777779528.4846396 | 1 1 1 1 7 40.731457 -74.024882 81.2 1.46 -0.26 -6.18 0 0 0 14.51 100353.27 81.2 14.61 58.41
1777779528.5856383 | 1 1 1 1 9 40.731501 -74.02492 63.14 -1.45 1.1 -5.18 0 0 0 14.77 100568.73 63.14 14.87 60.9
1777779528.684637 | 1 1 1 1 7 40.731545 -74.024932 45.02 1.64 0.37 -6.1 0 0 0 14.57 100785.29 45.02 14.67 58.09
1777779528.8196354 | 1 1 1 1 9 40.731583 -74.024971 26.85 -1.25 0.34 -5.35 0 0 0 14.88 101002.87 26.85 14.98 58.87
1777779528.934634 | 1 1 1 1 10 40.7316 -74.024992 8.61 -1.59 0.77 -6.41 0 0 0 15.03 101221.6 8.61 15.13 61.85
1777779529.0376327 | 1 1 1 1 7 40.731625 -74.025036 0 0.54 0.72 -5.8 0 0 0 14.71 101325.0 0 14.81 59.25
1777779529.1396313 | 1 1 1 1 7 40.731654 -74.025047 0 1.99 -1.77 -7.29 0 0 0 15.1 101325.0 0 15.2 58.21
1777779529.24063 | 1 1 1 1 10 40.731698 -74.025088 0 0.09 0.68 -6.54 0 0 0 15.2 101325.0 0 15.3 58.94
1777779529.3416288 | 1 1 1 1 10 40.731739 -74.025101 0 -0.8 0.86 -7.78 0 0 0 14.83 101325.0 0 14.93 60.72
1777779529.4556272 | 1 1 1 1 7 40.731785 -74.025147 0 -1.96 1.07 -7.48 0 0 0 14.81 101325.0 0 14.91 58.26
1777779529.559626 | 1 1 1 1 10 40.731813 -74.025164 0 1.85 -1.96 -5.57 0 0 0 14.96 101325.0 0 15.06 59.51
1777779529.6616247 | 1 1 1 1 8 40.731849 -74.025203 0 -0.73 -0.79 -5.01 0 0 0 14.72 101325.0 0 14.82 59.24
1777779529.7606235 | 1 1 1 1 7 40.731891 -74.025223 0 1.39 -1.26 -6.13 0 0 0 14.83 101325.0 0 14.93 59.15
1777779529.8606222 | 1 1 1 1 8 40.731933 -74.025272 0 0.3 0.89 -5.22 0 0 0 14.73 101325.0 0 14.83 61.08
1777779530.0006204 | 1 1 1 1 8 40.73196 -74.02531 0 0.19 1.61 -7.76 0 0 0 14.87 101325.0 0 14.97 58.13
1777779530.102619 | 1 1 1 1 10 40.731986 -74.025334 0 1.05 1.3 -6.08 0 0 0 15.21 101325.0 0 15.31 58.81
1777779530.2036176 | 1 1 1 1 8 40.732009 -74.025382 0 -1.96 1.31 -5.42 0 0 0 14.93 101325.0 0 15.03 61.54
1777779530.3036163 | 1 1 1 1 9 40.732051 -74.025427 0 -1.11 1.75 -7.43 0 0 0 14.79 101325.0 0 14.89 61.36
1777779530.4046152 | 1 1 1 1 7 40.732081 -74.025471 0 1.96 1.92 -5.0 0 0 0 14.79 101325.0 0 14.89 60.36
1777779530.5046139 | 1 1 1 1 7 40.732119 -74.025513 0 -1.53 1.43 -6.78 0 0 0 14.93 101325.0 0 15.03 59.82
1777779530.6156125 | 1 1 1 1 10 40.732141 -74.025526 0 1.62 -0.03 -7.19 0 0 0 15.23 101325.0 0 15.33 58.14
1777779530.724611 | 1 1 1 1 10 40.732161 -74.025545 0 0.19 -0.13 -6.96 0 0 0 14.84 101325.0 0 14.94 60.25
1777779530.8276095 | 1 1 1 1 9 40.732175 -74.025585 0 1.31 -1.03 -4.81 0 0 0 15.02 101325.0 0 15.12 60.69
1777779530.9316084 | 1 1 1 1 8 40.732199 -74.025625 0 0.85 0.83 -5.5 0 0 0 15.15 101325.0 0 15.25 61.21
1777779531.033607 | 1 1 1 1 7 40.732234 -74.025662 0 1.87 1.42 -6.36 0 0 0 14.71 101325.0 0 14.81 59.19
1777779531.1346056 | 1 1 1 1 10 40.73227 -74.025691 0 -0.79 1.89 -7.51 0 0 0 15.14 101325.0 0 15.24 58.24
1777779531.2376044 | 1 1 1 1 10 40.7323 -74.025722 0 1.66 0.6 -7.44 0 0 0 14.92 101325.0 0 15.02 61.39
1777779531.3446028 | 1 1 1 1 7 40.732338 -74.025741 0 -0.5 -0.91 -6.39 0 0 0 15.04 101325.0 0 15.14 61.33
1777779531.4506018 | 1 1 1 1 9 40.732369 -74.025779 0 0.19 -1.03 -6.75 0 0 0 14.98 101325.0 0 15.08 58.18
1777779531.5506003 | 1 1 1 1 8 40.732417 -74.025817 0 0.25 0.64 -5.67 0 0 0 15.0 101325.0 0 15.1 60.74
1777779531.650599 | 1 1 1 1 7 40.732451 -74.025858 0 -1.4 -0.55 -4.88 0 0 0 14.72 101325.0 0 14.82 60.32
1777779531.7555976 | 1 1 1 1 7 40.732464 -74.025878 0 0.14 -1.84 -6.2 0 0 0 14.8 101325.0 0 14.9 59.39
1777779531.879596 | 1 1 1 1 10 40.732505 -74.025917 0 -0.7 -0.93 -7.55 0 0 0 15.04 101325.0 0 15.14 61.18
1777779531.9795947 | 1 1 1 1 8 40.732551 -74.02593 0 -0.85 1.82 -7.78 0 0 0 14.78 101325.0 0 14.88 60.62
1777779532.0795934 | 1 1 1 1 9 40.732564 -74.025946 0 -0.37 0.07 -6.6 0 0 0 15.25 101325.0 0 15.35 59.27
1777779532.1875923 | 1 1 1 1 7 40.732607 -74.025996 0 -1.22 1.05 -5.61 0 0 0 14.8 101325.0 0 14.9 59.68
1777779532.2915907 | 1 1 1 1 10 40.732633 -74.026045 0 -0.75 1.39 -5.55 0 0 0 14.77 101325.0 0 14.87 58.92
1777779532.4065893 | 1 1 1 1 10 40.732655 -74.026061 0 0.45 1.5 -6.8 0 0 0 15.08 101325.0 0 15.18 61.8
1777779532.513588 | 1 1 1 1 7 40.732671 -74.026106 0 -1.06 -0.11 -5.02 0 0 0 15.08 101325.0 0 15.18 59.64
1777779532.6165864 | 1 1 1 1 7 40.732696 -74.026151 0 -1.08 1.82 -6.61 0 0 0 14.73 101325.0 0 14.83 59.66
1777779532.7195852 | 1 1 1 1 7 40.732726 -74.026164 0 0.28 -0.97 -5.21 0 0 0 15.03 101325.0 0 15.13 58.36
1777779532.8205838 | 1 1 1 1 7 40.732757 -74.026203 0 1.76 0.61 -5.87 0 0 0 15.06 101325.0 0 15.16 59.26
1777779532.9345825 | 1 1 1 1 8 40.732775 -74.026242 0 1.06 -0.69 -5.26 0 0 0 14.86 101325.0 0 14.96 58.32
1777779533.046581 | 1 1 1 1 10 40.732792 -74.026258 0 1.16 -1.84 -7.26 0 0 0 15.28 101325.0 0 15.38 60.84
1777779533.1485798 | 1 1 1 1 8 40.73283 -74.026297 0 1.68 0.62 -5.33 0 0 0 14.87 101325.0 0 14.97 61.58
1777779533.2515783 | 1 1 1 1 7 40.732863 -74.026342 0 -0.23 -1.09 -7.23 0 0 0 15.2 101325.0 0 15.3 61.18
1777779533.350577 | 1 1 1 1 9 40.732878 -74.026386 0 0.56 0.07 -4.96 0 0 0 15.01 101325.0 0 15.11 58.29
1777779533.4515758 | 1 1 1 1 9 40.732889 -74.026426 0 0.81 -0.78 -5.56 0 0 0 15.13 101325.0 0 15.23 59.06
1777779533.5685744 | 1 1 1 1 10 40.73291 -74.026465 0 0.17 -1.18 -4.9 0 0 0 14.8 101325.0 0 14.9 61.45
1777779533.6735728 | 1 1 1 1 8 40.732939 -74.026503 0 0.95 1.78 -7.43 0 0 0 15.14 101325.0 0 15.24 60.41
1777779533.7805717 | 1 1 1 1 8 40.732959 -74.026538 0 -1.11 -1.92 -5.6 0 0 0 14.78 101325.0 0 14.88 59.03
1777779533.8805704 | 1 1 1 1 8 40.733002 -74.026558 0 1.93 0.35 -6.84 0 0 0 15.09 101325.0 0 15.19 58.11
1777779533.9805691 | 1 1 1 1 9 40.733015 -74.026583 0 -1.02 0.42 -5.75 0 0 0 14.85 101325.0 0 14.95 59.17
1777779534.0915675 | 1 1 1 1 7 40.73303 -74.026624 0 0.22 0.36 -6.73 0 0 0 15.24 101325.0 0 15.34 58.2
1777779534.203566 | 1 1 1 1 10 40.733058 -74.026663 0 0.81 1.43 -7.74 0 0 0 15.17 101325.0 0 15.27 61.66
1777779534.3085647 | 1 1 1 1 8 40.733079 -74.02668 0 1.7 1.08 -7.54 0 0 0 14.9 101325.0 0 15.0 61.05
1777779534.4185634 | 1 1 1 1 8 40.733096 -74.026706 0 -1.01 0.55 -5.05 0 0 0 14.92 101325.0 0 15.02 61.89
1777779534.519562 | 1 1 1 1 8 40.733128 -74.026732 0 -1.17 0.29 -5.51 0 0 0 14.88 101325.0 0 14.98 60.72
1777779534.6255608 | 1 1 1 1 7 40.733164 -74.026776 0 1.81 -1.6 -6.23 0 0 0 15.04 101325.0 0 15.14 58.44
1777779534.7525592 | 1 1 1 1 7 40.733199 -74.026814 0 -0.55 1.25 -6.13 0 0 0 14.77 101325.0 0 14.87 61.08
1777779534.8595576 | 1 1 1 1 9 40.733238 -74.026827 0 0.32 1.11 -5.25 0 0 0 14.82 101325.0 0 14.92 59.77
1777779534.9605565 | 1 1 1 1 10 40.733276 -74.026843 0 -1.52 0.89 -7.32 0 0 0 15.0 101325.0 0 15.1 60.14
1777779535.0675552 | 1 1 1 1 9 40.733295 -74.026854 0 -1.17 -0.81 -5.99 0 0 0 14.74 101325.0 0 14.84 58.77
1777779535.1685538 | 1 1 1 1 10 40.733324 -74.026878 0 -0.56 1.32 -5.1 0 0 0 15.12 101325.0 0 15.22 59.75
1777779535.2725525 | 1 1 1 1 10 40.733347 -74.026903 0 -1.91 -0.0 -5.52 0 0 0 14.88 101325.0 0 14.98 61.24
1777779535.383551 | 1 1 1 1 10 40.733371 -74.026938 0 1.89 -0.08 -7.36 0 0 0 14.98 101325.0 0 15.08 59.58
1777779535.4855494 | 1 1 1 1 8 40.733383 -74.026968 0 -0.12 0.31 -7.64 0 0 0 15.16 101325.0 0 15.26 60.0
1777779535.5895483 | 1 1 1 1 7 40.733417 -74.027014 0 1.23 -1.96 -5.88 0 0 0 15.18 101325.0 0 15.28 61.07
1777779535.690547 | 1 1 1 1 10 40.733452 -74.027046 0 -0.94 1.82 -5.35 0 0 0 14.93 101325.0 0 15.03 60.94
1777779535.7945457 | 1 1 1 1 7 40.733489 -74.027078 0 1.77 -0.37 -6.97 0 0 0 14.92 101325.0 0 15.02 58.66
1777779535.9095442 | 1 1 1 1 8 40.733527 -74.027104 0 -1.58 1.59 -6.1 0 0 0 14.83 101325.0 0 14.93 60.27
1777779536.0205426 | 1 1 1 1 7 40.733547 -74.027116 0 0.73 0.77 -6.82 0 0 0 14.72 101325.0 0 14.82 59.89
1777779536.1215413 | 1 1 1 1 10 40.733594 -74.027129 0 -1.62 1.93 -5.76 0 0 0 15.07 101325.0 0 15.17 59.66
1777779536.2235403 | 1 1 1 1 9 40.733614 -74.027161 0 1.36 1.61 -6.75 0 0 0 14.98 101325.0 0 15.08 61.57
1777779536.327539 | 1 1 1 1 9 40.733641 -74.027175 0 1.99 0.55 -5.44 0 0 0 14.82 101325.0 0 14.92 59.05
1777779536.4295375 | 1 1 1 1 10 40.733689 -74.02719 0 1.61 0.14 -7.04 0 0 0 14.99 101325.0 0 15.09 61.8
1777779536.541536 | 1 1 1 1 10 40.733703 -74.027204 0 0.09 -1.38 -6.35 0 0 0 15.17 101325.0 0 15.27 58.6
1777779536.6505346 | 1 1 1 1 9 40.733743 -74.027237 0 0.09 1.82 -5.95 0 0 0 15.17 101325.0 0 15.27 61.11
1777779536.7535334 | 1 1 1 1 9 40.733759 -74.027266 0 1.8 0.83 -5.24 0 0 0 14.88 101325.0 0 14.98 60.3
1777779536.855532 | 1 1 1 1 10 40.73379 -74.027293 0 -0.33 1.56 -5.53 0 0 0 15.24 101325.0 0 15.34 61.38
1777779536.9575307 | 1 1 1 1 9 40.73384 -74.027323 0 1.71 0.08 -6.61 0 0 0 14.74 101325.0 0 14.84 59.74
1777779537.0605295 | 1 1 1 1 9 40.73387 -74.02737 0 0.46 0.95 -5.89 0 0 0 14.77 101325.0 0 14.87 59.84
1777779537.1725278 | 1 1 1 1 7 40.733889 -74.027399 0 -1.78 -0.57 -7.3 0 0 0 14.77 101325.0 0 14.87 59.85
1777779537.2765267 | 1 1 1 1 7 40.733927 -74.027446 0 1.04 1.91 -5.28 0 0 0 15.0 101325.0 0 15.1 60.49
1777779537.3795254 | 1 1 1 1 9 40.733972 -74.02748 0 0.45 1.8 -5.57 0 0 0 15.2 101325.0 0 15.3 60.85
1777779537.480524 | 1 1 1 1 7 40.733991 -74.027525 0 -0.72 0.41 -6.54 0 0 0 15.26 101325.0 0 15.36 59.18
1777779537.5825226 | 1 1 1 1 9 40.734014 -74.027537 0 1.47 1.35 -6.71 0 0 0 15.15 101325.0 0 15.25 58.45
1777779537.6835213 | 1 1 1 1 8 40.73406 -74.027578 0 -1.56 -1.25 -7.69 0 0 0 15.28 101325.0 0 15.38 60.64
1777779537.8035197 | 1 1 1 1 10 40.734103 -74.02761 0 1.26 0.69 -6.45 0 0 0 14.81 101325.0 0 14.91 58.9
1777779537.9055185 | 1 1 1 1 7 40.734138 -74.027635 0 -1.62 1.4 -4.95 0 0 0 15.17 101325.0 0 15.27 60.93
1777779538.008517 | 1 1 1 1 7 40.734188 -74.027674 0 0.37 -1.13 -6.77 0 0 0 15.23 101325.0 0 15.33 59.6
1777779538.111516 | 1 1 1 1 8 40.734231 -74.027705 0 0.63 1.34 -6.52 0 0 0 15.3 101325.0 0 15.4 58.07
1777779538.2155147 | 1 1 1 1 9 40.734275 -74.027739 0 0.67 -1.23 -5.89 0 0 0 15.23 101325.0 0 15.33 59.85
1777779538.3305132 | 1 1 1 1 10 40.734305 -74.02775 0 1.51 -1.23 -6.33 0 0 0 15.19 101325.0 0 15.29 61.5
1777779538.4465115 | 1 1 1 1 9 40.734318 -74.027797 0 0.28 1.75 -5.21 0 0 0 15.0 101325.0 0 15.1 59.65
1777779538.55851 | 1 1 1 1 8 40.734337 -74.027809 0 -1.7 1.33 -5.93 0 0 0 14.98 101325.0 0 15.08 60.98
1777779538.6605089 | 1 1 1 1 8 40.734364 -74.027855 0 0.39 -0.08 -6.82 0 0 0 15.08 101325.0 0 15.18 60.3
1777779538.7635074 | 1 1 1 1 9 40.734396 -74.027894 0 -0.53 0.7 -5.16 0 0 0 15.06 101325.0 0 15.16 60.54
1777779538.864506 | 1 1 1 1 7 40.734427 -74.027918 0 -0.15 -0.68 -5.93 0 0 0 14.86 101325.0 0 14.96 58.92
1777779538.9705048 | 1 1 1 1 10 40.734439 -74.027942 0 -0.92 -1.67 -5.12 0 0 0 15.18 101325.0 0 15.28 59.23
1777779539.0715036 | 1 1 1 1 7 40.73446 -74.027952 0 -1.72 -1.27 -6.88 0 0 0 15.11 101325.0 0 15.21 61.32
1777779539.1725023 | 1 1 1 1 9 40.734501 -74.027963 0 -0.01 0.62 -4.9 0 0 0 14.93 101325.0 0 15.03 60.83
1777779539.276501 | 1 1 1 1 7 40.734542 -74.027993 0 0.58 -1.36 -7.2 0 0 0 14.87 101325.0 0 14.97 58.15
1777779539.3784995 | 1 1 1 1 8 40.734573 -74.028017 0 -0.34 1.99 -7.04 0 0 0 15.1 101325.0 0 15.2 59.71
1777779539.4874983 | 1 1 1 1 9 40.734623 -74.028044 0 -1.42 0.68 -6.45 0 0 0 15.06 101325.0 0 15.16 59.31
1777779539.588497 | 1 1 1 1 7 40.734661 -74.028076 0 -1.81 0.7 -6.42 0 0 0 15.14 101325.0 0 15.24 60.29
1777779539.6924956 | 1 1 1 1 9 40.734686 -74.028108 0 0.85 -0.9 -7.14 0 0 0 15.18 101325.0 0 15.28 58.88
1777779539.7934942 | 1 1 1 1 7 40.734717 -74.028155 0 1.09 0.38 -6.98 0 0 0 15.25 101325.0 0 15.35 58.02
1777779539.8944929 | 1 1 1 1 10 40.73473 -74.028202 0 0.25 -1.61 -7.16 0 0 0 15.04 101325.0 0 15.14 59.74
1777779539.9994917 | 1 1 1 1 9 40.734758 -74.028237 0 -1.31 0.27 -5.29 0 0 0 14.84 101325.0 0 14.94 61.3
1777779540.1024904 | 1 1 1 1 10 40.734803 -74.028271 0 -0.4 -1.09 -6.52 0 0 0 14.99 101325.0 0 15.09 60.98
1777779540.203489 | 1 1 1 1 8 40.734828 -74.028283 0 -0.72 -0.6 -7.03 0 0 0 15.3 101325.0 0 15.4 58.21
1777779540.3064876 | 1 1 1 1 7 40.734853 -74.028331 0 0.94 0.51 -5.08 0 0 0 14.78 101325.0 0 14.88 59.13
1777779540.4074862 | 1 1 1 1 9 40.734887 -74.028343 0 1.45 1.45 -6.13 0 0 0 15.12 101325.0 0 15.22 61.62
1777779540.508485 | 1 1 1 1 9 40.734918 -74.02839 0 -1.97 1.24 -5.77 0 0 0 14.94 101325.0 0 15.04 60.9
1777779540.651483 | 1 1 1 1 8 40.73495 -74.028413 0 0.1 1.25 -6.26 0 0 0 14.97 101325.0 0 15.07 59.83
1777779540.7514818 | 1 1 1 1 8 40.734985 -74.028434 0 -0.73 1.48 -7.19 0 0 0 14.98 101325.0 0 15.08 61.65
1777779540.8524804 | 1 1 1 1 7 40.735026 -74.028451 0 -0.99 -1.31 -6.3 0 0 0 15.18 101325.0 0 15.28 59.86
1777779540.9554794 | 1 1 1 1 8 40.735061 -74.028482 0 0.98 -1.91 -5.45 0 0 0 14.83 101325.0 0 14.93 59.62
1777779541.055478 | 1 1 1 1 10 40.735076 -74.028505 0 -1.24 1.98 -7.39 0 0 0 15.03 101325.0 0 15.13 59.15
1777779541.1584766 | 1 1 1 1 8 40.735108 -74.028515 0 -1.87 -0.13 -7.14 0 0 0 14.77 101325.0 0 14.87 61.49
1777779541.299475 | 1 1 1 1 8 40.735137 -74.028555 0 0.59 0.06 -4.84 0 0 0 14.94 101325.0 0 15.04 61.87
1777779541.4034734 | 1 1 1 1 9 40.735185 -74.028593 0 -0.62 -1.46 -7.24 0 0 0 14.98 101325.0 0 15.08 61.36
1777779541.5024722 | 1 1 1 1 10 40.735222 -74.028634 0 1.71 0.52 -5.71 0 0 0 15.17 101325.0 0 15.27 58.27
1777779541.609471 | 1 1 1 1 9 40.735258 -74.028678 0 -1.36 -1.42 -6.78 0 0 0 14.89 101325.0 0 14.99 58.56
1777779541.7124696 | 1 1 1 1 7 40.735286 -74.028703 0 -1.08 1.62 -7.69 0 0 0 14.77 101325.0 0 14.87 58.23
1777779541.8134682 | 1 1 1 1 9 40.735309 -74.02872 0 0.43 -0.17 -4.82 0 0 0 15.3 101325.0 0 15.4 58.88
1777779541.9144669 | 1 1 1 1 7 40.73534 -74.028733 0 -1.85 -1.03 -5.74 0 0 0 15.29 101325.0 0 15.39 58.36
1777779542.0164657 | 1 1 1 1 8 40.735359 -74.028759 0 -0.21 1.59 -5.37 0 0 0 14.83 101325.0 0 14.93 61.01
1777779542.1194642 | 1 1 1 1 10 40.735399 -74.028805 0 -1.47 -1.13 -7.17 0 0 0 15.14 101325.0 0 15.24 60.24
1777779542.220463 | 1 1 1 1 8 40.735418 -74.028823 0 -0.02 1.12 -5.31 0 0 0 14.8 101325.0 0 14.9 60.59
1777779542.3314617 | 1 1 1 1 7 40.735462 -74.028869 0 -0.86 -0.92 -6.19 0 0 0 14.9 101325.0 0 15.0 60.17
1777779542.44246 | 1 1 1 1 9 40.735503 -74.02891 0 -0.89 -1.9 -7.77 0 0 0 14.94 101325.0 0 15.04 58.36
1777779542.5424588 | 1 1 1 1 9 40.735521 -74.028926 0 -0.84 1.79 -6.46 0 0 0 14.93 101325.0 0 15.03 59.55
1777779542.6444576 | 1 1 1 1 9 40.735538 -74.028972 0 0.75 0.12 -4.86 0 0 0 15.05 101325.0 0 15.15 61.43
1777779542.7454562 | 1 1 1 1 9 40.73556 -74.02899 0 -1.96 -1.74 -6.66 0 0 0 14.98 101325.0 0 15.08 61.61
1777779542.846455 | 1 1 1 1 9 40.735599 -74.029021 0 -0.66 0.68 -5.82 0 0 0 14.84 101325.0 0 14.94 59.83
1777779542.9724534 | 1 1 1 1 9 40.735622 -74.029035 0 1.53 -1.4 -7.54 0 0 0 15.06 101325.0 0 15.16 60.3
1777779543.083452 | 1 1 1 1 10 40.735653 -74.02907 0 1.56 0.44 -7.65 0 0 0 15.14 101325.0 0 15.24 58.01
1777779543.1864505 | 1 1 1 1 9 40.735691 -74.029085 0 1.91 -1.49 -7.74 0 0 0 14.88 101325.0 0 14.98 58.04
1777779543.2884493 | 1 1 1 1 7 40.735731 -74.029112 0 -1.66 0.13 -6.85 0 0 0 15.27 101325.0 0 15.37 61.84
1777779543.392448 | 1 1 1 1 9 40.73578 -74.029158 0 -1.34 0.42 -7.58 0 0 0 15.06 101325.0 0 15.16 58.82
1777779543.539446 | 1 1 1 1 8 40.735806 -74.029199 0 -0.1 -0.82 -7.7 0 0 0 14.74 101325.0 0 14.84 59.23
1777779543.6414447 | 1 1 1 1 10 40.735828 -74.029237 0 -0.34 1.49 -6.12 0 0 0 15.21 101325.0 0 15.31 58.53
1777779543.7444434 | 1 1 1 1 10 40.735874 -74.029265 0 -0.88 0.06 -5.52 0 0 0 14.9 101325.0 0 15.0 58.21
1777779543.8434422 | 1 1 1 1 10 40.735914 -74.029289 0 1.63 1.64 -5.23 0 0 0 14.87 101325.0 0 14.97 59.43
1777779543.943441 | 1 1 1 1 7 40.735944 -74.029314 0 1.89 -1.72 -6.68 0 0 0 14.83 101325.0 0 14.93 61.69
1777779544.0434396 | 1 1 1 1 7 40.735972 -74.029355 0 0.78 -1.62 -7.62 0 0 0 15.27 101325.0 0 15.37 60.18
1777779544.1444383 | 1 1 1 1 8 40.735993 -74.029392 0 -0.57 0.99 -7.29 0 0 0 15.05 101325.0 0 15.15 60.33
1777779544.245437 | 1 1 1 1 7 40.73604 -74.029439 0 0.71 1.01 -6.65 0 0 0 15.15 101325.0 0 15.25 60.47
1777779544.3464355 | 1 1 1 1 7 40.73607 -74.029458 0 0.32 -1.82 -4.81 0 0 0 14.92 101325.0 0 15.02 61.84
1777779544.4494343 | 1 1 1 1 7 40.736114 -74.02947 0 -1.85 0.58 -5.93 0 0 0 15.24 101325.0 0 15.34 60.33
1777779544.550433 | 1 1 1 1 10 40.736162 -74.029488 0 -1.55 1.46 -7.25 0 0 0 15.19 101325.0 0 15.29 61.72
1777779544.6514318 | 1 1 1 1 7 40.736177 -74.029512 0 0.56 1.16 -5.43 0 0 0 15.12 101325.0 0 15.22 59.45
1777779544.7594304 | 1 1 1 1 8 40.736219 -74.029541 0 0.62 1.32 -4.98 0 0 0 15.01 101325.0 0 15.11 61.65
1777779544.860429 | 1 1 1 1 8 40.736248 -74.02956 0 -0.06 -0.48 -5.96 0 0 0 14.73 101325.0 0 14.83 59.26
1777779544.9614277 | 1 1 1 1 10 40.736278 -74.029584 0 0.88 0.25 -6.19 0 0 0 14.76 101325.0 0 14.86 58.39
1777779545.0664263 | 1 1 1 1 10 40.736322 -74.029608 0 -1.62 0.08 -5.24 0 0 0 14.71 101325.0 0 14.81 61.81
1777779545.167425 | 1 1 1 1 10 40.736345 -74.029627 0 -1.85 1.45 -7.35 0 0 0 15.04 101325.0 0 15.14 60.87
