03 01 2019 07 9 73 29.75 0 0
03 01 2019 08 8 80 29.78 0 0
03 01 2019 09 17 65 29.79 7 3
03 01 2019 09 17 68 29.79 8 4
03 01 2019 10 21 63 29.77 7 4
03 01 2019 11 26 60 29.75 7 3
03 01 2019 12 30 54 29.74 5 0
03 01 2019 13 32 52 29.73 0 0
03 01 2019 14 35 46 29.70 0 0
03 01 2019 15 36 46 29.69 0 0
03 01 2019 16 35 48 29.67 6 0
03 01 2019 17 36 46 29.66 0 0
03 01 2019 18 32 56 29.67 6 0
03 01 2019 19 30 59 29.68 5 0
03 01 2019 20 28 63 29.67 6 0
03 01 2019 21 30 56 29.66 7 0
03 02 2019 07 20 85 29.54 0 4
03 02 2019 08 24 75 29.54 0 4
03 02 2019 09 26 71 29.52 5 4
03 02 2019 10 30 66 29.51 5 4
03 02 2019 11 33 56 29.51 0 4
03 02 2019 12 34 54 29.50 0 4
03 02 2019 13 35 54 29.48 6 4
03 02 2019 14 35 52 29.47 0 4
03 02 2019 15 35 54 29.47 0 8
03 02 2019 16 35 57 29.47 0 8
03 02 2019 17 33 66 29.47 0 8
03 02 2019 17 32 75 29.47 3 8
03 02 2019 17 32 79 29.47 3 8
03 02 2019 17 32 85 29.48 3 8
03 02 2019 18 32 85 29.49 3 8
03 02 2019 18 31 85 29.49 3 8
03 02 2019 18 31 89 29.49 0 8
03 02 2019 18 31 89 29.49 0 8
03 02 2019 18 31 89 29.49 0 8
03 02 2019 18 31 92 29.50 5 8
03 02 2019 19 31 92 29.51 3 8
03 02 2019 19 31 96 29.51 3 8
03 02 2019 19 31 96 29.51 3 8
03 02 2019 20 31 96 29.51 5 8
03 02 2019 21 31 85 29.51 10 8
03 03 2019 07 25 78 29.59 7 4
03 03 2019 07 25 78 29.60 5 4
03 03 2019 08 25 81 29.62 0 4
03 03 2019 08 26 81 29.62 0 4
03 03 2019 09 27 80 29.62 7 8
03 03 2019 09 26 81 29.62 6 8
03 03 2019 09 26 81 29.61 7 8
03 03 2019 10 28 75 29.60 3 3
03 03 2019 11 30 66 29.59 3 4
03 03 2019 11 30 64 29.59 3 4
03 03 2019 11 29 67 29.58 6 4
03 03 2019 11 29 67 29.58 5 4
03 03 2019 12 29 67 29.57 5 4
03 03 2019 13 30 61 29.54 5 4
03 03 2019 14 30 59 29.51 0 4
03 03 2019 15 31 57 29.50 0 4
03 03 2019 16 30 59 29.47 0 4
03 03 2019 17 30 59 29.46 0 4
03 03 2019 18 30 59 29.45 3 4
03 03 2019 19 28 72 29.45 3 8
03 03 2019 19 28 75 29.44 3 8
03 03 2019 19 28 75 29.44 0 8
03 03 2019 20 27 100 29.44 0 8
03 03 2019 20 27 96 29.44 0 8
03 03 2019 21 27 96 29.42 0 8
03 03 2019 21 27 96 29.42 0 8
03 03 2019 21 27 89 29.41 0 8
03 03 2019 21 27 92 29.41 3 8
03 04 2019 07 13 88 29.32 6 3
03 04 2019 07 14 92 29.32 6 3
03 04 2019 08 16 86 29.33 3 4
03 04 2019 08 16 92 29.33 3 4
03 04 2019 08 20 89 29.33 5 4
03 04 2019 09 21 85 29.33 5 4
03 04 2019 10 24 77 29.34 12 3
03 04 2019 10 25 75 29.33 10 3
03 04 2019 11 26 69 29.33 10 4
03 04 2019 11 26 69 29.33 15 4
03 04 2019 11 25 75 29.33 15 8
03 04 2019 11 25 78 29.33 15 8
03 04 2019 12 24 81 29.33 12 8
03 04 2019 12 24 81 29.33 12 8
03 04 2019 12 24 71 29.33 20 10
03 04 2019 12 22 72 29.35 22 10
03 04 2019 13 21 63 29.35 18 3
03 04 2019 13 22 60 29.35 21 10
03 04 2019 14 22 53 29.35 18 4
03 04 2019 15 21 55 29.36 18 4
03 04 2019 16 20 55 29.38 14 4
03 04 2019 17 20 52 29.38 17 3
03 04 2019 18 18 73 29.39 6 8
03 04 2019 18 18 71 29.39 7 8
03 04 2019 18 18 71 29.39 3 2
03 04 2019 19 15 74 29.40 3 0
03 04 2019 20 18 71 29.43 15 4
03 04 2019 21 14 56 29.47 17 3
03 05 2019 07 7 77 29.49 0 4
03 05 2019 08 5 84 29.49 0 0
03 05 2019 09 12 67 29.49 8 4
03 05 2019 10 14 62 29.48 10 2
03 05 2019 10 14 64 29.48 12 2
03 05 2019 11 14 64 29.47 10 4
03 05 2019 11 16 57 29.46 12 3
03 05 2019 12 18 48 29.44 13 2
03 05 2019 13 18 44 29.42 7 3
03 05 2019 14 19 43 29.40 9 3
03 05 2019 15 19 47 29.39 10 4
03 05 2019 16 18 60 29.40 12 4
03 05 2019 17 18 62 29.40 9 4
03 05 2019 18 17 71 29.42 8 8
03 05 2019 18 17 71 29.42 7 4
03 05 2019 19 16 74 29.44 8 8
03 05 2019 20 15 80 29.45 6 4
03 05 2019 21 15 54 29.45 9 4
03 06 2019 07 8 83 29.50 0 8
03 06 2019 07 8 83 29.50 0 8
03 06 2019 07 7 87 29.50 0 8
03 06 2019 07 9 84 29.50 0 8
03 06 2019 08 10 84 29.51 3 8
03 06 2019 08 11 81 29.51 5 8
03 06 2019 08 10 84 29.51 3 8
03 06 2019 08 10 84 29.51 5 8
03 06 2019 09 11 84 29.52 3 8
03 06 2019 09 12 80 29.52 7 8
03 06 2019 10 14 77 29.53 5 8
03 06 2019 10 14 77 29.53 7 8
03 06 2019 10 14 77 29.53 7 8
03 06 2019 10 14 77 29.54 8 8
03 06 2019 10 14 77 29.54 7 8
03 06 2019 10 14 74 29.54 7 8
03 06 2019 11 14 77 29.54 7 8
03 06 2019 11 15 68 29.54 12 8
03 06 2019 12 16 52 29.55 17 4
03 06 2019 13 16 52 29.54 20 4
03 06 2019 14 17 56 29.54 14 4
03 06 2019 15 16 62 29.55 16 8
03 06 2019 15 16 68 29.55 17 8
03 06 2019 15 15 74 29.55 14 8
03 06 2019 15 15 70 29.55 12 8
03 06 2019 16 16 62 29.55 20 4
03 06 2019 16 16 62 29.56 15 8
03 06 2019 16 17 54 29.56 17 4
03 06 2019 17 15 64 29.57 17 8
03 06 2019 17 16 65 29.58 14 8
03 06 2019 17 15 77 29.58 13 8
03 06 2019 17 15 84 29.58 9 10
03 06 2019 17 15 80 29.58 10 10
03 06 2019 18 14 77 29.59 17 8
03 06 2019 18 14 74 29.60 16 8
03 06 2019 18 14 74 29.60 13 8
03 06 2019 18 14 71 29.60 14 8
03 06 2019 19 14 74 29.60 15 8
03 06 2019 19 14 74 29.61 13 8
03 06 2019 19 14 71 29.61 10 4
03 06 2019 20 13 49 29.63 9 4
03 06 2019 21 11 49 29.64 10 4
03 07 2019 07 2 83 29.65 3 8
03 07 2019 07 3 84 29.66 3 8
03 07 2019 08 4 80 29.66 3 8
03 07 2019 08 3 84 29.66 5 8
03 07 2019 08 5 84 29.67 5 8
03 07 2019 08 6 80 29.67 6 8
03 07 2019 08 7 77 29.67 6 8
03 07 2019 09 9 77 29.67 6 8
03 07 2019 09 9 79 29.67 7 8
03 07 2019 09 9 77 29.67 7 8
03 07 2019 09 11 77 29.66 6 8
03 07 2019 10 11 77 29.66 7 8
03 07 2019 10 12 77 29.66 5 8
03 07 2019 10 14 77 29.67 0 8
03 07 2019 11 16 74 29.66 0 8
03 07 2019 11 16 74 29.66 0 8
03 07 2019 11 17 71 29.67 0 8
03 07 2019 11 16 74 29.67 0 8
03 07 2019 11 16 74 29.67 3 8
03 07 2019 12 17 74 29.67 8 8
03 07 2019 12 17 77 29.67 9 10
03 07 2019 12 19 74 29.67 10 8
03 07 2019 12 18 71 29.67 12 8
03 07 2019 12 19 65 29.68 16 8
03 07 2019 13 19 59 29.68 20 8
03 07 2019 13 19 54 29.68 18 4
03 07 2019 14 19 57 29.69 18 8
03 07 2019 15 19 68 29.70 15 8
03 07 2019 15 18 71 29.70 14 8
03 07 2019 15 18 68 29.70 16 8
03 07 2019 16 20 46 29.72 21 10
03 07 2019 17 19 50 29.72 15 4
03 07 2019 18 19 52 29.73 10 4
03 07 2019 19 18 68 29.74 7 4
03 07 2019 20 18 74 29.75 5 4
03 07 2019 21 16 81 29.75 0 4
03 08 2019 07 15 80 29.81 0 8
03 08 2019 07 15 80 29.81 0 8
03 08 2019 07 14 84 29.82 0 8
03 08 2019 08 14 73 29.81 0 2
03 08 2019 08 14 74 29.81 0 0
03 08 2019 09 18 65 29.82 0 0
03 08 2019 10 20 60 29.83 0 0
03 08 2019 10 23 55 29.82 3 3
03 08 2019 11 23 53 29.80 0 2
03 08 2019 11 24 53 29.80 0 0
03 08 2019 12 23 55 29.78 5 0
03 08 2019 13 26 43 29.74 0 0
03 08 2019 14 27 41 29.70 3 0
03 08 2019 15 29 40 29.66 0 0
03 08 2019 16 30 38 29.65 5 0
03 08 2019 17 31 29 29.63 3 0
03 08 2019 18 28 41 29.64 0 0
03 08 2019 19 24 48 29.64 0 0
03 08 2019 20 20 57 29.63 0 0
03 08 2019 21 15 68 29.62 0 0
03 09 2019 07 3 80 29.76 0 0
03 09 2019 08 5 80 29.79 0 0
03 09 2019 09 14 67 29.80 0 0
03 09 2019 10 22 55 29.81 0 0
03 09 2019 11 26 53 29.80 0 0
03 09 2019 12 30 54 29.80 0 0
03 09 2019 13 34 42 29.78 0 0
03 09 2019 14 35 34 29.77 0 0
03 09 2019 15 38 29 29.76 0 0
03 09 2019 16 38 29 29.76 3 0
03 09 2019 17 37 34 29.74 7 0
03 09 2019 18 36 31 29.73 5 0
03 09 2019 19 33 38 29.70 9 0
03 09 2019 20 32 38 29.70 9 0
03 09 2019 21 32 38 29.71 12 0
03 10 2019 07 31 82 29.51 21 8
03 10 2019 08 31 79 29.49 22 10
03 10 2019 08 31 79 29.49 24 10
03 10 2019 09 32 75 29.46 20 4
03 10 2019 09 32 73 29.46 18 8
03 10 2019 10 33 72 29.43 20 10
03 10 2019 11 34 70 29.40 20 4
03 10 2019 11 34 70 29.39 18 4
03 10 2019 12 35 70 29.38 14 4
03 10 2019 13 36 70 29.33 16 4
03 10 2019 14 37 70 29.31 15 4
03 10 2019 15 38 70 29.27 12 4
03 10 2019 16 38 70 29.26 9 4
03 10 2019 17 38 73 29.26 0 4
03 10 2019 18 37 89 29.30 0 5
03 10 2019 18 35 96 29.31 0 5
03 10 2019 19 35 92 29.31 6 5
03 10 2019 19 34 100 29.32 5 5
03 10 2019 19 34 96 29.32 5 5
03 10 2019 19 35 96 29.33 0 6
03 10 2019 19 34 100 29.33 0 5
03 10 2019 20 34 96 29.34 0 5
03 10 2019 20 35 92 29.34 0 5
03 10 2019 20 35 96 29.34 0 5
03 10 2019 20 35 100 29.35 0 1
03 10 2019 20 36 97 29.35 0 4
03 10 2019 21 35 96 29.36 3 4
03 10 2019 21 35 96 29.36 5 4
03 10 2019 21 36 97 29.35 7 4
03 11 2019 07 37 62 29.41 17 4
03 11 2019 08 37 62 29.42 16 4
03 11 2019 09 36 62 29.45 15 4
03 11 2019 10 37 57 29.46 17 4
03 11 2019 11 37 57 29.47 16 4
03 11 2019 12 36 57 29.48 22 10
03 11 2019 13 36 57 29.48 23 10
03 11 2019 14 37 54 29.48 29 10
03 11 2019 15 37 54 29.46 17 4
03 11 2019 16 37 54 29.46 20 4
03 11 2019 17 36 55 29.48 18 4
03 11 2019 18 35 57 29.50 18 4
03 11 2019 19 34 61 29.51 15 4
03 11 2019 20 32 79 29.54 15 8
03 11 2019 21 31 85 29.54 16 8
03 12 2019 07 28 81 29.62 12 8
03 12 2019 07 28 85 29.63 12 8
03 12 2019 08 28 81 29.64 10 8
03 12 2019 08 28 81 29.65 9 8
03 12 2019 09 28 81 29.67 13 8
03 12 2019 10 28 81 29.69 15 8
03 12 2019 11 29 72 29.71 15 4
03 12 2019 12 29 67 29.71 14 4
03 12 2019 12 29 67 29.71 13 4
03 12 2019 13 30 59 29.72 15 4
03 12 2019 13 30 59 29.72 15 4
03 12 2019 14 31 54 29.72 14 4
03 12 2019 15 31 50 29.71 9 3
03 12 2019 16 31 54 29.73 16 3
03 12 2019 17 31 54 29.74 13 4
03 12 2019 18 30 54 29.75 12 3
03 12 2019 19 30 61 29.76 10 4
03 12 2019 20 27 63 29.76 5 0
03 12 2019 21 25 69 29.77 0 0
03 13 2019 07 16 81 29.76 7 0
03 13 2019 08 14 84 29.79 5 0
03 13 2019 09 20 78 29.78 7 0
03 13 2019 10 25 72 29.77 6 0
03 13 2019 11 29 64 29.77 10 0
03 13 2019 12 33 56 29.73 10 0
03 13 2019 13 37 50 29.70 9 2
03 13 2019 14 39 46 29.66 12 3
03 13 2019 15 39 49 29.64 8 4
03 13 2019 16 40 47 29.61 12 4
03 13 2019 17 40 47 29.61 9 4
03 13 2019 18 40 47 29.63 9 4
03 13 2019 19 39 50 29.64 8 4
03 13 2019 20 39 53 29.65 8 4
03 13 2019 21 39 50 29.65 12 5
03 14 2019 07 38 65 29.61 8 4
03 14 2019 08 38 65 29.58 12 4
03 14 2019 09 38 65 29.59 10 0
03 14 2019 10 41 57 29.57 13 0
03 14 2019 11 44 51 29.55 10 0
03 14 2019 12 46 50 29.52 13 0
03 14 2019 13 48 46 29.49 12 0
03 14 2019 14 47 50 29.46 12 0
03 14 2019 15 47 52 29.43 9 0
03 14 2019 16 47 52 29.39 13 0
03 14 2019 17 47 52 29.37 13 0
03 14 2019 18 48 50 29.36 10 0
03 14 2019 19 47 50 29.37 10 0
03 14 2019 20 47 50 29.35 13 0
03 14 2019 21 48 50 29.35 6 0
03 15 2019 07 50 77 29.11 8 4
03 15 2019 08 49 80 29.13 5 5
03 15 2019 08 50 74 29.15 7 6
03 15 2019 09 48 93 29.16 0 7
03 15 2019 09 48 87 29.16 3 5
03 15 2019 09 48 86 29.17 3 5
03 15 2019 09 48 96 29.17 0 5
03 15 2019 09 47 100 29.18 0 5
03 15 2019 10 49 97 29.18 0 4
03 15 2019 10 49 97 29.19 0 4
03 15 2019 11 55 64 29.18 7 0
03 15 2019 12 57 47 29.16 16 0
03 15 2019 13 51 61 29.17 16 3
03 15 2019 14 51 59 29.17 15 0
03 15 2019 15 52 59 29.15 10 4
03 15 2019 16 50 61 29.15 14 0
03 15 2019 17 49 64 29.17 14 0
03 15 2019 18 46 68 29.18 16 0
03 15 2019 19 43 74 29.21 10 4
03 15 2019 20 41 79 29.23 9 4
03 15 2019 21 40 83 29.22 10 4
03 16 2019 07 34 70 29.34 20 4
03 16 2019 08 34 67 29.37 17 4
03 16 2019 09 33 61 29.40 16 4
03 16 2019 09 33 61 29.41 14 4
03 16 2019 09 33 61 29.41 15 4
03 16 2019 10 32 64 29.43 25 8
03 16 2019 10 32 66 29.44 21 8
03 16 2019 11 32 64 29.45 21 10
03 16 2019 11 32 64 29.45 17 4
03 16 2019 12 32 64 29.46 16 8
03 16 2019 13 31 69 29.47 16 8
03 16 2019 13 31 72 29.47 17 8
03 16 2019 13 31 76 29.47 13 8
03 16 2019 14 31 79 29.48 13 8
03 16 2019 14 31 76 29.48 12 8
03 16 2019 15 31 72 29.48 18 8
03 16 2019 16 32 69 29.49 18 4
03 16 2019 17 32 69 29.49 16 4
03 16 2019 18 32 66 29.50 24 10
03 16 2019 19 31 69 29.51 16 4
03 16 2019 19 30 79 29.52 18 8
03 16 2019 19 30 82 29.52 15 8
03 16 2019 19 30 75 29.52 20 4
03 16 2019 20 30 75 29.53 13 8
03 16 2019 21 29 96 29.55 14 8
03 16 2019 21 28 86 29.55 13 8
03 16 2019 21 29 82 29.55 15 8
03 16 2019 21 29 85 29.55 12 8
03 17 2019 07 25 60 29.61 15 3
03 17 2019 08 24 65 29.63 13 8
03 17 2019 09 23 74 29.66 9 3
03 17 2019 09 25 66 29.66 12 3
03 17 2019 10 23 74 29.67 16 8
03 17 2019 10 23 74 29.66 15 8
03 17 2019 10 23 74 29.67 12 4
03 17 2019 11 26 63 29.66 17 4
03 17 2019 11 24 75 29.67 18 8
03 17 2019 11 24 77 29.67 20 8
03 17 2019 12 24 77 29.67 18 8
03 17 2019 12 24 75 29.67 16 8
03 17 2019 12 26 69 29.67 14 4
03 17 2019 12 25 72 29.67 14 8
03 17 2019 12 25 75 29.67 12 8
03 17 2019 13 26 58 29.67 13 4
03 17 2019 14 29 43 29.66 14 2
03 17 2019 15 30 49 29.65 20 4
03 17 2019 16 29 51 29.64 14 4
03 17 2019 17 29 47 29.64 21 3
03 17 2019 18 29 49 29.64 12 4
03 17 2019 19 29 47 29.65 10 4
03 17 2019 20 29 49 29.65 5 4
03 17 2019 21 28 53 29.65 3 4
03 18 2019 07 19 88 29.69 0 3
03 18 2019 08 17 96 29.70 3 3
03 18 2019 09 19 92 29.72 0 0
03 18 2019 10 27 78 29.73 0 0
03 18 2019 11 32 56 29.73 12 0
03 18 2019 12 34 48 29.72 10 2
03 18 2019 13 35 50 29.72 7 3
03 18 2019 14 35 57 29.72 10 4
03 18 2019 15 34 54 29.71 10 4
03 18 2019 16 36 52 29.69 10 3
03 18 2019 17 35 50 29.70 8 4
03 18 2019 18 35 57 29.71 3 2
03 18 2019 19 34 48 29.72 7 4
03 18 2019 20 33 64 29.73 7 4
03 18 2019 21 33 59 29.75 15 4
03 19 2019 07 20 89 29.83 0 4
03 19 2019 08 21 88 29.84 0 3
03 19 2019 09 25 85 29.85 0 4
03 19 2019 10 27 78 29.87 0 4
03 19 2019 11 30 69 29.88 3 4
03 19 2019 12 32 66 29.88 3 3
03 19 2019 12 33 61 29.88 0 4
03 19 2019 13 34 60 29.87 7 4
03 19 2019 13 34 61 29.87 3 4
03 19 2019 14 35 59 29.86 8 4
03 19 2019 15 38 53 29.84 9 2
03 19 2019 16 38 51 29.83 14 4
03 19 2019 17 37 50 29.83 9 4
03 19 2019 18 38 48 29.82 5 3
03 19 2019 19 35 57 29.82 9 0
03 19 2019 20 32 59 29.82 3 0
03 19 2019 21 30 66 29.83 0 3
03 20 2019 07 24 81 29.79 0 0
03 20 2019 08 24 84 29.79 0 0
03 20 2019 09 31 69 29.79 5 0
03 20 2019 10 36 57 29.78 6 0
03 20 2019 11 41 49 29.77 3 0
03 20 2019 12 45 44 29.75 5 0
03 20 2019 13 47 41 29.73 5 0
03 20 2019 14 48 36 29.70 0 0
03 20 2019 15 50 31 29.66 0 0
03 20 2019 15 50 33 29.64 8 0
03 20 2019 16 51 32 29.64 7 0
03 20 2019 17 51 28 29.62 10 0
03 20 2019 18 51 29 29.60 7 0
03 20 2019 19 49 29 29.60 3 0
03 20 2019 20 41 43 29.59 5 0
03 20 2019 21 35 61 29.60 6 0
03 21 2019 07 38 60 29.56 8 4
03 21 2019 08 38 60 29.54 8 4
03 21 2019 09 38 62 29.53 8 4
03 21 2019 10 40 58 29.52 8 4
03 21 2019 11 41 60 29.51 7 4
03 21 2019 12 46 56 29.48 9 0
03 21 2019 13 47 59 29.46 8 2
03 21 2019 14 46 58 29.44 9 4
03 21 2019 15 46 58 29.40 9 4
03 21 2019 16 46 61 29.38 10 4
03 21 2019 17 43 82 29.37 10 6
03 21 2019 17 42 89 29.36 9 6
03 21 2019 18 42 85 29.36 10 6
03 21 2019 18 41 89 29.35 8 5
03 21 2019 18 41 89 29.34 10 6
03 21 2019 19 40 89 29.34 10 6
03 21 2019 19 40 86 29.34 10 6
03 21 2019 20 37 89 29.33 9 5
03 21 2019 20 37 89 29.32 10 5
03 21 2019 21 37 89 29.30 8 5
03 21 2019 21 37 89 29.29 10 5
03 21 2019 21 37 89 29.29 10 6
03 22 2019 07 33 96 29.01 6 10
03 22 2019 07 33 96 29.00 5 8
03 22 2019 07 33 96 29.00 5 8
03 22 2019 08 33 92 29.00 5 8
03 22 2019 08 33 92 28.99 6 8
03 22 2019 08 34 87 28.99 6 8
03 22 2019 08 33 92 28.99 5 8
03 22 2019 08 33 96 28.99 3 8
03 22 2019 09 32 96 28.98 3 8
03 22 2019 09 33 92 28.97 6 8
03 22 2019 09 33 96 28.97 6 8
03 22 2019 09 33 96 28.97 7 8
03 22 2019 09 33 96 28.97 7 8
03 22 2019 10 33 96 28.97 7 8
03 22 2019 11 35 92 28.96 13 5
03 22 2019 11 35 92 28.95 12 5
03 22 2019 12 37 89 28.93 18 10
03 22 2019 13 37 86 28.91 17 5
03 22 2019 14 37 89 28.91 16 5
03 22 2019 14 37 86 28.90 18 5
03 22 2019 15 37 86 28.89 18 5
03 22 2019 15 37 86 28.89 20 5
03 22 2019 16 36 89 28.89 21 5
03 22 2019 17 36 89 28.90 18 5
03 22 2019 18 36 86 28.91 18 5
03 22 2019 18 35 89 28.92 16 5
03 22 2019 18 35 89 28.92 16 5
03 22 2019 18 35 89 28.93 20 5
03 22 2019 19 35 85 28.95 20 10
03 22 2019 19 34 89 28.96 16 8
03 22 2019 19 34 89 28.97 16 8
03 22 2019 20 33 89 28.97 18 8
03 22 2019 20 33 89 28.97 21 8
03 22 2019 20 33 89 28.98 16 8
03 22 2019 20 33 89 28.98 18 8
03 22 2019 20 32 88 28.99 18 8
03 22 2019 20 32 88 28.99 20 8
03 22 2019 21 32 88 29.00 18 8
03 22 2019 21 32 85 29.00 17 8
03 22 2019 21 32 85 29.01 16 8
03 22 2019 21 31 89 29.01 17 8
03 23 2019 07 24 77 29.29 14 4
03 23 2019 08 24 71 29.34 15 4
03 23 2019 09 24 69 29.38 18 4
03 23 2019 10 23 65 29.41 24 10
03 23 2019 10 24 62 29.42 23 10
03 23 2019 11 25 60 29.44 24 10
03 23 2019 12 26 60 29.47 20 4
03 23 2019 13 28 56 29.48 22 0
03 23 2019 14 29 54 29.50 20 0
03 23 2019 15 31 57 29.51 23 0
03 23 2019 16 32 50 29.52 21 0
03 23 2019 17 32 54 29.53 23 0
03 23 2019 18 32 50 29.54 18 0
03 23 2019 19 32 50 29.56 18 0
03 23 2019 20 30 56 29.58 12 0
03 23 2019 21 29 58 29.58 9 0
03 24 2019 07 19 85 29.59 0 0
03 24 2019 08 20 92 29.60 3 0
03 24 2019 09 26 84 29.61 0 0
03 24 2019 10 35 59 29.59 3 0
03 24 2019 11 41 51 29.56 8 0
03 24 2019 12 45 42 29.54 10 0
03 24 2019 13 47 44 29.51 15 0
03 24 2019 14 47 44 29.49 14 0
03 24 2019 15 48 44 29.47 13 0
03 24 2019 16 49 43 29.46 16 0
03 24 2019 17 47 46 29.46 14 0
03 24 2019 18 47 46 29.46 13 0
03 24 2019 19 46 46 29.46 5 0
03 24 2019 20 41 53 29.47 0 0
03 24 2019 21 34 73 29.47 0 0
03 25 2019 07 26 53 29.63 6 0
03 25 2019 08 26 53 29.65 7 0
03 25 2019 09 28 39 29.66 9 0
03 25 2019 10 29 36 29.67 7 0
03 25 2019 11 31 33 29.66 8 0
03 25 2019 12 32 31 29.66 0 0
03 25 2019 13 36 24 29.64 8 0
03 25 2019 14 37 26 29.62 12 0
03 25 2019 15 37 26 29.60 10 0
03 25 2019 16 37 25 29.59 12 0
03 25 2019 17 36 25 29.58 12 0
03 25 2019 18 35 26 29.58 14 0
03 25 2019 19 32 31 29.58 13 0
03 25 2019 20 27 41 29.59 8 0
03 25 2019 21 26 41 29.61 5 0
03 26 2019 07 15 80 29.75 0 0
03 26 2019 08 18 81 29.78 0 0
03 26 2019 09 27 41 29.81 8 0
03 26 2019 10 29 33 29.83 9 0
03 26 2019 11 32 28 29.83 10 0
03 26 2019 12 34 24 29.83 7 0
03 26 2019 13 36 24 29.82 7 0
03 26 2019 14 38 21 29.81 8 0
03 26 2019 15 38 24 29.80 10 0
03 26 2019 16 39 28 29.80 15 0
03 26 2019 17 37 33 29.81 17 0
03 26 2019 17 37 34 29.81 17 0
03 26 2019 18 35 35 29.83 12 0
03 26 2019 19 33 34 29.83 16 0
03 26 2019 20 31 38 29.85 12 0
03 26 2019 21 29 40 29.87 10 0
03 27 2019 07 17 74 29.95 5 0
03 27 2019 08 20 71 29.98 6 0
03 27 2019 09 25 58 29.98 5 0
03 27 2019 10 31 46 29.98 5 0
03 27 2019 11 35 34 29.98 0 0
03 27 2019 12 39 28 29.96 9 0
03 27 2019 13 40 27 29.94 7 0
03 27 2019 14 43 24 29.92 7 0
03 27 2019 15 45 21 29.88 6 0
03 27 2019 16 47 18 29.85 5 0
03 27 2019 17 48 20 29.83 8 0
03 27 2019 18 48 22 29.81 7 0
03 27 2019 19 46 25 29.81 8 0
03 27 2019 20 40 32 29.80 7 0
03 27 2019 21 38 33 29.81 8 0
03 28 2019 07 33 56 29.74 10 0
03 28 2019 08 36 55 29.73 10 0
03 28 2019 09 38 55 29.72 8 0
03 28 2019 10 42 49 29.69 13 0
03 28 2019 11 46 42 29.67 12 0
03 28 2019 12 50 39 29.64 10 0
03 28 2019 13 54 35 29.60 8 0
03 28 2019 14 56 30 29.57 12 0
03 28 2019 15 59 27 29.53 17 0
03 28 2019 16 60 25 29.51 10 3
03 28 2019 17 56 37 29.53 18 5
03 28 2019 18 52 50 29.52 8 4
03 28 2019 19 51 54 29.52 9 4
03 28 2019 20 51 54 29.53 5 4
03 28 2019 21 50 57 29.53 6 4
03 29 2019 07 48 68 29.46 5 5
03 29 2019 08 46 76 29.47 3 4
03 29 2019 09 44 71 29.49 8 4
03 29 2019 10 44 73 29.51 7 4
03 29 2019 11 43 76 29.52 7 4
03 29 2019 11 43 76 29.52 8 4
03 29 2019 12 42 79 29.53 8 4
03 29 2019 12 43 76 29.53 8 4
03 29 2019 13 44 73 29.53 10 4
03 29 2019 14 46 68 29.53 7 3
03 29 2019 15 49 52 29.52 7 4
03 29 2019 16 50 41 29.51 10 4
03 29 2019 17 51 36 29.51 13 0
03 29 2019 18 50 38 29.53 10 0
03 29 2019 19 48 41 29.54 6 0
03 29 2019 20 43 47 29.56 0 0
03 29 2019 21 36 67 29.57 0 0
03 30 2019 07 40 79 29.47 10 4
03 30 2019 07 41 79 29.46 9 4
03 30 2019 08 42 76 29.43 12 4
03 30 2019 09 44 76 29.41 14 4
03 30 2019 10 46 73 29.38 12 4
03 30 2019 11 48 71 29.37 6 4
03 30 2019 12 50 68 29.36 3 4
03 30 2019 13 51 68 29.33 5 4
03 30 2019 14 53 66 29.30 9 5
03 30 2019 15 56 62 29.24 7 4
03 30 2019 16 61 54 29.19 9 4
03 30 2019 17 61 56 29.18 9 5
03 30 2019 18 63 52 29.18 5 5
03 30 2019 19 62 53 29.19 7 5
03 30 2019 20 52 83 29.18 6 5
03 30 2019 21 51 83 29.16 0 4
03 31 2019 07 37 93 29.05 7 5
03 31 2019 08 36 89 29.14 14 5
03 31 2019 08 35 89 29.16 16 6
03 31 2019 08 35 89 29.17 12 5
03 31 2019 08 35 89 29.17 13 5
03 31 2019 09 34 92 29.17 14 5
03 31 2019 10 35 89 29.20 9 4
03 31 2019 11 35 92 29.23 14 8
03 31 2019 11 36 89 29.25 13 4
03 31 2019 11 36 86 29.25 14 4
03 31 2019 12 36 86 29.26 17 4
03 31 2019 12 35 89 29.26 17 8
03 31 2019 12 36 89 29.26 18 8
03 31 2019 13 36 86 29.26 18 4
03 31 2019 13 36 86 29.26 17 4
03 31 2019 13 37 82 29.27 18 4
03 31 2019 14 36 86 29.27 20 8
03 31 2019 14 37 82 29.27 15 4
03 31 2019 14 36 86 29.27 18 8
03 31 2019 14 36 86 29.27 16 8
03 31 2019 15 37 87 29.28 17 4
03 31 2019 15 38 83 29.28 14 4
03 31 2019 15 38 76 29.29 20 4
03 31 2019 16 36 79 29.30 20 4
03 31 2019 17 35 78 29.31 16 8
03 31 2019 17 35 78 29.31 16 8
03 31 2019 17 35 78 29.32 18 8
03 31 2019 18 35 78 29.33 15 8
03 31 2019 19 35 72 29.34 14 4
03 31 2019 19 35 72 29.34 14 4
03 31 2019 20 33 78 29.35 16 4
03 31 2019 20 34 75 29.36 20 4
03 31 2019 20 33 82 29.36 16 8
03 31 2019 20 32 88 29.37 15 8
03 31 2019 21 32 88 29.37 15 8
03 31 2019 21 32 88 29.37 17 8
03 31 2019 21 32 88 29.38 16 8
03 31 2019 21 32 88 29.38 14 8
03 31 2019 21 32 85 29.38 15 8
04 01 2019 07 20 81 29.59 8 3
04 01 2019 08 22 82 29.62 8 0
04 01 2019 09 25 72 29.64 9 0
04 01 2019 10 28 58 29.67 22 3
04 01 2019 11 29 54 29.69 20 3
04 01 2019 12 30 47 29.70 21 0
04 01 2019 13 32 45 29.71 14 0
04 01 2019 14 34 46 29.73 17 0
04 01 2019 15 35 40 29.73 17 0
04 01 2019 16 36 41 29.72 12 0
04 01 2019 17 35 39 29.72 15 0
04 01 2019 18 35 39 29.73 10 0
04 01 2019 19 33 40 29.74 12 0
04 01 2019 20 29 49 29.76 6 0
04 01 2019 21 29 47 29.77 0 0
04 02 2019 07 21 74 29.78 6 0
04 02 2019 08 26 69 29.78 5 0
04 02 2019 09 32 54 29.78 10 0
04 02 2019 10 37 44 29.76 8 0
04 02 2019 11 40 43 29.74 7 0
04 02 2019 12 46 31 29.70 14 0
04 02 2019 13 48 29 29.67 15 0
04 02 2019 14 50 28 29.63 10 0
04 02 2019 15 51 26 29.63 13 0
04 02 2019 16 50 28 29.60 16 0
04 02 2019 17 50 24 29.58 9 0
04 02 2019 18 50 24 29.60 14 0
04 02 2019 19 48 24 29.57 10 0
04 02 2019 20 44 30 29.56 6 0
04 02 2019 21 43 31 29.55 6 0
04 03 2019 07 31 76 29.44 5 3
04 03 2019 08 36 67 29.42 6 4
04 03 2019 09 38 62 29.39 9 4
04 03 2019 10 44 53 29.38 0 2
04 03 2019 11 50 44 29.37 23 0
04 03 2019 12 50 44 29.37 15 4
04 03 2019 13 51 44 29.37 28 3
04 03 2019 14 46 44 29.42 31 3
04 03 2019 15 45 46 29.44 22 10
04 03 2019 16 44 43 29.47 31 10
04 03 2019 17 43 42 29.49 23 10
04 03 2019 18 42 41 29.51 25 10
04 03 2019 19 41 38 29.55 35 10
04 03 2019 20 38 43 29.61 24 0
04 03 2019 21 36 57 29.64 15 0
04 04 2019 07 32 54 29.79 12 0
04 04 2019 08 33 52 29.83 14 0
04 04 2019 09 34 46 29.85 24 0
04 04 2019 10 36 39 29.86 23 0
04 04 2019 11 36 33 29.89 17 0
04 04 2019 12 38 29 29.90 22 0
04 04 2019 13 39 23 29.91 21 0
04 04 2019 14 40 23 29.90 21 0
04 04 2019 15 41 27 29.89 20 0
04 04 2019 16 40 28 29.90 15 0
04 04 2019 17 39 29 29.91 17 0
04 04 2019 18 38 30 29.92 14 0
04 04 2019 19 35 34 29.93 12 0
04 04 2019 20 29 43 29.94 7 0
04 04 2019 21 29 45 29.96 7 0
04 05 2019 07 26 63 29.92 7 0
04 05 2019 08 28 61 29.91 6 0
04 05 2019 09 31 57 29.90 8 0
04 05 2019 10 35 44 29.88 10 0
04 05 2019 11 36 41 29.86 10 3
04 05 2019 12 37 41 29.85 10 4
04 05 2019 13 36 50 29.84 13 8
04 05 2019 13 35 59 29.84 14 8
04 05 2019 13 34 64 29.83 14 8
04 05 2019 14 33 72 29.82 12 8
04 05 2019 14 32 80 29.82 14 8
04 05 2019 14 32 79 29.81 12 8
04 05 2019 14 32 82 29.80 12 8
04 05 2019 14 32 79 29.80 13 8
04 05 2019 15 31 85 29.78 10 8
04 05 2019 15 31 85 29.78 12 10
04 05 2019 15 31 85 29.77 14 10
04 05 2019 15 31 89 29.77 12 10
04 05 2019 15 31 89 29.76 12 9
04 05 2019 16 30 93 29.74 12 10
04 05 2019 16 31 92 29.73 13 10
04 05 2019 16 31 92 29.72 13 8
04 05 2019 16 32 88 29.72 13 8
04 05 2019 17 32 88 29.71 12 10
04 05 2019 17 32 88 29.71 9 10
04 05 2019 17 32 88 29.71 10 10
04 05 2019 17 32 88 29.71 9 6
04 05 2019 17 33 85 29.70 8 10
04 05 2019 18 33 85 29.69 9 5
04 05 2019 19 33 89 29.68 9 5
04 05 2019 20 33 89 29.68 7 5
04 05 2019 21 33 89 29.68 9 5
04 06 2019 07 35 92 29.62 0 4
04 06 2019 08 35 92 29.64 3 4
04 06 2019 09 36 97 29.64 3 4
04 06 2019 10 38 93 29.65 3 4
04 06 2019 11 40 89 29.66 0 4
04 06 2019 11 40 89 29.66 0 4
04 06 2019 12 45 81 29.66 12 4
04 06 2019 12 45 82 29.66 12 4
04 06 2019 13 45 82 29.67 9 4
04 06 2019 14 46 79 29.68 12 4
04 06 2019 14 49 74 29.66 8 3
04 06 2019 15 50 68 29.65 7 3
04 06 2019 15 50 63 29.65 13 2
04 06 2019 16 51 63 29.64 7 3
04 06 2019 17 54 57 29.64 8 4
04 06 2019 18 53 55 29.65 13 0
04 06 2019 19 51 59 29.66 10 0
04 06 2019 20 44 68 29.66 3 0
04 06 2019 21 40 77 29.68 0 0
04 07 2019 07 37 86 29.69 3 4
04 07 2019 08 39 86 29.71 3 4
04 07 2019 09 42 79 29.72 3 3
04 07 2019 10 48 68 29.71 5 3
04 07 2019 11 51 63 29.70 3 3
04 07 2019 12 55 57 29.67 0 2
04 07 2019 13 59 53 29.63 0 0
04 07 2019 14 61 50 29.61 5 2
04 07 2019 15 64 45 29.58 5 0
04 07 2019 16 65 43 29.54 3 0
04 07 2019 17 65 42 29.51 5 0
04 07 2019 18 65 43 29.49 5 0
04 07 2019 19 62 48 29.49 5 0
04 07 2019 20 59 53 29.48 5 0
04 07 2019 21 60 51 29.48 8 4
04 08 2019 07 49 90 29.23 9 4
04 08 2019 08 49 90 29.22 12 7
04 08 2019 08 49 90 29.21 12 5
04 08 2019 09 50 89 29.19 13 4
04 08 2019 09 50 89 29.19 12 5
04 08 2019 09 50 89 29.17 9 4
04 08 2019 10 50 93 29.17 9 6
04 08 2019 10 51 89 29.16 10 5
04 08 2019 10 52 93 29.14 10 4
04 08 2019 11 53 89 29.13 9 4
04 08 2019 12 55 89 29.14 12 5
04 08 2019 12 57 87 29.14 0 7
04 08 2019 12 57 89 29.14 5 5
04 08 2019 12 57 89 29.14 6 5
04 08 2019 13 63 78 29.13 9 4
04 08 2019 14 63 67 29.15 20 4
04 08 2019 15 63 65 29.17 15 4
04 08 2019 16 63 65 29.17 16 4
04 08 2019 17 62 65 29.19 22 3
04 08 2019 18 62 56 29.20 18 0
04 08 2019 19 58 62 29.23 18 3
04 08 2019 20 55 69 29.24 6 4
04 08 2019 21 53 74 29.26 8 4
04 09 2019 07 42 89 29.15 5 4
04 09 2019 08 45 86 29.11 6 4
04 09 2019 09 48 83 29.07 9 2
04 09 2019 09 49 80 29.06 10 0
04 09 2019 10 55 72 29.01 14 3
04 09 2019 11 58 67 28.97 12 3
04 09 2019 12 65 54 28.90 13 10
04 09 2019 12 61 70 28.94 22 7
04 09 2019 12 59 75 28.93 14 5
04 09 2019 13 58 81 28.93 13 10
04 09 2019 13 57 83 28.93 17 5
04 09 2019 13 56 80 28.93 16 10
04 09 2019 14 55 82 28.95 23 3
04 09 2019 14 58 78 28.94 21 3
04 09 2019 15 58 60 28.97 25 0
04 09 2019 16 52 61 29.01 31 2
04 09 2019 17 50 61 29.04 25 2
04 09 2019 18 48 63 29.08 21 10
04 09 2019 19 47 61 29.11 23 10
04 09 2019 20 45 65 29.15 23 10
04 09 2019 21 43 80 29.17 13 5
04 10 2019 07 33 78 29.33 9 4
04 10 2019 08 34 79 29.35 12 4
04 10 2019 09 34 75 29.35 10 4
04 10 2019 09 35 72 29.35 12 4
04 10 2019 10 37 62 29.37 9 4
04 10 2019 10 37 59 29.38 8 4
04 10 2019 11 37 57 29.39 9 4
04 10 2019 12 40 53 29.40 6 3
04 10 2019 13 41 51 29.40 13 4
04 10 2019 14 41 49 29.41 14 4
04 10 2019 15 44 47 29.43 14 3
04 10 2019 16 44 43 29.44 13 4
04 10 2019 17 43 45 29.44 13 2
04 10 2019 18 40 49 29.47 13 0
04 10 2019 19 38 51 29.51 12 0
04 10 2019 20 36 52 29.51 0 0
04 10 2019 21 31 69 29.53 0 0
04 11 2019 07 24 84 29.70 0 0
04 11 2019 08 28 85 29.72 0 0
04 11 2019 09 33 70 29.73 0 0
04 11 2019 10 36 57 29.73 5 0
04 11 2019 11 38 48 29.74 3 3
04 11 2019 12 41 40 29.72 5 0
04 11 2019 13 42 37 29.71 5 4
04 11 2019 14 44 34 29.70 5 4
04 11 2019 15 44 31 29.68 3 4
04 11 2019 16 45 33 29.68 0 4
04 11 2019 17 44 37 29.68 3 4
04 11 2019 18 44 38 29.68 3 4
04 11 2019 19 44 37 29.68 0 4
04 11 2019 20 44 37 29.71 3 4
04 11 2019 21 43 47 29.71 6 4
04 12 2019 07 43 49 29.60 8 4
04 12 2019 08 44 51 29.59 10 4
04 12 2019 09 47 54 29.58 10 4
04 12 2019 10 50 57 29.57 13 4
04 12 2019 11 52 57 29.55 14 4
04 12 2019 11 54 55 29.55 14 4
04 12 2019 12 58 51 29.53 13 4
04 12 2019 13 64 56 29.49 16 0
04 12 2019 14 70 47 29.46 17 3
04 12 2019 15 72 48 29.42 13 0
04 12 2019 16 70 49 29.41 14 3
04 12 2019 17 68 52 29.41 10 4
04 12 2019 18 65 65 29.44 9 6
04 12 2019 18 62 78 29.47 10 7
04 12 2019 19 60 83 29.46 0 6
04 12 2019 19 60 83 29.46 5 5
04 12 2019 19 59 90 29.45 6 5
04 12 2019 20 59 87 29.43 10 5
04 12 2019 21 58 87 29.44 8 2
04 13 2019 07 52 74 29.50 5 3
04 13 2019 08 55 69 29.51 0 0
04 13 2019 09 56 60 29.51 9 0
04 13 2019 10 57 47 29.53 12 0
04 13 2019 11 59 38 29.52 10 0
04 13 2019 12 60 36 29.51 12 0
04 13 2019 13 62 32 29.49 10 0
04 13 2019 14 64 30 29.48 12 0
04 13 2019 15 66 28 29.46 12 0
04 13 2019 16 67 26 29.45 14 0
04 13 2019 17 67 27 29.44 14 0
04 13 2019 18 64 33 29.46 14 0
04 13 2019 19 60 32 29.47 9 0
04 13 2019 20 54 40 29.47 6 0
04 13 2019 21 52 41 29.48 0 0
04 14 2019 07 39 79 29.48 3 0
04 14 2019 08 43 68 29.50 5 0
04 14 2019 09 44 65 29.47 0 4
04 14 2019 10 46 63 29.45 5 4
04 14 2019 11 50 48 29.42 6 4
04 14 2019 12 51 52 29.37 7 4
04 14 2019 13 54 43 29.32 7 4
04 14 2019 14 52 59 29.26 3 5
04 14 2019 15 47 80 29.25 10 6
04 14 2019 16 46 83 29.23 10 5
04 14 2019 17 47 86 29.17 9 5
04 14 2019 18 47 86 29.11 14 5
04 14 2019 19 48 86 29.06 10 3
04 14 2019 20 48 86 29.00 15 0
04 14 2019 21 49 83 28.99 12 3
04 14 2019 21 49 86 28.97 13 4
04 14 2019 21 49 86 28.96 13 3
04 15 2019 07 49 93 28.73 0 4
04 15 2019 07 50 86 28.80 16 4
04 15 2019 08 47 86 28.80 17 5
04 15 2019 08 47 86 28.80 15 5
04 15 2019 08 46 93 28.81 13 5
04 15 2019 08 45 90 28.83 18 5
04 15 2019 09 45 87 28.82 15 4
04 15 2019 09 45 86 28.82 16 4
04 15 2019 09 44 85 28.84 17 5
04 15 2019 10 43 82 28.86 20 4
04 15 2019 11 40 89 28.89 12 4
04 15 2019 12 40 89 28.91 14 4
04 15 2019 12 41 86 28.92 10 4
04 15 2019 13 42 79 28.92 17 4
04 15 2019 13 42 79 28.92 16 4
04 15 2019 13 42 79 28.92 17 4
04 15 2019 14 42 82 28.93 21 5
04 15 2019 14 41 82 28.94 21 5
04 15 2019 14 40 83 28.95 21 5
04 15 2019 15 40 79 28.96 21 5
04 15 2019 16 40 83 28.98 12 5
04 15 2019 16 39 86 28.99 16 5
04 15 2019 17 38 89 29.03 22 5
04 15 2019 18 38 86 29.10 20 5
04 15 2019 18 37 89 29.12 14 5
04 15 2019 19 38 86 29.14 17 5
04 15 2019 19 38 86 29.16 18 4
04 15 2019 20 37 89 29.20 18 5
04 15 2019 20 37 89 29.20 16 10
04 15 2019 20 37 89 29.21 16 4
04 15 2019 20 37 89 29.22 14 4
04 15 2019 20 37 89 29.22 17 4
04 15 2019 21 37 89 29.24 16 4
04 15 2019 21 37 89 29.27 13 4
04 16 2019 07 31 82 29.49 6 0
04 16 2019 08 35 72 29.51 12 0
04 16 2019 09 39 65 29.51 10 0
04 16 2019 10 42 58 29.51 15 0
04 16 2019 11 44 51 29.51 21 0
04 16 2019 12 46 46 29.51 20 0
04 16 2019 13 49 41 29.50 16 0
04 16 2019 14 50 31 29.49 18 0
04 16 2019 15 51 32 29.48 17 0
04 16 2019 16 50 33 29.48 20 0
04 16 2019 17 49 35 29.49 15 0
04 16 2019 18 50 31 29.47 12 0
04 16 2019 19 48 34 29.49 13 0
04 16 2019 20 45 37 29.50 8 0
04 16 2019 21 44 45 29.51 10 2
04 17 2019 07 30 85 29.62 0 0
04 17 2019 08 34 79 29.64 0 0
04 17 2019 09 41 62 29.65 3 0
04 17 2019 10 45 56 29.65 3 0
04 17 2019 11 51 41 29.63 0 0
04 17 2019 12 54 31 29.63 6 0
04 17 2019 13 56 29 29.62 6 0
04 17 2019 14 57 27 29.61 5 0
04 17 2019 15 58 27 29.59 8 0
04 17 2019 16 59 24 29.57 3 0
04 17 2019 17 61 21 29.55 6 0
04 17 2019 18 61 19 29.54 5 0
04 17 2019 19 60 24 29.54 5 0
04 17 2019 20 56 27 29.54 5 0
04 17 2019 21 52 34 29.55 7 0
04 18 2019 07 46 68 29.48 12 5
04 18 2019 08 47 66 29.45 13 4
04 18 2019 09 49 61 29.45 14 3
04 18 2019 10 54 57 29.42 17 3
04 18 2019 11 60 53 29.40 14 0
04 18 2019 12 61 56 29.39 17 3
04 18 2019 13 60 64 29.36 10 4
04 18 2019 14 62 60 29.34 10 4
04 18 2019 15 63 58 29.30 13 4
04 18 2019 16 67 52 29.25 13 0
04 18 2019 17 65 54 29.27 15 3
04 18 2019 18 62 60 29.22 15 3
04 18 2019 19 61 62 29.20 10 3
04 18 2019 20 59 67 29.22 9 4
04 18 2019 21 56 77 29.20 13 5
04 19 2019 07 61 67 29.11 6 0
04 19 2019 08 63 67 29.09 7 0
04 19 2019 09 67 63 29.11 5 0
04 19 2019 10 69 58 29.11 10 0
04 19 2019 11 72 55 29.10 12 2
04 19 2019 12 74 52 29.09 14 3
04 19 2019 13 71 59 29.10 10 5
04 19 2019 14 71 59 29.09 12 4
04 19 2019 15 70 63 29.09 9 5
04 19 2019 16 68 70 29.07 8 5
04 19 2019 17 70 65 29.07 7 5
04 19 2019 18 66 78 29.10 5 6
04 19 2019 19 63 90 29.10 5 5
04 19 2019 20 62 93 29.12 5 7
04 19 2019 20 62 93 29.11 6 7
04 19 2019 20 63 90 29.10 8 6
04 19 2019 21 63 90 29.08 8 7
04 19 2019 21 63 90 29.07 8 7
04 19 2019 21 62 93 29.08 8 6
04 19 2019 21 62 93 29.07 6 7
04 20 2019 07 48 93 29.14 6 5
04 20 2019 07 48 96 29.14 5 6
04 20 2019 07 48 96 29.14 5 5
04 20 2019 08 48 96 29.15 0 1
04 20 2019 09 48 93 29.16 0 1
04 20 2019 09 49 93 29.16 0 1
04 20 2019 09 49 97 29.16 3 1
04 20 2019 09 49 97 29.16 0 4
04 20 2019 10 51 92 29.16 3 4
04 20 2019 11 54 90 29.14 3 3
04 20 2019 11 55 89 29.15 3 2
04 20 2019 12 56 90 29.14 3 4
04 20 2019 13 66 81 29.11 6 3
04 20 2019 14 69 78 29.10 15 3
04 20 2019 14 69 75 29.10 15 4
04 20 2019 14 70 76 29.11 13 4
04 20 2019 15 71 73 29.09 20 2
04 20 2019 16 72 68 29.07 18 2
04 20 2019 17 70 73 29.07 14 5
04 20 2019 18 71 68 29.07 15 3
04 20 2019 19 69 68 29.08 14 0
04 20 2019 20 67 66 29.11 9 0
04 20 2019 21 67 57 29.14 14 0
04 21 2019 07 44 93 29.36 0 1
04 21 2019 07 44 96 29.37 0 1
04 21 2019 07 44 96 29.38 0 4
04 21 2019 08 46 96 29.39 3 4
04 21 2019 09 49 90 29.43 7 4
04 21 2019 09 49 90 29.43 7 4
04 21 2019 09 49 90 29.43 5 4
04 21 2019 10 50 86 29.44 0 4
04 21 2019 10 51 86 29.44 3 4
04 21 2019 11 53 80 29.46 8 0
04 21 2019 12 54 80 29.46 6 4
04 21 2019 13 57 74 29.46 8 4
04 21 2019 14 57 72 29.48 9 4
04 21 2019 15 57 69 29.49 8 3
04 21 2019 16 56 72 29.50 10 4
04 21 2019 17 56 72 29.51 9 4
04 21 2019 18 56 67 29.53 13 4
04 21 2019 19 53 69 29.55 12 4
04 21 2019 20 51 71 29.57 9 4
04 21 2019 21 51 71 29.60 8 4
04 22 2019 07 47 86 29.67 8 4
04 22 2019 08 48 83 29.68 5 4
04 22 2019 09 49 83 29.69 5 4
04 22 2019 09 51 77 29.69 7 4
04 22 2019 10 51 77 29.69 7 4
04 22 2019 11 53 74 29.68 10 4
04 22 2019 12 57 67 29.66 10 3
04 22 2019 12 58 65 29.65 9 2
04 22 2019 13 58 65 29.63 13 0
04 22 2019 14 59 62 29.61 9 0
04 22 2019 15 61 58 29.59 13 0
04 22 2019 16 63 56 29.56 12 0
04 22 2019 17 63 54 29.55 13 0
04 22 2019 18 62 56 29.54 12 0
04 22 2019 19 60 60 29.54 10 0
04 22 2019 20 57 64 29.55 6 0
04 22 2019 21 55 69 29.56 8 0
04 23 2019 07 40 97 29.51 0 0
04 23 2019 08 46 89 29.51 0 0
04 23 2019 09 50 80 29.48 0 0
04 23 2019 10 54 69 29.45 5 0
04 23 2019 11 61 56 29.42 5 0
04 23 2019 12 65 47 29.38 5 0
04 23 2019 13 69 39 29.34 3 0
04 23 2019 14 70 38 29.31 3 0
04 23 2019 15 75 37 29.26 8 0
04 23 2019 16 74 33 29.20 12 3
04 23 2019 17 75 33 29.19 13 4
04 23 2019 18 70 47 29.21 12 5
04 23 2019 19 61 78 29.19 7 5
04 23 2019 20 59 87 29.18 7 6
04 23 2019 21 58 90 29.18 5 5
04 24 2019 07 44 71 29.28 18 4
04 24 2019 08 43 74 29.28 14 4
04 24 2019 09 42 73 29.30 16 4
04 24 2019 09 42 73 29.30 17 4
04 24 2019 09 42 73 29.30 20 4
04 24 2019 10 43 71 29.30 20 4
04 24 2019 11 42 73 29.33 20 4
04 24 2019 12 42 70 29.35 20 4
04 24 2019 13 42 70 29.36 22 10
04 24 2019 14 42 73 29.35 17 4
04 24 2019 15 43 71 29.36 14 4
04 24 2019 16 43 71 29.36 16 4
04 24 2019 17 44 71 29.37 14 4
04 24 2019 18 44 71 29.39 14 4
04 24 2019 19 43 74 29.40 9 4
04 24 2019 20 43 74 29.42 8 4
04 24 2019 20 43 74 29.42 7 4
04 24 2019 21 43 74 29.42 3 4
04 25 2019 07 34 92 29.43 0 0
04 25 2019 08 39 86 29.45 0 0
04 25 2019 09 44 73 29.44 0 0
04 25 2019 10 47 68 29.43 5 0
04 25 2019 11 51 59 29.42 0 0
04 25 2019 12 53 57 29.42 3 0
04 25 2019 13 56 51 29.39 5 0
04 25 2019 14 60 47 29.37 6 0
04 25 2019 15 60 44 29.36 3 3
04 25 2019 16 63 40 29.33 6 0
04 25 2019 17 64 40 29.33 0 0
04 25 2019 18 65 40 29.32 5 0
04 25 2019 19 61 46 29.32 5 0
04 25 2019 20 59 51 29.31 3 4
04 25 2019 21 55 64 29.32 3 4
04 26 2019 07 51 89 29.14 9 5
04 26 2019 07 51 92 29.14 10 5
04 26 2019 07 51 92 29.14 12 5
04 26 2019 08 52 89 29.11 15 6
04 26 2019 08 52 89 29.10 15 5
04 26 2019 09 54 86 29.06 13 4
04 26 2019 09 54 86 29.05 10 4
04 26 2019 10 53 89 29.03 16 5
04 26 2019 10 53 89 29.03 16 5
04 26 2019 11 54 90 29.00 15 5
04 26 2019 12 56 87 28.97 9 5
04 26 2019 12 56 84 28.96 17 4
04 26 2019 13 55 86 28.96 15 5
04 26 2019 13 55 88 28.94 13 6
04 26 2019 13 55 89 28.94 14 5
04 26 2019 13 55 86 28.94 15 5
04 26 2019 14 54 90 28.93 14 5
04 26 2019 14 54 90 28.92 12 5
04 26 2019 14 55 86 28.91 13 4
04 26 2019 14 56 84 28.89 16 4
04 26 2019 15 56 84 28.86 15 4
04 26 2019 16 55 86 28.84 13 5
04 26 2019 17 55 83 28.82 21 10
04 26 2019 18 55 83 28.80 18 5
04 26 2019 19 55 86 28.78 20 6
04 26 2019 20 54 88 28.82 16 7
04 26 2019 20 53 89 28.82 18 7
04 26 2019 20 53 89 28.82 18 6
04 26 2019 20 52 93 28.83 16 6
04 26 2019 20 52 89 28.84 21 7
04 26 2019 20 51 89 28.85 18 6
04 26 2019 20 50 89 28.87 14 7
04 26 2019 21 50 86 28.90 12 6
04 26 2019 21 49 90 28.89 15 5
04 26 2019 21 49 90 28.90 17 5
04 26 2019 21 48 89 28.90 13 5
04 27 2019 07 39 73 28.94 15 4
04 27 2019 07 39 73 28.97 16 4
04 27 2019 08 38 73 28.97 17 8
04 27 2019 08 37 82 28.97 15 8
04 27 2019 08 37 82 28.97 15 4
04 27 2019 09 38 76 28.97 17 8
04 27 2019 09 37 82 28.97 17 8
04 27 2019 10 37 82 28.98 17 8
04 27 2019 10 37 82 28.98 23 8
04 27 2019 10 36 87 28.99 16 8
04 27 2019 10 36 87 28.99 18 8
04 27 2019 10 36 86 28.99 17 8
04 27 2019 10 36 86 28.99 17 8
04 27 2019 11 37 82 29.01 15 8
04 27 2019 11 36 86 29.02 16 8
04 27 2019 11 36 89 29.02 18 8
04 27 2019 11 37 82 29.03 22 8
04 27 2019 12 37 82 29.03 22 8
04 27 2019 12 38 76 29.03 23 8
04 27 2019 13 37 82 29.06 21 8
04 27 2019 13 37 79 29.05 22 8
04 27 2019 14 38 76 29.08 21 8
04 27 2019 14 36 79 29.09 22 8
04 27 2019 14 37 79 29.09 18 8
04 27 2019 15 37 79 29.10 22 10
04 27 2019 15 36 86 29.11 21 8
04 27 2019 15 36 86 29.12 20 1
04 27 2019 16 35 89 29.14 21 8
04 27 2019 16 35 89 29.14 18 8
04 27 2019 16 36 82 29.15 22 10
04 27 2019 17 37 79 29.16 15 4
04 27 2019 18 39 73 29.18 17 4
04 27 2019 18 40 70 29.20 20 4
04 27 2019 19 40 70 29.21 21 10
04 27 2019 19 40 70 29.21 18 4
04 27 2019 19 40 70 29.22 20 4
04 27 2019 19 40 70 29.22 21 10
04 27 2019 20 40 70 29.23 22 10
04 27 2019 20 40 70 29.24 18 4
04 27 2019 21 41 67 29.27 18 4
04 28 2019 07 38 86 29.41 0 4
04 28 2019 07 38 86 29.43 0 5
04 28 2019 08 38 89 29.45 5 5
04 28 2019 09 39 86 29.46 5 5
04 28 2019 10 39 86 29.47 5 4
04 28 2019 10 40 86 29.48 5 4
04 28 2019 11 41 79 29.50 3 4
04 28 2019 12 42 79 29.50 5 5
04 28 2019 13 42 79 29.50 8 4
04 28 2019 13 44 76 29.50 8 4
04 28 2019 14 44 73 29.50 8 4
04 28 2019 14 44 71 29.50 8 4
04 28 2019 14 44 73 29.51 9 4
04 28 2019 15 45 71 29.51 10 4
04 28 2019 16 47 61 29.52 10 3
04 28 2019 17 47 56 29.55 9 4
04 28 2019 18 48 44 29.59 12 0
04 28 2019 19 46 51 29.60 13 0
04 28 2019 20 43 53 29.64 15 0
04 28 2019 21 37 65 29.68 7 0
04 29 2019 07 28 88 29.88 0 0
04 29 2019 08 32 85 29.89 0 0
04 29 2019 09 39 65 29.88 3 0
04 29 2019 10 43 51 29.88 0 0
04 29 2019 11 46 35 29.87 5 0
04 29 2019 12 48 34 29.85 6 0
04 29 2019 13 49 31 29.83 5 0
04 29 2019 14 51 28 29.80 3 0
04 29 2019 15 50 29 29.77 5 3
04 29 2019 16 51 29 29.77 0 4
04 29 2019 17 51 29 29.75 0 4
04 29 2019 18 50 35 29.72 5 4
04 29 2019 19 49 44 29.71 0 5
04 29 2019 20 46 66 29.69 6 4
04 29 2019 21 47 56 29.68 6 4
04 30 2019 07 43 86 29.60 0 4
04 30 2019 07 43 89 29.61 0 4
04 30 2019 08 43 89 29.63 0 4
04 30 2019 09 44 89 29.64 3 4
04 30 2019 10 45 86 29.66 0 4
04 30 2019 11 46 86 29.69 5 4
04 30 2019 12 46 89 29.72 3 4
04 30 2019 12 47 83 29.73 0 4
04 30 2019 13 48 83 29.73 0 4
04 30 2019 14 49 80 29.75 0 4
04 30 2019 14 49 80 29.76 3 4
04 30 2019 15 51 71 29.76 3 4
04 30 2019 16 52 63 29.76 6 4
04 30 2019 17 53 52 29.77 0 3
04 30 2019 18 54 53 29.79 6 3
04 30 2019 19 53 52 29.79 3 0
04 30 2019 20 51 54 29.81 0 0
04 30 2019 21 45 74 29.84 0 0
05 01 2019 07 46 68 29.86 6 4
05 01 2019 08 44 79 29.87 8 7
05 01 2019 09 43 86 29.86 9 4
05 01 2019 10 44 82 29.86 10 4
05 01 2019 11 45 80 29.82 13 4
05 01 2019 12 47 71 29.79 9 4
05 01 2019 13 48 63 29.75 18 4
05 01 2019 14 50 63 29.72 16 4
05 01 2019 15 51 63 29.68 18 4
05 01 2019 16 53 61 29.66 15 4
05 01 2019 16 52 61 29.65 17 4
05 01 2019 17 52 61 29.62 12 4
05 01 2019 18 53 61 29.61 17 3
05 01 2019 18 53 64 29.59 12 0
05 01 2019 19 53 64 29.56 16 0
05 01 2019 20 52 66 29.53 15 0
05 01 2019 21 53 64 29.53 10 3
05 01 2019 21 53 66 29.60 5 10
05 01 2019 21 50 80 29.57 9 6
05 02 2019 07 52 97 29.51 5 4
05 02 2019 07 53 93 29.52 3 1
05 02 2019 07 53 93 29.52 3 1
05 02 2019 07 53 93 29.52 0 1
05 02 2019 08 53 96 29.54 0 4
05 02 2019 08 53 93 29.54 0 1
05 02 2019 08 54 93 29.54 0 1
05 02 2019 08 54 93 29.55 0 1
05 02 2019 09 54 93 29.56 6 1
05 02 2019 09 54 94 29.56 5 4
05 02 2019 09 54 93 29.56 5 4
05 02 2019 09 54 93 29.57 5 4
05 02 2019 10 54 93 29.56 6 4
05 02 2019 11 54 90 29.58 9 4
05 02 2019 12 53 89 29.58 6 4
05 02 2019 13 54 86 29.59 6 4
05 02 2019 14 55 83 29.59 8 4
05 02 2019 14 55 80 29.59 9 4
05 02 2019 14 55 83 29.59 9 4
05 02 2019 15 57 77 29.60 9 4
05 02 2019 16 57 74 29.60 8 4
05 02 2019 17 57 74 29.59 5 4
05 02 2019 18 57 72 29.61 7 4
05 02 2019 19 57 72 29.61 8 4
05 02 2019 20 55 74 29.61 8 4
05 02 2019 21 53 80 29.61 7 4
05 03 2019 07 53 89 29.47 6 5
05 03 2019 07 53 89 29.47 6 5
05 03 2019 07 53 93 29.47 7 6
05 03 2019 07 53 93 29.46 7 7
05 03 2019 08 53 93 29.46 8 6
05 03 2019 08 53 93 29.46 8 6
05 03 2019 08 53 93 29.46 8 5
05 03 2019 08 53 93 29.46 8 7
05 03 2019 09 54 93 29.45 9 6
05 03 2019 09 53 96 29.47 6 7
05 03 2019 09 53 96 29.47 5 7
05 03 2019 09 53 96 29.47 5 6
05 03 2019 09 53 96 29.47 5 6
05 03 2019 10 53 96 29.46 9 4
05 03 2019 10 53 93 29.46 9 4
05 03 2019 11 55 93 29.45 8 4
05 03 2019 11 57 89 29.43 10 4
05 03 2019 12 59 90 29.43 7 4
05 03 2019 13 61 83 29.42 0 4
05 03 2019 14 64 77 29.41 6 4
05 03 2019 14 63 84 29.41 8 4
05 03 2019 15 64 80 29.41 8 4
05 03 2019 15 64 80 29.41 8 4
05 03 2019 16 64 78 29.40 12 4
05 03 2019 17 64 78 29.39 6 2
05 03 2019 17 64 78 29.39 7 3
05 03 2019 18 62 80 29.41 6 4
05 03 2019 19 60 80 29.41 8 5
05 03 2019 20 58 87 29.42 6 5
05 03 2019 20 58 87 29.42 7 5
05 03 2019 21 56 90 29.43 6 4
05 04 2019 07 48 96 29.41 6 4
05 04 2019 07 48 96 29.41 6 1
05 04 2019 07 48 96 29.41 5 4
05 04 2019 08 49 93 29.41 3 4
05 04 2019 09 50 89 29.42 6 4
05 04 2019 09 50 93 29.42 3 4
05 04 2019 10 52 86 29.41 3 4
05 04 2019 11 54 82 29.41 5 4
05 04 2019 11 54 83 29.41 7 4
05 04 2019 12 56 80 29.40 3 4
05 04 2019 12 56 80 29.40 3 4
05 04 2019 13 59 72 29.38 0 4
05 04 2019 14 61 70 29.36 5 2
05 04 2019 14 62 70 29.36 7 0
05 04 2019 15 62 67 29.34 8 4
05 04 2019 16 61 70 29.35 12 4
05 04 2019 16 61 70 29.35 12 4
05 04 2019 17 60 72 29.34 10 4
05 04 2019 18 58 75 29.34 8 4
05 04 2019 19 58 72 29.34 7 4
05 04 2019 20 56 77 29.34 9 5
05 04 2019 21 55 80 29.36 9 4
05 04 2019 21 54 83 29.37 6 4
05 05 2019 07 47 93 29.35 0 1
05 05 2019 07 47 97 29.35 0 1
05 05 2019 07 47 93 29.36 0 1
05 05 2019 07 47 93 29.35 0 4
05 05 2019 08 47 93 29.35 0 4
05 05 2019 09 49 90 29.35 0 4
05 05 2019 09 50 86 29.35 0 4
05 05 2019 10 53 83 29.34 0 3
05 05 2019 10 54 83 29.34 0 2
05 05 2019 11 58 75 29.33 3 4
05 05 2019 11 59 72 29.32 3 3
05 05 2019 12 61 67 29.31 3 3
05 05 2019 12 63 65 29.31 5 3
05 05 2019 13 64 60 29.30 7 4
05 05 2019 14 64 60 29.30 10 4
05 05 2019 15 62 67 29.29 9 4
05 05 2019 16 59 72 29.29 15 4
05 05 2019 17 57 83 29.29 9 4
05 05 2019 18 56 87 29.30 9 4
05 05 2019 19 56 87 29.31 7 4
05 05 2019 19 56 87 29.30 6 4
05 05 2019 20 56 90 29.31 7 4
05 05 2019 20 56 90 29.31 3 4
05 05 2019 21 56 87 29.32 6 4
05 05 2019 21 56 87 29.32 6 4
05 06 2019 07 53 93 29.41 0 4
05 06 2019 07 54 90 29.42 3 5
05 06 2019 08 53 93 29.42 3 5
05 06 2019 08 54 90 29.42 0 4
05 06 2019 08 54 90 29.42 0 4
05 06 2019 08 55 89 29.42 5 4
05 06 2019 09 55 89 29.42 6 4
05 06 2019 09 56 87 29.43 3 4
05 06 2019 09 56 87 29.44 0 4
05 06 2019 10 56 87 29.45 0 4
05 06 2019 10 56 87 29.45 0 4
05 06 2019 10 56 87 29.46 0 4
05 06 2019 11 57 88 29.46 5 4
05 06 2019 11 57 83 29.46 5 4
05 06 2019 11 57 87 29.47 5 4
05 06 2019 11 58 84 29.48 5 4
05 06 2019 12 59 83 29.48 3 4
05 06 2019 12 59 83 29.48 0 4
05 06 2019 12 61 81 29.47 0 4
05 06 2019 13 62 75 29.48 0 4
05 06 2019 14 63 72 29.47 5 3
05 06 2019 14 64 70 29.47 5 0
05 06 2019 14 64 70 29.47 3 0
05 06 2019 15 68 59 29.45 7 0
05 06 2019 16 69 54 29.44 8 0
05 06 2019 17 70 46 29.45 8 0
05 06 2019 18 68 43 29.45 7 0
05 06 2019 19 69 40 29.45 8 0
05 06 2019 20 67 40 29.47 0 0
05 06 2019 21 57 67 29.48 5 0
05 07 2019 07 52 83 29.52 0 4
05 07 2019 08 53 86 29.53 3 4
05 07 2019 09 55 80 29.55 0 4
05 07 2019 10 57 77 29.56 6 4
05 07 2019 11 55 83 29.58 9 5
05 07 2019 12 54 90 29.60 9 5
05 07 2019 12 54 90 29.60 8 5
05 07 2019 13 53 89 29.60 7 5
05 07 2019 13 53 89 29.62 10 5
05 07 2019 14 53 93 29.62 9 5
05 07 2019 15 53 93 29.63 7 6
05 07 2019 15 54 82 29.63 9 5
05 07 2019 15 53 86 29.63 10 5
05 07 2019 15 53 89 29.64 9 5
05 07 2019 16 52 89 29.64 9 5
05 07 2019 16 52 89 29.64 8 4
05 07 2019 16 52 89 29.64 8 5
05 07 2019 17 53 86 29.64 8 5
05 07 2019 17 52 86 29.64 10 5
05 07 2019 18 53 86 29.65 9 4
05 07 2019 19 52 83 29.65 8 2
05 07 2019 19 52 80 29.65 8 2
05 07 2019 20 47 90 29.66 6 0
05 07 2019 21 45 90 29.66 3 0
05 08 2019 07 40 83 29.76 0 0
05 08 2019 08 45 68 29.78 3 0
05 08 2019 09 49 56 29.80 6 0
05 08 2019 10 51 54 29.80 6 0
05 08 2019 11 54 47 29.80 6 0
05 08 2019 12 55 40 29.79 5 0
05 08 2019 13 58 33 29.77 3 0
05 08 2019 14 59 31 29.75 0 0
05 08 2019 15 61 27 29.73 7 0
05 08 2019 16 62 24 29.72 3 0
05 08 2019 17 63 19 29.72 8 0
05 08 2019 18 62 23 29.71 9 0
05 08 2019 19 60 26 29.71 9 0
05 08 2019 20 55 34 29.73 6 0
05 08 2019 21 52 34 29.73 6 0
05 09 2019 07 47 48 29.74 9 4
05 09 2019 08 49 41 29.75 13 4
05 09 2019 09 51 36 29.72 14 4
05 09 2019 10 54 34 29.70 17 3
05 09 2019 11 55 35 29.68 18 4
05 09 2019 12 58 37 29.65 16 3
05 09 2019 13 62 35 29.62 17 3
05 09 2019 14 62 37 29.60 17 4
05 09 2019 15 60 47 29.58 13 3
05 09 2019 16 62 39 29.56 14 2
05 09 2019 17 64 43 29.54 14 3
05 09 2019 18 64 48 29.52 13 4
05 09 2019 19 64 48 29.52 12 4
05 09 2019 20 63 52 29.52 10 4
05 09 2019 21 61 54 29.52 14 4
05 10 2019 07 54 93 29.40 8 5
05 10 2019 08 55 93 29.38 12 6
05 10 2019 09 56 93 29.35 8 6
05 10 2019 09 56 93 29.35 9 7
05 10 2019 09 55 94 29.35 10 7
05 10 2019 09 56 93 29.35 10 7
05 10 2019 09 57 89 29.35 9 6
05 10 2019 10 57 94 29.32 9 7
05 10 2019 10 57 93 29.32 10 7
05 10 2019 10 57 96 29.33 0 7
05 10 2019 11 57 93 29.34 3 7
05 10 2019 11 57 94 29.35 0 7
05 10 2019 11 58 93 29.35 3 7
05 10 2019 11 58 97 29.34 5 6
05 10 2019 11 61 90 29.33 8 5
05 10 2019 12 61 90 29.33 7 5
05 10 2019 12 62 90 29.32 6 3
05 10 2019 13 65 84 29.31 5 4
05 10 2019 14 71 78 29.30 5 3
05 10 2019 15 64 88 29.30 14 6
05 10 2019 15 65 87 29.30 16 5
05 10 2019 15 65 87 29.31 18 5
05 10 2019 16 63 75 29.34 16 4
05 10 2019 17 62 75 29.37 15 4
05 10 2019 18 57 74 29.42 16 4
05 10 2019 19 55 72 29.44 16 4
05 10 2019 19 54 72 29.45 16 4
05 10 2019 19 54 72 29.45 16 4
05 10 2019 20 54 69 29.47 13 4
05 10 2019 21 53 69 29.48 13 4
05 11 2019 07 44 79 29.57 8 4
05 11 2019 08 45 80 29.57 12 4
05 11 2019 09 44 79 29.58 7 5
05 11 2019 09 46 73 29.58 8 4
05 11 2019 10 48 66 29.58 7 3
05 11 2019 11 52 54 29.58 8 4
05 11 2019 12 54 53 29.57 9 4
05 11 2019 13 56 47 29.55 7 4
05 11 2019 14 56 45 29.55 9 4
05 11 2019 15 59 48 29.52 9 0
05 11 2019 16 59 46 29.51 16 0
05 11 2019 17 58 46 29.51 10 0
05 11 2019 18 56 45 29.51 9 0
05 11 2019 19 55 51 29.52 8 0
05 11 2019 20 51 63 29.53 6 0
05 11 2019 21 50 63 29.52 3 0
05 12 2019 07 44 85 29.50 6 5
05 12 2019 07 44 85 29.51 6 5
05 12 2019 07 44 89 29.51 6 5
05 12 2019 08 44 82 29.51 7 4
05 12 2019 09 45 80 29.51 8 4
05 12 2019 10 44 79 29.50 14 5
05 12 2019 11 45 80 29.48 8 5
05 12 2019 11 45 82 29.48 10 5
05 12 2019 12 45 80 29.50 10 5
05 12 2019 12 44 82 29.49 9 5
05 12 2019 13 44 82 29.47 9 5
05 12 2019 14 44 79 29.46 12 5
05 12 2019 14 44 82 29.47 13 5
05 12 2019 14 43 82 29.47 12 5
05 12 2019 15 43 82 29.45 9 5
05 12 2019 16 44 82 29.44 10 5
05 12 2019 16 44 82 29.44 8 5
05 12 2019 16 44 82 29.44 7 5
05 12 2019 17 44 82 29.44 5 5
05 12 2019 18 44 85 29.44 6 4
05 12 2019 18 44 85 29.44 6 5
05 12 2019 18 43 86 29.43 8 5
05 12 2019 19 43 89 29.43 3 5
05 12 2019 19 42 89 29.43 8 5
05 12 2019 20 42 89 29.43 7 5
05 12 2019 20 42 85 29.43 7 5
05 12 2019 21 41 89 29.43 5 5
05 13 2019 07 43 82 29.33 9 4
05 13 2019 08 44 79 29.34 10 5
05 13 2019 09 44 79 29.36 13 5
05 13 2019 10 45 82 29.34 14 4
05 13 2019 11 46 79 29.34 13 5
05 13 2019 12 47 77 29.31 16 4
05 13 2019 13 47 74 29.30 16 4
05 13 2019 13 47 77 29.30 14 4
05 13 2019 14 46 79 29.31 12 5
05 13 2019 14 45 86 29.32 8 6
05 13 2019 15 44 89 29.32 10 6
05 13 2019 15 45 93 29.31 10 5
05 13 2019 15 45 90 29.31 9 5
05 13 2019 16 45 86 29.29 14 6
05 13 2019 17 45 86 29.29 9 6
05 13 2019 18 44 89 29.31 12 6
05 13 2019 18 44 85 29.31 13 5
05 13 2019 19 43 86 29.31 13 5
05 13 2019 19 42 89 29.31 12 6
05 13 2019 20 42 85 29.32 9 5
05 13 2019 20 42 85 29.32 7 5
05 13 2019 21 41 93 29.32 6 5
05 13 2019 21 42 89 29.32 6 5
05 14 2019 07 39 93 29.26 10 5
05 14 2019 07 39 93 29.25 8 4
05 14 2019 07 39 93 29.26 9 4
05 14 2019 08 39 93 29.26 10 5
05 14 2019 08 39 93 29.26 9 5
05 14 2019 08 39 93 29.26 10 5
05 14 2019 08 40 93 29.26 10 5
05 14 2019 09 40 89 29.26 7 5
05 14 2019 09 40 89 29.26 12 5
05 14 2019 10 41 89 29.26 10 5
05 14 2019 11 42 85 29.26 13 5
05 14 2019 11 42 89 29.27 9 5
05 14 2019 11 42 89 29.26 10 5
05 14 2019 12 43 89 29.27 10 5
05 14 2019 12 43 89 29.27 12 5
05 14 2019 12 44 85 29.27 10 5
05 14 2019 13 44 85 29.28 7 5
05 14 2019 13 45 82 29.28 5 5
05 14 2019 14 45 82 29.29 5 5
05 14 2019 15 46 79 29.29 3 5
05 14 2019 15 46 79 29.29 3 5
05 14 2019 15 45 82 29.30 7 5
05 14 2019 15 45 82 29.30 6 5
05 14 2019 16 46 83 29.30 6 5
05 14 2019 17 47 80 29.30 5 5
05 14 2019 17 47 80 29.30 5 5
05 14 2019 17 45 90 29.30 5 6
05 14 2019 17 46 89 29.30 3 6
05 14 2019 18 47 83 29.31 7 5
05 14 2019 18 47 83 29.31 6 5
05 14 2019 18 47 83 29.31 6 7
05 14 2019 19 45 82 29.31 8 6
05 14 2019 19 46 83 29.31 5 5
05 14 2019 19 47 83 29.31 5 4
05 14 2019 19 46 86 29.32 5 4
05 14 2019 20 46 86 29.33 7 4
05 14 2019 20 46 86 29.33 7 4
05 14 2019 20 46 86 29.33 7 4
05 14 2019 20 46 86 29.34 6 4
05 14 2019 20 46 86 29.34 6 4
05 14 2019 20 45 90 29.34 6 4
05 14 2019 21 45 90 29.35 8 4
05 15 2019 07 41 93 29.36 0 4
05 15 2019 08 43 93 29.37 0 4
05 15 2019 08 44 85 29.36 0 4
05 15 2019 09 46 83 29.36 0 3
05 15 2019 10 47 80 29.35 0 4
05 15 2019 10 50 74 29.35 3 3
05 15 2019 11 50 74 29.34 0 2
05 15 2019 11 51 71 29.34 3 0
05 15 2019 12 53 66 29.33 0 0
05 15 2019 13 56 62 29.29 0 3
05 15 2019 13 59 58 29.30 10 4
05 15 2019 14 59 58 29.28 5 2
05 15 2019 15 61 56 29.26 7 0
05 15 2019 16 64 48 29.24 14 2
05 15 2019 17 65 45 29.24 12 3
05 15 2019 18 61 48 29.25 16 3
05 15 2019 19 59 51 29.25 13 4
05 15 2019 20 56 62 29.26 7 3
05 15 2019 21 53 69 29.27 5 0
05 16 2019 07 49 90 29.34 0 4
05 16 2019 07 49 93 29.35 0 4
05 16 2019 07 49 93 29.35 3 4
05 16 2019 08 49 90 29.36 0 4
05 16 2019 08 50 89 29.36 0 4
05 16 2019 09 51 86 29.36 5 4
05 16 2019 09 51 86 29.36 6 4
05 16 2019 09 51 83 29.36 3 2
05 16 2019 10 53 83 29.36 5 3
05 16 2019 10 53 80 29.36 7 3
05 16 2019 11 54 75 29.37 10 4
05 16 2019 11 56 69 29.37 7 2
05 16 2019 12 57 67 29.37 7 2
05 16 2019 12 57 64 29.37 8 3
05 16 2019 12 58 65 29.36 12 0
05 16 2019 13 58 56 29.36 6 3
05 16 2019 14 62 48 29.35 10 0
05 16 2019 15 61 46 29.34 12 3
05 16 2019 16 63 43 29.34 13 0
05 16 2019 17 64 45 29.33 13 0
05 16 2019 18 61 50 29.32 9 0
05 16 2019 19 58 56 29.31 6 0
05 16 2019 20 57 57 29.31 3 0
05 16 2019 21 53 71 29.32 0 0
05 17 2019 07 52 86 29.18 5 4
05 17 2019 08 54 86 29.18 5 4
05 17 2019 09 57 81 29.17 5 4
05 17 2019 10 60 75 29.16 0 4
05 17 2019 11 63 70 29.17 6 4
05 17 2019 12 63 70 29.17 7 4
05 17 2019 13 66 65 29.17 10 4
05 17 2019 14 65 63 29.18 12 4
05 17 2019 15 64 60 29.19 12 4
05 17 2019 16 61 64 29.21 13 4
05 17 2019 17 63 56 29.22 16 2
05 17 2019 18 62 53 29.24 20 3
05 17 2019 19 59 60 29.27 15 0
05 17 2019 20 57 62 29.30 10 0
05 17 2019 21 53 71 29.33 8 0
05 18 2019 07 41 93 29.48 0 0
05 18 2019 08 47 80 29.49 0 0
05 18 2019 09 50 68 29.51 3 0
05 18 2019 10 54 62 29.51 0 0
05 18 2019 11 57 55 29.51 5 0
05 18 2019 12 60 49 29.51 9 0
05 18 2019 12 59 51 29.51 6 0
05 18 2019 12 60 49 29.51 10 0
05 18 2019 13 61 46 29.50 12 0
05 18 2019 14 63 41 29.48 12 0
05 18 2019 15 65 37 29.47 8 0
05 18 2019 16 66 33 29.47 12 0
05 18 2019 17 65 36 29.47 9 0
05 18 2019 18 64 34 29.48 9 4
05 18 2019 19 63 34 29.48 8 4
05 18 2019 20 63 31 29.47 0 4
05 18 2019 21 59 48 29.49 0 4
05 19 2019 07 54 86 29.43 9 2
05 19 2019 08 57 87 29.42 8 3
05 19 2019 09 60 83 29.41 6 2
05 19 2019 10 67 76 29.40 9 0
05 19 2019 11 73 68 29.38 6 0
05 19 2019 12 77 64 29.37 7 0
05 19 2019 13 81 58 29.34 5 0
05 19 2019 14 76 74 29.33 3 7
05 19 2019 14 76 71 29.31 3 5
05 19 2019 14 75 82 29.32 7 5
05 19 2019 15 79 79 29.29 5 10
05 19 2019 15 80 71 29.27 9 5
05 19 2019 15 79 74 29.27 7 10
05 19 2019 15 80 69 29.28 6 10
05 19 2019 15 75 76 29.24 15 10
05 19 2019 16 74 79 29.27 7 10
05 19 2019 16 73 84 29.29 3 10
05 19 2019 16 72 73 29.28 18 10
05 19 2019 16 70 88 29.26 16 10
05 19 2019 16 70 87 29.27 10 5
05 19 2019 16 70 84 29.25 5 2
05 19 2019 16 70 78 29.25 9 10
05 19 2019 17 72 78 29.24 7 10
05 19 2019 17 71 78 29.23 3 2
05 19 2019 17 71 81 29.28 3 10
05 19 2019 18 69 84 29.30 12 10
05 19 2019 18 68 90 29.28 9 10
05 19 2019 18 69 84 29.28 9 10
05 19 2019 18 70 84 29.26 5 0
05 19 2019 19 70 84 29.25 8 0
05 19 2019 20 67 87 29.23 10 10
05 19 2019 21 66 90 29.21 7 0
05 20 2019 07 65 81 29.22 0 3
05 20 2019 08 68 76 29.21 3 3
05 20 2019 09 69 75 29.19 5 4
05 20 2019 10 72 71 29.19 12 4
05 20 2019 11 69 78 29.20 9 4
05 20 2019 12 72 59 29.20 13 3
05 20 2019 13 73 57 29.19 17 2
05 20 2019 14 72 59 29.18 8 4
05 20 2019 15 69 63 29.18 22 10
05 20 2019 16 68 68 29.20 14 3
05 20 2019 17 66 59 29.22 17 4
05 20 2019 18 62 60 29.26 18 4
05 20 2019 19 60 60 29.28 20 4
05 20 2019 20 58 58 29.31 20 4
05 20 2019 21 56 60 29.34 20 4
05 21 2019 07 46 76 29.46 13 4
05 21 2019 08 46 76 29.45 13 4
05 21 2019 09 49 71 29.44 13 4
05 21 2019 10 52 66 29.45 15 3
05 21 2019 10 53 66 29.45 16 2
05 21 2019 11 53 61 29.47 14 4
05 21 2019 12 56 57 29.49 14 4
05 21 2019 13 57 53 29.49 20 3
05 21 2019 14 58 53 29.50 13 3
05 21 2019 15 61 44 29.49 23 2
05 21 2019 16 61 44 29.50 24 2
05 21 2019 17 62 41 29.50 17 3
05 21 2019 18 62 41 29.51 18 2
05 21 2019 19 60 42 29.52 17 0
05 21 2019 20 56 51 29.54 12 0
05 21 2019 21 51 61 29.57 9 0
05 22 2019 07 40 89 29.72 0 0
05 22 2019 08 47 80 29.73 0 0
05 22 2019 09 51 68 29.75 0 0
05 22 2019 10 57 55 29.74 5 0
05 22 2019 11 63 40 29.74 10 0
05 22 2019 11 63 38 29.74 9 0
05 22 2019 12 65 39 29.72 3 0
05 22 2019 13 66 36 29.70 6 0
05 22 2019 14 67 37 29.68 5 0
05 22 2019 15 68 33 29.67 3 0
05 22 2019 16 69 32 29.67 0 0
05 22 2019 17 70 33 29.66 3 0
05 22 2019 18 68 35 29.65 6 0
05 22 2019 19 66 47 29.62 5 2
05 22 2019 20 63 54 29.60 6 3
05 22 2019 21 63 52 29.60 7 3
05 23 2019 07 58 70 29.54 7 0
05 23 2019 08 62 65 29.54 7 0
05 23 2019 09 65 63 29.52 9 0
05 23 2019 10 67 61 29.49 7 0
05 23 2019 11 71 57 29.45 5 0
05 23 2019 12 71 61 29.45 6 4
05 23 2019 13 71 63 29.42 5 2
05 23 2019 14 70 68 29.37 12 3
05 23 2019 15 67 81 29.38 5 6
05 23 2019 16 67 84 29.31 9 4
05 23 2019 17 67 87 29.27 10 5
05 23 2019 18 70 84 29.22 8 2
05 23 2019 19 76 60 29.19 13 0
05 23 2019 19 74 68 29.18 10 0
05 23 2019 20 74 53 29.18 13 2
05 23 2019 20 72 59 29.23 37 10
05 23 2019 20 64 78 29.24 35 10
05 23 2019 20 60 90 29.23 16 10
05 23 2019 20 61 87 29.24 16 10
05 23 2019 21 62 86 29.24 12 3
05 23 2019 21 62 86 29.25 10 3
05 24 2019 07 54 80 29.37 14 4
05 24 2019 08 53 86 29.39 12 4
05 24 2019 09 53 86 29.42 10 4
05 24 2019 09 54 86 29.43 14 4
05 24 2019 09 54 86 29.42 16 4
05 24 2019 10 55 80 29.44 15 4
05 24 2019 11 57 77 29.45 13 4
05 24 2019 11 58 78 29.45 14 4
05 24 2019 12 58 78 29.47 15 4
05 24 2019 12 59 75 29.47 13 4
05 24 2019 13 58 78 29.50 16 4
05 24 2019 14 58 75 29.52 13 4
05 24 2019 15 59 72 29.52 10 4
05 24 2019 16 61 70 29.53 13 4
05 24 2019 16 62 67 29.53 8 4
05 24 2019 16 61 67 29.54 12 4
05 24 2019 16 61 67 29.55 13 4
05 24 2019 17 62 62 29.55 13 4
05 24 2019 18 61 64 29.57 12 4
05 24 2019 19 61 67 29.58 8 4
05 24 2019 20 61 67 29.59 7 4
05 24 2019 21 58 81 29.60 0 4
05 25 2019 07 49 93 29.64 3 0
05 25 2019 08 53 86 29.62 8 0
05 25 2019 09 58 81 29.61 10 0
05 25 2019 10 63 65 29.60 10 0
05 25 2019 11 67 59 29.59 7 0
05 25 2019 12 69 53 29.57 12 2
05 25 2019 13 68 56 29.55 9 4
05 25 2019 14 67 73 29.51 6 5
05 25 2019 15 69 63 29.49 10 4
05 25 2019 15 68 65 29.46 8 10
05 25 2019 16 68 65 29.45 13 4
05 25 2019 16 69 63 29.45 8 4
05 25 2019 17 70 61 29.43 13 4
05 25 2019 18 72 59 29.40 12 3
05 25 2019 19 71 61 29.38 7 3
05 25 2019 20 69 63 29.37 12 3
05 25 2019 21 67 68 29.34 6 0
05 26 2019 07 63 93 29.35 0 4
05 26 2019 08 66 87 29.38 7 4
05 26 2019 08 66 90 29.38 6 3
05 26 2019 08 67 87 29.38 8 3
05 26 2019 09 67 87 29.38 8 4
05 26 2019 10 69 81 29.39 8 3
05 26 2019 11 73 68 29.39 14 3
05 26 2019 11 73 66 29.38 13 3
05 26 2019 12 75 62 29.36 12 3
05 26 2019 13 76 56 29.36 15 3
05 26 2019 14 79 48 29.35 13 3
05 26 2019 15 78 43 29.34 18 0
05 26 2019 16 77 46 29.34 23 0
05 26 2019 17 74 41 29.36 17 0
05 26 2019 18 73 41 29.37 16 0
05 26 2019 19 70 49 29.37 13 0
05 26 2019 20 67 57 29.39 10 0
05 26 2019 21 61 67 29.40 6 0
05 27 2019 07 50 93 29.48 0 0
05 27 2019 08 56 75 29.49 0 0
05 27 2019 09 61 70 29.50 0 0
05 27 2019 10 66 0 29.49 0 0
05 27 2019 11 68 43 29.47 5 0
05 27 2019 12 71 41 29.46 5 0
05 27 2019 13 73 34 29.45 7 0
05 27 2019 14 73 34 29.44 15 0
05 27 2019 15 73 34 29.43 14 2
05 27 2019 16 71 36 29.43 15 0
05 27 2019 17 73 41 29.41 15 0
05 27 2019 18 72 43 29.43 12 0
05 27 2019 19 69 45 29.43 13 0
05 27 2019 20 65 56 29.43 8 0
05 27 2019 21 61 67 29.44 6 0
05 28 2019 07 53 93 29.36 12 4
05 28 2019 08 53 93 29.35 7 4
05 28 2019 09 53 89 29.31 10 5
05 28 2019 10 53 96 29.28 9 6
05 28 2019 11 53 96 29.26 10 6
05 28 2019 11 52 100 29.25 9 5
05 28 2019 11 52 100 29.24 13 5
05 28 2019 12 52 100 29.22 12 5
05 28 2019 12 52 100 29.22 10 5
05 28 2019 12 52 97 29.21 7 7
05 28 2019 13 52 100 29.20 10 7
05 28 2019 13 52 100 29.20 10 6
05 28 2019 13 52 100 29.20 10 6
05 28 2019 13 52 100 29.19 14 6
05 28 2019 14 52 100 29.17 12 6
05 28 2019 14 52 100 29.16 14 6
05 28 2019 14 52 100 29.16 15 5
05 28 2019 14 52 100 29.16 13 5
05 28 2019 15 53 96 29.16 9 5
05 28 2019 15 52 100 29.15 6 6
05 28 2019 15 53 96 29.15 12 7
05 28 2019 15 53 96 29.15 8 6
05 28 2019 15 53 100 29.15 6 5
05 28 2019 16 53 100 29.14 12 5
05 28 2019 17 54 97 29.13 14 4
05 28 2019 18 54 97 29.13 13 4
05 28 2019 18 54 100 29.14 8 4
05 28 2019 18 54 100 29.14 9 4
05 28 2019 19 54 100 29.14 6 4
05 28 2019 19 54 100 29.14 7 4
05 28 2019 20 54 100 29.15 5 4
05 28 2019 20 54 100 29.15 8 4
05 28 2019 21 54 100 29.16 5 1
05 28 2019 21 54 100 29.18 7 5
05 29 2019 07 52 100 29.27 5 1
05 29 2019 07 52 100 29.27 7 1
05 29 2019 07 52 100 29.27 5 1
05 29 2019 07 52 100 29.26 5 4
05 29 2019 08 53 100 29.27 6 4
05 29 2019 08 53 100 29.27 7 1
05 29 2019 08 52 100 29.26 5 4
05 29 2019 09 53 100 29.22 0 4
05 29 2019 10 55 89 29.23 0 4
05 29 2019 10 56 87 29.23 0 4
05 29 2019 10 55 89 29.25 7 4
05 29 2019 11 55 89 29.24 6 4
05 29 2019 11 55 93 29.23 6 4
05 29 2019 12 56 87 29.26 3 4
05 29 2019 12 55 89 29.26 5 4
05 29 2019 12 55 89 29.24 0 4
05 29 2019 13 55 89 29.24 6 5
05 29 2019 13 56 90 29.24 6 4
05 29 2019 14 56 90 29.23 0 5
05 29 2019 14 56 90 29.23 5 5
05 29 2019 15 61 81 29.17 5 4
05 29 2019 16 62 75 29.17 0 0
05 29 2019 17 62 80 29.14 3 4
05 29 2019 18 64 75 29.15 3 4
05 29 2019 19 63 78 29.18 0 4
05 29 2019 20 62 80 29.18 6 4
05 29 2019 20 62 80 29.18 5 4
05 29 2019 21 61 81 29.19 6 4
05 30 2019 07 54 93 29.26 0 4
05 30 2019 07 54 93 29.27 3 4
05 30 2019 08 55 89 29.27 0 4
05 30 2019 08 55 89 29.27 0 4
05 30 2019 09 55 88 29.27 0 4
05 30 2019 09 56 87 29.27 0 4
05 30 2019 10 58 84 29.26 0 4
05 30 2019 10 58 87 29.26 5 4
05 30 2019 11 61 78 29.26 3 4
05 30 2019 12 64 67 29.23 0 0
05 30 2019 13 65 70 29.21 7 0
05 30 2019 14 66 68 29.20 3 0
05 30 2019 15 69 65 29.16 0 0
05 30 2019 16 71 59 29.13 0 0
05 30 2019 17 72 59 29.12 6 2
05 30 2019 18 71 57 29.11 6 0
05 30 2019 19 70 61 29.10 5 0
05 30 2019 20 67 76 29.09 0 3
05 30 2019 21 63 97 29.09 5 4
05 31 2019 07 56 100 29.23 6 4
05 31 2019 07 56 100 29.23 5 4
05 31 2019 08 57 96 29.24 5 4
05 31 2019 08 57 96 29.24 3 4
05 31 2019 09 58 93 29.26 5 4
05 31 2019 09 58 93 29.26 5 4
05 31 2019 09 59 93 29.26 5 4
05 31 2019 10 59 88 29.27 3 4
05 31 2019 10 59 90 29.27 6 4
05 31 2019 11 61 87 29.29 5 4
05 31 2019 11 62 84 29.29 5 4
05 31 2019 12 64 78 29.29 3 2
05 31 2019 13 67 68 29.28 6 0
05 31 2019 14 68 61 29.28 7 0
05 31 2019 15 69 57 29.27 14 2
05 31 2019 16 69 54 29.27 12 0
05 31 2019 17 69 53 29.27 13 0
05 31 2019 18 68 52 29.27 12 0
05 31 2019 19 66 54 29.27 8 0
05 31 2019 20 63 60 29.28 8 0
05 31 2019 21 60 60 29.29 5 0
03 01 2020 07 7 87 29.58 0 1
03 01 2020 07 8 80 29.58 0 10
03 01 2020 07 6 87 29.58 0 0
03 01 2020 08 8 92 29.60 0 0
03 01 2020 09 11 92 29.60 0 0
03 01 2020 10 18 74 29.61 0 3
03 01 2020 11 23 68 29.60 0 3
03 01 2020 12 26 66 29.59 7 0
03 01 2020 13 30 56 29.57 15 0
03 01 2020 14 32 56 29.55 14 2
03 01 2020 15 32 54 29.55 12 0
03 01 2020 16 33 52 29.55 10 2
03 01 2020 17 33 52 29.56 9 0
03 01 2020 18 32 52 29.56 6 0
03 01 2020 19 28 61 29.56 0 0
03 01 2020 20 26 69 29.55 5 0
03 01 2020 21 28 63 29.55 6 2
03 02 2020 07 32 66 29.35 10 4
03 02 2020 07 32 66 29.35 12 6
03 02 2020 07 32 73 29.35 12 6
03 02 2020 08 32 75 29.33 12 4
03 02 2020 08 32 75 29.34 8 10
03 02 2020 08 32 75 29.34 9 6
03 02 2020 08 32 82 29.34 9 6
03 02 2020 09 32 82 29.34 10 4
03 02 2020 09 32 82 29.34 9 10
03 02 2020 09 33 82 29.33 10 6
03 02 2020 10 33 82 29.32 12 5
03 02 2020 10 33 82 29.32 12 5
03 02 2020 11 35 82 29.29 10 4
03 02 2020 12 38 73 29.26 9 4
03 02 2020 13 40 70 29.20 12 3
03 02 2020 14 44 63 29.16 12 0
03 02 2020 15 43 62 29.14 10 4
03 02 2020 16 43 62 29.12 8 3
03 02 2020 17 43 62 29.11 6 3
03 02 2020 18 41 76 29.18 0 5
03 02 2020 19 38 93 29.18 0 5
03 02 2020 20 38 97 29.18 0 5
03 02 2020 20 37 100 29.18 0 5
03 02 2020 20 37 96 29.17 0 5
03 02 2020 21 36 93 29.18 6 1
03 02 2020 21 37 93 29.17 6 4
03 02 2020 21 38 97 29.17 6 4
03 03 2020 07 37 96 29.19 0 1
03 03 2020 08 37 96 29.18 5 1
03 03 2020 08 38 97 29.18 8 1
03 03 2020 09 38 97 29.19 5 1
03 03 2020 09 38 97 29.18 6 1
03 03 2020 09 39 93 29.18 6 1
03 03 2020 09 40 93 29.17 6 4
03 03 2020 10 41 93 29.14 7 4
03 03 2020 10 42 92 29.12 6 3
03 03 2020 10 43 89 29.12 6 2
03 03 2020 11 46 86 29.11 3 0
03 03 2020 12 49 74 29.08 6 4
03 03 2020 13 49 71 29.03 6 4
03 03 2020 14 48 71 28.97 8 4
03 03 2020 15 45 80 28.94 7 4
03 03 2020 16 44 85 28.91 6 6
03 03 2020 17 41 93 28.89 6 5
03 03 2020 18 46 86 28.87 7 6
03 03 2020 19 46 89 28.84 9 5
03 03 2020 20 45 90 28.81 7 4
03 03 2020 20 44 93 28.81 7 5
03 03 2020 21 45 93 28.83 3 7
03 03 2020 21 43 89 28.86 26 7
03 03 2020 21 43 86 28.87 23 6
03 03 2020 21 43 82 28.88 16 5
03 03 2020 21 42 85 28.89 13 5
03 03 2020 21 42 85 28.90 10 6
03 03 2020 21 40 89 28.92 17 5
03 04 2020 07 37 82 29.09 12 10
03 04 2020 07 36 86 29.09 15 5
03 04 2020 08 37 75 29.12 14 10
03 04 2020 08 37 79 29.12 14 10
03 04 2020 09 38 70 29.14 16 4
03 04 2020 10 39 70 29.15 17 4
03 04 2020 11 40 68 29.17 28 3
03 04 2020 12 42 55 29.17 21 3
03 04 2020 13 44 43 29.16 23 3
03 04 2020 14 45 46 29.16 18 3
03 04 2020 15 40 65 29.19 12 4
03 04 2020 16 39 73 29.22 13 5
03 04 2020 17 37 79 29.25 13 5
03 04 2020 17 37 79 29.25 10 5
03 04 2020 18 36 86 29.27 7 5
03 04 2020 18 36 86 29.27 8 5
03 04 2020 18 36 86 29.28 9 10
03 04 2020 19 35 85 29.29 6 4
03 04 2020 20 36 82 29.30 7 4
03 04 2020 20 35 85 29.32 22 8
03 04 2020 21 34 89 29.32 14 8
03 04 2020 21 34 89 29.32 10 8
03 04 2020 21 34 87 29.32 10 8
03 04 2020 21 34 89 29.32 10 8
03 04 2020 21 34 89 29.32 9 8
03 04 2020 21 34 89 29.33 8 4
03 05 2020 07 33 75 29.55 13 4
03 05 2020 08 33 75 29.57 7 4
03 05 2020 09 34 75 29.59 9 4
03 05 2020 09 34 73 29.59 10 4
03 05 2020 10 35 67 29.59 12 4
03 05 2020 10 35 67 29.59 7 4
03 05 2020 11 36 62 29.60 6 4
03 05 2020 12 36 62 29.61 7 4
03 05 2020 12 37 62 29.60 9 4
03 05 2020 13 37 62 29.58 5 4
03 05 2020 14 39 62 29.56 7 4
03 05 2020 15 40 58 29.55 7 2
03 05 2020 16 41 53 29.55 5 0
03 05 2020 17 41 51 29.55 0 0
03 05 2020 18 39 55 29.55 3 0
03 05 2020 19 34 67 29.55 3 0
03 05 2020 20 34 64 29.53 7 0
03 05 2020 21 33 66 29.53 6 0
03 06 2020 07 29 72 29.38 8 0
03 06 2020 08 33 66 29.38 8 0
03 06 2020 09 36 64 29.38 8 4
03 06 2020 10 37 62 29.37 9 4
03 06 2020 11 39 62 29.36 8 4
03 06 2020 12 40 60 29.35 8 4
03 06 2020 13 42 55 29.34 6 4
03 06 2020 14 43 51 29.33 0 4
03 06 2020 15 42 58 29.35 0 5
03 06 2020 16 42 58 29.36 5 4
03 06 2020 17 41 60 29.37 6 4
03 06 2020 18 37 79 29.39 12 4
03 06 2020 19 36 73 29.41 12 4
03 06 2020 20 34 73 29.41 14 0
03 06 2020 21 34 73 29.46 16 4
03 07 2020 07 21 65 29.77 9 0
03 07 2020 08 23 63 29.81 10 0
03 07 2020 09 25 55 29.83 8 0
03 07 2020 10 29 49 29.84 13 0
03 07 2020 11 31 46 29.85 14 0
03 07 2020 12 33 43 29.84 8 0
03 07 2020 13 36 41 29.83 10 0
03 07 2020 14 36 43 29.83 14 0
03 07 2020 15 36 44 29.83 18 0
03 07 2020 16 34 44 29.84 14 0
03 07 2020 17 32 48 29.85 14 0
03 07 2020 18 29 54 29.87 10 0
03 07 2020 19 25 60 29.87 7 0
03 07 2020 20 25 58 29.88 6 0
03 07 2020 21 25 60 29.88 0 0
03 08 2020 07 25 72 29.86 3 4
03 08 2020 08 26 69 29.86 0 4
03 08 2020 09 28 66 29.86 3 3
03 08 2020 10 33 56 29.85 0 0
03 08 2020 11 38 48 29.85 0 0
03 08 2020 12 43 45 29.83 6 0
03 08 2020 13 46 44 29.81 8 0
03 08 2020 14 48 41 29.79 12 0
03 08 2020 15 50 38 29.77 10 0
03 08 2020 16 51 38 29.74 9 0
03 08 2020 17 52 37 29.72 6 0
03 08 2020 18 53 34 29.70 3 0
03 08 2020 19 46 44 29.69 0 0
03 08 2020 20 39 62 29.70 0 0
03 08 2020 21 35 70 29.70 3 0
03 09 2020 07 29 75 29.69 5 0
03 09 2020 08 36 59 29.68 6 0
03 09 2020 09 38 70 29.68 0 0
03 09 2020 10 48 52 29.68 0 0
03 09 2020 11 57 33 29.67 5 0
03 09 2020 12 63 28 29.65 14 0
03 09 2020 13 64 28 29.63 10 0
03 09 2020 14 67 24 29.61 12 0
03 09 2020 15 68 26 29.60 14 0
03 09 2020 16 66 26 29.59 13 0
03 09 2020 17 67 27 29.59 12 3
03 09 2020 18 64 28 29.59 7 0
03 09 2020 19 61 32 29.59 3 0
03 09 2020 20 53 45 29.60 0 0
03 09 2020 21 48 54 29.61 0 0
03 10 2020 07 43 68 29.47 6 4
03 10 2020 08 44 68 29.47 5 5
03 10 2020 09 45 86 29.44 6 5
03 10 2020 10 49 77 29.41 6 5
03 10 2020 11 51 77 29.38 7 4
03 10 2020 12 52 74 29.36 5 5
03 10 2020 13 54 72 29.31 5 4
03 10 2020 14 59 62 29.28 9 4
03 10 2020 15 57 72 29.27 7 5
03 10 2020 16 55 80 29.26 8 5
03 10 2020 17 56 77 29.24 8 4
03 10 2020 17 55 83 29.26 14 7
03 10 2020 17 54 86 29.27 20 5
03 10 2020 18 53 89 29.28 15 5
03 10 2020 18 53 86 29.29 14 5
03 10 2020 19 49 86 29.34 22 10
03 10 2020 19 47 90 29.38 15 4
03 10 2020 20 44 89 29.42 18 5
03 10 2020 21 42 89 29.47 14 4
03 11 2020 07 29 72 29.64 7 3
03 11 2020 08 29 69 29.67 3 3
03 11 2020 09 30 64 29.68 0 4
03 11 2020 09 30 64 29.69 0 2
03 11 2020 10 31 61 29.70 5 0
03 11 2020 11 32 64 29.67 8 0
03 11 2020 12 32 56 29.67 3 0
03 11 2020 13 35 50 29.66 6 0
03 11 2020 14 36 50 29.64 5 0
03 11 2020 15 37 46 29.60 5 0
03 11 2020 16 38 48 29.58 6 4
03 11 2020 16 38 51 29.57 7 4
03 11 2020 17 37 50 29.56 6 4
03 11 2020 18 38 48 29.59 0 4
03 11 2020 19 38 48 29.59 0 4
03 11 2020 20 36 55 29.58 0 4
03 11 2020 21 32 73 29.55 3 4
03 12 2020 07 33 66 29.55 6 4
03 12 2020 08 34 67 29.56 6 4
03 12 2020 09 36 64 29.56 8 4
03 12 2020 10 38 62 29.56 9 4
03 12 2020 11 39 60 29.56 8 4
03 12 2020 12 41 60 29.56 8 4
03 12 2020 13 42 60 29.54 9 4
03 12 2020 14 46 56 29.53 8 4
03 12 2020 15 51 48 29.51 8 2
03 12 2020 16 50 52 29.50 13 4
03 12 2020 17 50 52 29.49 10 4
03 12 2020 18 50 50 29.49 7 4
03 12 2020 19 49 52 29.50 6 4
03 12 2020 20 48 54 29.47 8 4
03 12 2020 21 48 52 29.47 13 2
03 13 2020 07 44 85 29.16 15 5
03 13 2020 08 44 89 29.12 14 5
03 13 2020 09 45 90 29.09 7 5
03 13 2020 09 46 89 29.08 10 7
03 13 2020 10 46 89 29.09 7 6
03 13 2020 10 47 90 29.08 9 5
03 13 2020 10 49 90 29.08 7 4
03 13 2020 11 52 88 29.09 12 5
03 13 2020 11 52 86 29.10 10 5
03 13 2020 11 52 86 29.10 10 5
03 13 2020 11 52 89 29.10 10 6
03 13 2020 11 52 86 29.13 33 6
03 13 2020 12 47 86 29.15 29 5
03 13 2020 12 46 86 29.17 24 5
03 13 2020 13 45 76 29.24 17 4
03 13 2020 13 44 73 29.24 17 4
03 13 2020 14 47 59 29.25 28 3
03 13 2020 15 45 60 29.29 25 10
03 13 2020 16 45 58 29.33 17 4
03 13 2020 17 44 58 29.37 21 10
03 13 2020 18 41 55 29.42 22 10
03 13 2020 19 40 55 29.46 21 10
03 13 2020 20 40 55 29.50 18 4
03 13 2020 21 40 53 29.52 18 4
03 14 2020 07 36 64 29.69 21 10
03 14 2020 08 35 64 29.73 17 4
03 14 2020 09 36 65 29.75 18 4
03 14 2020 09 35 64 29.75 17 4
03 14 2020 09 35 64 29.76 17 4
03 14 2020 10 36 65 29.76 16 4
03 14 2020 10 35 64 29.76 20 4
03 14 2020 11 36 62 29.80 15 4
03 14 2020 11 37 59 29.79 14 4
03 14 2020 12 37 59 29.80 13 4
03 14 2020 13 38 60 29.82 15 4
03 14 2020 14 38 60 29.82 17 4
03 14 2020 15 38 62 29.83 15 4
03 14 2020 16 38 62 29.82 10 4
03 14 2020 17 38 60 29.84 12 4
03 14 2020 18 37 65 29.85 10 4
03 14 2020 19 37 65 29.85 8 4
03 14 2020 20 36 67 29.87 8 3
03 14 2020 21 35 70 29.88 8 0
03 15 2020 07 27 56 29.95 10 0
03 15 2020 08 28 53 29.99 7 0
03 15 2020 09 29 51 30.01 9 0
03 15 2020 10 31 47 30.02 9 0
03 15 2020 11 33 42 30.02 8 0
03 15 2020 12 36 36 30.02 9 0
03 15 2020 13 38 35 30.01 9 0
03 15 2020 14 41 28 30.00 9 0
03 15 2020 15 41 32 29.98 8 0
03 15 2020 16 40 32 29.99 12 0
03 15 2020 17 40 29 29.98 12 0
03 15 2020 18 38 30 30.00 10 0
03 15 2020 19 34 31 30.01 10 0
03 15 2020 20 31 37 30.04 9 0
03 15 2020 21 30 38 30.06 7 0
03 16 2020 07 21 68 30.04 6 0
03 16 2020 08 22 68 30.04 6 0
03 16 2020 09 25 60 30.04 10 0
03 16 2020 10 28 47 30.04 16 0
03 16 2020 11 32 38 30.04 12 0
03 16 2020 12 34 37 30.02 8 0
03 16 2020 13 38 33 29.97 13 0
03 16 2020 14 42 31 29.92 10 0
03 16 2020 15 44 30 29.87 10 0
03 16 2020 16 45 29 29.83 10 0
03 16 2020 17 46 30 29.80 12 0
03 16 2020 18 43 32 29.78 14 0
03 16 2020 19 41 33 29.76 14 0
03 16 2020 20 38 36 29.75 10 0
03 16 2020 21 37 39 29.74 10 4
03 17 2020 07 39 70 29.56 8 4
03 17 2020 08 39 70 29.55 10 4
03 17 2020 09 40 70 29.54 8 4
03 17 2020 09 40 70 29.55 3 4
03 17 2020 10 41 67 29.53 6 4
03 17 2020 11 41 76 29.53 6 5
03 17 2020 12 43 71 29.52 7 4
03 17 2020 13 43 76 29.51 13 5
03 17 2020 14 43 81 29.52 12 5
03 17 2020 14 42 85 29.52 13 5
03 17 2020 14 42 82 29.52 12 4
03 17 2020 15 43 82 29.52 8 4
03 17 2020 16 42 79 29.53 12 5
03 17 2020 16 42 79 29.53 8 4
03 17 2020 17 43 74 29.55 15 4
03 17 2020 18 43 65 29.57 22 10
03 17 2020 19 42 62 29.59 15 4
03 17 2020 20 40 65 29.62 10 2
03 17 2020 21 40 63 29.64 10 4
03 18 2020 07 20 89 29.89 0 0
03 18 2020 08 23 81 29.90 0 0
03 18 2020 09 30 75 29.93 0 0
03 18 2020 10 34 64 29.94 0 0
03 18 2020 11 38 57 29.93 0 0
03 18 2020 12 40 49 29.93 5 0
03 18 2020 13 45 42 29.92 0 0
03 18 2020 14 45 37 29.90 5 0
03 18 2020 15 47 36 29.87 0 4
03 18 2020 16 47 33 29.84 0 4
03 18 2020 17 47 33 29.80 6 3
03 18 2020 18 47 34 29.78 5 0
03 18 2020 19 46 35 29.78 8 0
03 18 2020 20 45 39 29.76 8 0
03 18 2020 21 44 42 29.76 7 0
03 19 2020 07 39 89 29.72 9 4
03 19 2020 07 39 89 29.72 9 4
03 19 2020 07 39 89 29.71 10 4
03 19 2020 07 39 86 29.72 8 4
03 19 2020 08 39 86 29.71 12 4
03 19 2020 09 39 86 29.72 10 4
03 19 2020 10 40 86 29.76 10 4
03 19 2020 11 42 82 29.74 13 4
03 19 2020 12 44 76 29.72 13 4
03 19 2020 12 44 79 29.71 14 4
03 19 2020 13 45 76 29.71 12 4
03 19 2020 14 47 71 29.67 10 4
03 19 2020 15 48 71 29.66 12 4
03 19 2020 15 48 71 29.67 12 4
03 19 2020 16 49 69 29.65 13 4
03 19 2020 16 49 69 29.64 10 4
03 19 2020 17 48 71 29.64 8 4
03 19 2020 18 48 71 29.63 7 4
03 19 2020 19 47 74 29.64 8 4
03 19 2020 20 47 74 29.62 12 4
03 19 2020 21 46 79 29.60 10 4
03 20 2020 07 52 89 29.27 8 4
03 20 2020 08 55 86 29.25 7 3
03 20 2020 09 57 83 29.24 6 4
03 20 2020 10 59 81 29.22 5 4
03 20 2020 11 61 78 29.18 3 4
03 20 2020 12 61 81 29.15 8 4
03 20 2020 13 64 72 29.12 14 4
03 20 2020 14 68 68 29.11 20 3
03 20 2020 15 71 61 29.05 18 3
03 20 2020 16 64 72 29.10 31 3
03 20 2020 16 62 75 29.12 23 5
03 20 2020 17 58 65 29.19 24 2
03 20 2020 18 52 63 29.26 33 10
03 20 2020 19 49 66 29.34 21 10
03 20 2020 20 45 68 29.43 20 4
03 20 2020 20 45 65 29.44 21 10
03 20 2020 21 43 65 29.49 17 4
03 21 2020 07 24 69 29.81 14 0
03 21 2020 08 24 65 29.85 10 2
03 21 2020 09 25 60 29.88 9 0
03 21 2020 10 26 55 29.91 9 0
03 21 2020 11 29 49 29.93 3 0
03 21 2020 12 32 40 29.93 8 0
03 21 2020 13 35 34 29.92 7 0
03 21 2020 14 36 34 29.91 6 0
03 21 2020 15 37 36 29.89 8 0
03 21 2020 16 38 35 29.89 8 0
03 21 2020 17 37 33 29.89 13 0
03 21 2020 18 36 33 29.91 10 0
03 21 2020 19 33 35 29.92 9 0
03 21 2020 20 30 40 29.95 9 0
03 21 2020 21 29 43 29.97 10 0
03 22 2020 07 16 71 30.13 0 0
03 22 2020 08 18 71 30.14 0 0
03 22 2020 09 25 49 30.15 5 0
03 22 2020 10 26 49 30.15 0 0
03 22 2020 11 30 43 30.15 7 0
03 22 2020 12 32 38 30.15 5 0
03 22 2020 13 34 37 30.14 5 0
03 22 2020 14 37 36 30.12 8 0
03 22 2020 15 38 36 30.09 10 0
03 22 2020 16 39 34 30.06 9 0
03 22 2020 17 40 29 30.04 12 0
03 22 2020 18 39 32 30.04 12 0
03 22 2020 19 37 30 30.04 9 0
03 22 2020 20 34 35 30.04 7 0
03 22 2020 21 33 34 30.04 12 0
03 23 2020 07 30 86 29.91 14 8
03 23 2020 07 30 85 29.90 12 8
03 23 2020 07 30 85 29.90 15 8
03 23 2020 07 30 85 29.89 14 8
03 23 2020 07 30 85 29.88 16 8
03 23 2020 08 30 85 29.88 15 8
03 23 2020 08 30 85 29.87 12 8
03 23 2020 08 30 82 29.86 16 8
03 23 2020 09 30 82 29.86 15 8
03 23 2020 09 30 82 29.86 14 8
03 23 2020 09 30 82 29.86 15 8
03 23 2020 09 30 82 29.86 13 8
03 23 2020 09 30 82 29.86 12 8
03 23 2020 09 31 76 29.85 16 4
03 23 2020 10 31 76 29.85 17 8
03 23 2020 10 31 76 29.84 14 8
03 23 2020 10 31 76 29.83 16 8
03 23 2020 11 31 79 29.82 16 8
03 23 2020 11 32 75 29.81 15 8
03 23 2020 11 32 75 29.80 14 8
03 23 2020 12 31 79 29.80 16 8
03 23 2020 12 31 82 29.78 18 8
03 23 2020 12 31 85 29.77 13 10
03 23 2020 13 31 85 29.77 12 8
03 23 2020 13 31 85 29.76 13 8
03 23 2020 13 31 85 29.76 14 10
03 23 2020 13 31 89 29.75 8 8
03 23 2020 14 31 85 29.74 10 10
03 23 2020 14 31 85 29.73 10 9
03 23 2020 14 30 93 29.72 10 9
03 23 2020 14 31 89 29.72 10 9
03 23 2020 14 30 92 29.69 12 9
03 23 2020 15 30 92 29.69 12 9
03 23 2020 15 31 89 29.66 12 9
03 23 2020 16 31 92 29.64 12 9
03 23 2020 16 31 92 29.63 10 8
03 23 2020 16 31 92 29.62 12 8
03 23 2020 17 32 85 29.62 10 8
03 23 2020 17 32 85 29.62 13 8
03 23 2020 17 32 85 29.61 14 8
03 23 2020 18 32 85 29.60 10 8
03 23 2020 19 32 82 29.58 10 8
03 23 2020 20 32 85 29.58 7 8
03 23 2020 21 31 92 29.58 0 8
03 24 2020 07 30 92 29.62 5 4
03 24 2020 07 30 92 29.63 3 4
03 24 2020 07 30 92 29.63 3 4
03 24 2020 08 30 92 29.64 5 4
03 24 2020 09 31 92 29.67 3 4
03 24 2020 09 31 92 29.67 3 4
03 24 2020 10 32 92 29.67 6 4
03 24 2020 10 33 89 29.67 6 4
03 24 2020 11 33 96 29.66 3 4
03 24 2020 11 34 89 29.66 0 4
03 24 2020 12 35 82 29.65 7 8
03 24 2020 13 36 86 29.66 3 4
03 24 2020 13 36 82 29.66 7 4
03 24 2020 13 36 82 29.66 6 4
03 24 2020 14 37 82 29.65 0 4
03 24 2020 14 37 81 29.65 6 4
03 24 2020 14 37 79 29.65 8 10
03 24 2020 14 36 86 29.65 7 10
03 24 2020 15 37 89 29.64 0 4
03 24 2020 15 37 82 29.65 3 4
03 24 2020 15 37 82 29.65 5 4
03 24 2020 16 38 73 29.64 7 4
03 24 2020 17 37 70 29.64 0 4
03 24 2020 17 38 68 29.64 0 4
03 24 2020 18 38 68 29.64 6 4
03 24 2020 19 39 62 29.65 0 4
03 24 2020 20 37 76 29.66 0 4
03 24 2020 21 36 79 29.65 0 4
03 25 2020 07 34 70 29.55 10 0
03 25 2020 08 34 70 29.56 7 3
03 25 2020 09 35 72 29.56 8 4
03 25 2020 10 36 70 29.57 12 4
03 25 2020 11 38 65 29.55 16 4
03 25 2020 12 39 65 29.56 12 3
03 25 2020 13 40 65 29.55 12 4
03 25 2020 14 41 62 29.53 9 4
03 25 2020 15 42 65 29.52 13 4
03 25 2020 16 42 67 29.52 7 4
03 25 2020 16 42 67 29.51 9 4
03 25 2020 17 42 70 29.51 9 4
03 25 2020 18 42 70 29.51 7 4
03 25 2020 19 41 76 29.51 8 4
03 25 2020 20 39 79 29.51 6 4
03 25 2020 20 38 79 29.51 6 2
03 25 2020 21 38 79 29.52 5 0
03 26 2020 07 32 88 29.47 7 0
03 26 2020 08 32 88 29.47 7 0
03 26 2020 09 38 79 29.47 6 4
03 26 2020 10 40 77 29.47 9 3
03 26 2020 11 45 71 29.45 9 4
03 26 2020 12 49 66 29.40 10 0
03 26 2020 13 54 62 29.36 9 0
03 26 2020 14 58 56 29.32 7 0
03 26 2020 15 60 49 29.27 9 0
03 26 2020 16 62 46 29.25 7 0
03 26 2020 16 62 46 29.25 14 0
03 26 2020 17 62 43 29.23 9 2
03 26 2020 18 60 47 29.20 7 4
03 26 2020 19 59 49 29.20 0 4
03 26 2020 20 51 71 29.19 3 4
03 26 2020 21 51 66 29.20 0 3
03 27 2020 07 38 76 29.36 7 4
03 27 2020 08 38 76 29.38 5 4
03 27 2020 09 39 73 29.41 10 4
03 27 2020 10 40 70 29.42 6 4
03 27 2020 11 42 67 29.46 10 4
03 27 2020 12 43 65 29.45 8 4
03 27 2020 12 44 65 29.45 9 4
03 27 2020 13 46 61 29.46 12 3
03 27 2020 14 47 61 29.45 14 2
03 27 2020 15 48 56 29.45 13 0
03 27 2020 16 49 54 29.45 13 0
03 27 2020 17 49 52 29.44 10 0
03 27 2020 18 49 48 29.47 12 0
03 27 2020 19 47 48 29.49 10 0
03 27 2020 20 40 53 29.51 6 0
03 27 2020 21 39 57 29.53 5 0
03 28 2020 07 32 73 29.53 7 0
03 28 2020 08 35 67 29.54 8 0
03 28 2020 09 39 65 29.54 7 0
03 28 2020 10 41 60 29.55 7 0
03 28 2020 11 44 53 29.55 8 2
03 28 2020 12 47 44 29.54 13 3
03 28 2020 13 47 46 29.54 10 4
03 28 2020 14 44 63 29.51 10 5
03 28 2020 15 44 73 29.51 8 5
03 28 2020 16 45 76 29.48 15 5
03 28 2020 17 44 79 29.49 12 5
03 28 2020 18 45 76 29.47 10 4
03 28 2020 19 44 79 29.49 9 4
03 28 2020 20 45 76 29.50 8 4
03 28 2020 20 44 76 29.51 9 4
03 28 2020 21 43 86 29.53 10 5
03 28 2020 21 42 89 29.53 10 5
03 29 2020 07 44 85 29.43 13 6
03 29 2020 07 44 85 29.43 12 5
03 29 2020 07 44 85 29.43 14 6
03 29 2020 08 44 89 29.40 14 6
03 29 2020 08 44 89 29.40 17 5
03 29 2020 09 45 86 29.39 15 5
03 29 2020 09 45 86 29.39 16 5
03 29 2020 10 46 86 29.37 14 4
03 29 2020 11 46 86 29.34 15 5
03 29 2020 12 47 86 29.31 18 4
03 29 2020 13 49 83 29.28 17 4
03 29 2020 13 49 83 29.27 18 4
03 29 2020 14 50 80 29.23 17 4
03 29 2020 15 50 80 29.22 16 4
03 29 2020 16 51 80 29.20 13 4
03 29 2020 17 52 80 29.20 13 4
03 29 2020 18 51 80 29.20 13 5
03 29 2020 19 50 86 29.25 5 4
03 29 2020 20 49 90 29.27 13 10
03 29 2020 20 49 90 29.28 8 10
03 29 2020 20 49 90 29.27 10 4
03 29 2020 21 49 90 29.28 13 4
03 30 2020 07 43 93 29.31 15 4
03 30 2020 07 43 89 29.30 16 4
03 30 2020 08 44 89 29.31 10 4
03 30 2020 08 44 89 29.31 10 4
03 30 2020 09 44 85 29.32 12 4
03 30 2020 09 44 89 29.33 8 5
03 30 2020 10 44 89 29.33 3 6
03 30 2020 10 44 93 29.32 8 6
03 30 2020 11 45 93 29.33 6 6
03 30 2020 12 47 90 29.33 5 5
03 30 2020 12 47 90 29.33 3 5
03 30 2020 13 48 83 29.32 0 5
03 30 2020 13 48 83 29.33 5 5
03 30 2020 14 49 77 29.32 8 4
03 30 2020 14 50 74 29.32 9 3
03 30 2020 15 50 71 29.32 12 5
03 30 2020 16 48 80 29.33 9 5
03 30 2020 16 48 80 29.34 12 5
03 30 2020 16 48 80 29.35 9 5
03 30 2020 17 47 83 29.35 7 5
03 30 2020 18 46 83 29.37 8 4
03 30 2020 18 46 83 29.37 7 5
03 30 2020 19 44 85 29.40 7 5
03 30 2020 19 44 85 29.40 5 4
03 30 2020 20 44 85 29.41 0 5
03 30 2020 20 44 89 29.42 0 5
03 30 2020 20 44 89 29.42 0 5
03 30 2020 20 43 93 29.43 0 5
03 30 2020 21 43 93 29.44 0 5
03 31 2020 07 40 93 29.49 8 4
03 31 2020 07 40 93 29.49 8 5
03 31 2020 07 40 93 29.50 6 5
03 31 2020 08 39 93 29.51 5 1
03 31 2020 08 39 93 29.51 6 4
03 31 2020 08 40 89 29.51 6 4
03 31 2020 09 40 89 29.51 8 4
03 31 2020 10 41 82 29.51 9 4
03 31 2020 11 42 79 29.51 8 4
03 31 2020 11 42 79 29.51 9 4
03 31 2020 12 43 76 29.50 8 4
03 31 2020 13 45 74 29.49 12 4
03 31 2020 14 46 71 29.47 7 4
03 31 2020 15 48 66 29.46 10 3
03 31 2020 15 48 63 29.46 7 3
03 31 2020 16 50 59 29.44 6 3
03 31 2020 17 51 56 29.42 7 4
03 31 2020 18 50 57 29.41 3 4
03 31 2020 19 48 63 29.42 6 4
03 31 2020 19 47 71 29.42 7 5
03 31 2020 20 46 73 29.42 7 4
03 31 2020 20 45 74 29.43 6 4
03 31 2020 21 45 74 29.43 8 5
03 31 2020 21 43 86 29.43 6 5
04 01 2020 07 34 89 29.35 0 4
04 01 2020 08 35 85 29.37 3 3
04 01 2020 09 39 73 29.35 0 3
04 01 2020 10 42 60 29.35 0 3
04 01 2020 11 44 55 29.34 3 0
04 01 2020 12 46 51 29.33 5 0
04 01 2020 13 47 50 29.31 6 3
04 01 2020 14 47 46 29.30 0 3
04 01 2020 15 49 43 29.28 10 4
04 01 2020 16 48 44 29.27 8 4
04 01 2020 17 50 36 29.27 8 4
04 01 2020 18 49 38 29.29 14 0
04 01 2020 19 45 48 29.30 15 0
04 01 2020 20 42 51 29.33 13 2
04 01 2020 21 39 57 29.35 6 0
04 02 2020 07 31 79 29.34 7 3
04 02 2020 08 37 67 29.34 12 4
04 02 2020 09 38 68 29.34 6 4
04 02 2020 10 43 56 29.34 12 4
04 02 2020 11 45 53 29.32 17 4
04 02 2020 12 47 50 29.31 17 3
04 02 2020 13 49 46 29.29 17 0
04 02 2020 14 51 44 29.28 17 3
04 02 2020 15 53 43 29.26 20 3
04 02 2020 16 50 48 29.26 21 10
04 02 2020 17 50 48 29.26 22 3
04 02 2020 18 49 50 29.27 22 0
04 02 2020 19 48 52 29.28 15 4
04 02 2020 20 46 56 29.28 15 4
04 02 2020 21 45 58 29.28 15 2
04 03 2020 07 40 83 29.24 9 5
04 03 2020 08 40 89 29.26 8 5
04 03 2020 09 40 93 29.27 9 5
04 03 2020 09 41 89 29.27 8 5
04 03 2020 10 41 89 29.28 8 5
04 03 2020 10 41 93 29.28 8 5
04 03 2020 10 41 93 29.28 9 6
04 03 2020 11 44 89 29.29 7 5
04 03 2020 11 44 89 29.30 8 4
04 03 2020 12 46 89 29.29 8 4
04 03 2020 13 48 77 29.30 8 4
04 03 2020 14 48 77 29.31 8 4
04 03 2020 15 49 80 29.31 8 6
04 03 2020 16 50 77 29.32 9 4
04 03 2020 17 50 77 29.33 12 4
04 03 2020 18 50 74 29.35 8 4
04 03 2020 19 49 74 29.38 9 4
04 03 2020 19 49 74 29.38 7 4
04 03 2020 19 48 77 29.38 5 4
04 03 2020 20 48 77 29.39 7 4
04 03 2020 20 47 80 29.39 6 4
04 03 2020 21 46 86 29.41 6 4
04 03 2020 21 46 86 29.41 6 4
04 04 2020 07 43 93 29.48 0 4
04 04 2020 08 44 93 29.49 3 4
04 04 2020 09 45 90 29.51 0 4
04 04 2020 10 46 89 29.51 0 4
04 04 2020 11 48 87 29.51 0 4
04 04 2020 11 49 80 29.51 0 4
04 04 2020 12 54 69 29.51 6 4
04 04 2020 12 53 66 29.50 3 3
04 04 2020 13 55 64 29.49 5 4
04 04 2020 13 54 66 29.48 5 4
04 04 2020 14 54 66 29.48 8 4
04 04 2020 14 54 66 29.49 8 4
04 04 2020 14 55 64 29.49 6 4
04 04 2020 15 54 66 29.49 9 4
04 04 2020 15 55 64 29.48 7 4
04 04 2020 15 55 64 29.48 6 4
04 04 2020 16 56 62 29.46 5 4
04 04 2020 17 57 59 29.45 6 4
04 04 2020 18 56 62 29.45 6 4
04 04 2020 19 55 64 29.46 8 4
04 04 2020 20 54 69 29.47 6 4
04 04 2020 21 53 69 29.48 5 4
04 05 2020 07 47 83 29.47 3 4
04 05 2020 08 48 83 29.49 0 4
04 05 2020 09 49 80 29.49 0 4
04 05 2020 10 51 74 29.49 0 4
04 05 2020 11 52 76 29.50 5 5
04 05 2020 11 52 71 29.50 3 4
04 05 2020 11 52 71 29.50 6 4
04 05 2020 12 53 69 29.49 7 4
04 05 2020 13 53 69 29.48 7 4
04 05 2020 14 53 69 29.48 9 4
04 05 2020 15 54 66 29.47 8 4
04 05 2020 15 54 66 29.47 12 4
04 05 2020 15 55 64 29.47 10 4
04 05 2020 16 56 62 29.47 13 4
04 05 2020 16 55 62 29.47 13 3
04 05 2020 17 55 63 29.47 15 4
04 05 2020 17 55 62 29.47 16 4
04 05 2020 17 54 62 29.48 16 3
04 05 2020 18 53 64 29.49 16 3
04 05 2020 19 52 63 29.49 10 4
04 05 2020 19 51 68 29.50 12 4
04 05 2020 19 51 68 29.50 12 4
04 05 2020 19 50 68 29.50 10 4
04 05 2020 20 48 71 29.51 8 2
04 05 2020 21 43 80 29.52 6 0
04 06 2020 07 31 92 29.56 0 0
04 06 2020 08 35 92 29.58 0 0
04 06 2020 09 40 79 29.59 3 0
04 06 2020 10 44 60 29.59 3 0
04 06 2020 11 47 48 29.57 5 0
04 06 2020 12 51 39 29.55 7 0
04 06 2020 13 53 34 29.53 8 0
04 06 2020 14 54 33 29.51 13 0
04 06 2020 15 55 28 29.49 10 0
04 06 2020 16 55 30 29.48 9 0
04 06 2020 17 55 24 29.47 17 0
04 06 2020 18 53 24 29.47 13 0
04 06 2020 19 50 29 29.46 13 0
04 06 2020 20 47 33 29.46 8 0
04 06 2020 21 45 36 29.46 5 0
04 07 2020 07 36 82 29.42 0 3
04 07 2020 08 41 76 29.42 0 3
04 07 2020 09 46 63 29.42 3 0
04 07 2020 10 50 46 29.41 3 0
04 07 2020 11 53 38 29.41 6 0
04 07 2020 12 56 37 29.38 10 0
04 07 2020 13 57 36 29.35 7 2
04 07 2020 14 60 33 29.32 14 0
04 07 2020 15 61 31 29.27 12 0
04 07 2020 16 60 28 29.25 14 0
04 07 2020 17 59 29 29.23 13 0
04 07 2020 18 57 33 29.22 10 4
04 07 2020 19 56 32 29.20 7 4
04 07 2020 20 54 37 29.19 0 4
04 07 2020 21 52 49 29.19 5 4
04 08 2020 07 44 85 29.03 5 4
04 08 2020 08 44 85 29.07 0 4
04 08 2020 09 44 82 29.06 3 4
04 08 2020 10 45 80 29.07 5 4
04 08 2020 11 44 82 29.09 0 4
04 08 2020 12 45 86 29.10 0 4
04 08 2020 12 46 83 29.09 0 4
04 08 2020 12 46 83 29.09 0 4
04 08 2020 12 46 79 29.09 0 4
04 08 2020 13 46 83 29.09 3 4
04 08 2020 13 47 80 29.09 0 4
04 08 2020 13 47 83 29.09 3 4
04 08 2020 13 48 77 29.09 6 4
04 08 2020 14 49 77 29.10 9 4
04 08 2020 15 50 74 29.09 5 4
04 08 2020 16 51 68 29.09 9 4
04 08 2020 17 50 68 29.09 8 4
04 08 2020 18 50 66 29.09 8 4
04 08 2020 18 50 63 29.10 9 4
04 08 2020 19 49 66 29.10 8 4
04 08 2020 19 49 66 29.10 8 4
04 08 2020 20 46 73 29.11 5 3
04 08 2020 21 43 80 29.12 0 4
04 09 2020 07 44 82 28.83 9 4
04 09 2020 08 45 82 28.77 10 4
04 09 2020 09 46 83 28.68 13 5
04 09 2020 09 46 83 28.69 12 6
04 09 2020 10 45 93 28.65 5 5
04 09 2020 10 46 89 28.65 7 5
04 09 2020 11 48 86 28.64 7 6
04 09 2020 12 48 80 28.66 24 5
04 09 2020 12 47 80 28.67 20 4
04 09 2020 12 46 79 28.68 21 5
04 09 2020 12 44 85 28.68 20 5
04 09 2020 13 43 82 28.72 16 4
04 09 2020 13 42 79 28.74 25 10
04 09 2020 14 39 82 28.75 28 10
04 09 2020 14 38 86 28.75 22 5
04 09 2020 14 39 82 28.77 21 5
04 09 2020 15 40 79 28.78 20 4
04 09 2020 15 41 76 28.78 17 4
04 09 2020 16 45 65 28.77 21 10
04 09 2020 17 45 48 28.77 24 3
04 09 2020 18 46 46 28.77 28 2
04 09 2020 19 43 51 28.78 23 0
04 09 2020 20 41 53 28.80 18 0
04 09 2020 21 40 58 28.80 16 0
04 10 2020 07 33 89 28.74 21 8
04 10 2020 07 33 89 28.75 21 8
04 10 2020 07 33 89 28.75 18 8
04 10 2020 07 34 81 28.75 18 8
04 10 2020 07 33 85 28.75 16 8
04 10 2020 07 33 85 28.75 17 8
04 10 2020 07 33 89 28.75 14 8
04 10 2020 07 33 89 28.75 15 8
04 10 2020 08 33 89 28.75 14 8
04 10 2020 08 33 89 28.75 14 8
04 10 2020 08 33 92 28.75 13 8
04 10 2020 09 34 89 28.75 17 8
04 10 2020 09 33 92 28.76 14 8
04 10 2020 09 33 92 28.76 14 8
04 10 2020 09 34 89 28.76 16 8
04 10 2020 09 34 89 28.76 18 8
04 10 2020 09 34 92 28.76 14 8
04 10 2020 10 35 89 28.77 14 8
04 10 2020 10 34 93 28.77 17 8
04 10 2020 10 34 92 28.77 15 8
04 10 2020 11 35 89 28.78 15 8
04 10 2020 11 36 89 28.79 16 8
04 10 2020 12 36 93 28.81 16 8
04 10 2020 12 38 86 28.82 21 5
04 10 2020 13 38 86 28.83 22 5
04 10 2020 14 40 86 28.86 23 5
04 10 2020 14 39 86 28.87 20 4
04 10 2020 15 38 76 28.93 21 10
04 10 2020 15 40 73 28.94 20 4
04 10 2020 16 41 70 28.96 20 4
04 10 2020 16 40 70 28.97 16 4
04 10 2020 17 41 67 28.98 16 4
04 10 2020 18 40 68 29.03 16 4
04 10 2020 19 38 79 29.07 17 5
04 10 2020 19 38 79 29.07 14 5
04 10 2020 20 39 73 29.10 14 4
04 10 2020 21 39 73 29.13 12 4
04 11 2020 07 29 85 29.29 7 0
04 11 2020 08 34 79 29.32 10 0
04 11 2020 09 37 67 29.33 15 2
04 11 2020 10 39 60 29.33 15 2
04 11 2020 11 39 55 29.36 15 4
04 11 2020 12 39 65 29.36 15 4
04 11 2020 13 39 67 29.37 14 8
04 11 2020 14 41 53 29.37 20 4
04 11 2020 15 42 47 29.37 15 4
04 11 2020 16 44 40 29.37 18 3
04 11 2020 17 43 38 29.38 20 0
04 11 2020 18 44 40 29.40 22 0
04 11 2020 19 42 38 29.42 13 0
04 11 2020 20 39 45 29.44 7 0
04 11 2020 21 35 52 29.46 0 0
04 12 2020 07 28 81 29.54 6 0
04 12 2020 08 32 79 29.55 3 0
04 12 2020 09 40 63 29.55 8 0
04 12 2020 10 46 51 29.54 8 0
04 12 2020 11 52 41 29.54 8 2
04 12 2020 12 53 37 29.53 9 4
04 12 2020 13 54 37 29.51 8 4
04 12 2020 14 56 36 29.51 8 4
04 12 2020 15 59 33 29.47 12 4
04 12 2020 16 60 33 29.46 12 4
04 12 2020 17 60 30 29.46 6 4
04 12 2020 18 60 32 29.43 8 4
04 12 2020 19 58 36 29.42 7 3
04 12 2020 20 57 36 29.42 8 4
04 12 2020 21 56 40 29.42 8 4
04 13 2020 07 55 83 29.06 14 4
04 13 2020 08 56 80 29.03 17 4
04 13 2020 08 57 77 29.02 14 4
04 13 2020 09 59 72 28.98 12 4
04 13 2020 10 59 75 28.97 12 4
04 13 2020 10 60 72 28.95 12 4
04 13 2020 11 61 75 28.92 12 4
04 13 2020 11 60 78 28.91 15 5
04 13 2020 12 61 78 28.88 15 4
04 13 2020 12 61 78 28.87 16 4
04 13 2020 13 61 81 28.83 15 4
04 13 2020 13 61 82 28.83 17 4
04 13 2020 13 61 81 28.83 14 4
04 13 2020 14 62 80 28.80 12 4
04 13 2020 14 62 80 28.79 12 4
04 13 2020 15 65 75 28.77 10 4
04 13 2020 15 65 75 28.76 10 4
04 13 2020 15 68 70 28.75 14 4
04 13 2020 16 65 81 28.74 15 4
04 13 2020 16 65 81 28.78 23 5
04 13 2020 16 63 84 28.78 28 5
04 13 2020 16 62 80 28.80 26 5
04 13 2020 17 61 83 28.81 21 5
04 13 2020 17 61 83 28.84 23 5
04 13 2020 17 58 87 28.90 18 5
04 13 2020 18 58 84 28.91 20 4
04 13 2020 18 58 81 28.93 20 4
04 13 2020 18 58 78 28.95 17 4
04 13 2020 19 56 80 29.01 23 5
04 13 2020 19 50 86 29.07 24 5
04 13 2020 19 49 86 29.10 25 5
04 13 2020 20 47 80 29.14 28 5
04 13 2020 21 46 71 29.22 23 10
04 13 2020 21 46 68 29.24 22 10
04 14 2020 07 39 60 29.51 20 2
04 14 2020 08 38 60 29.53 15 0
04 14 2020 09 38 55 29.56 15 3
04 14 2020 10 40 51 29.56 15 3
04 14 2020 11 41 41 29.56 22 0
04 14 2020 12 42 41 29.57 15 3
04 14 2020 13 43 40 29.55 12 2
04 14 2020 14 44 34 29.54 13 0
04 14 2020 15 44 31 29.52 12 0
04 14 2020 16 45 29 29.50 9 0
04 14 2020 17 44 35 29.47 8 0
04 14 2020 18 44 34 29.45 0 0
04 14 2020 19 44 35 29.46 0 2
04 14 2020 20 42 41 29.44 0 3
04 14 2020 21 39 57 29.45 3 4
04 15 2020 07 29 92 29.47 3 3
04 15 2020 07 29 92 29.47 3 4
04 15 2020 08 32 88 29.48 0 2
04 15 2020 09 34 73 29.47 8 3
04 15 2020 10 35 64 29.46 9 4
04 15 2020 11 32 85 29.46 15 8
04 15 2020 11 32 85 29.46 14 8
04 15 2020 11 34 85 29.45 9 8
04 15 2020 11 35 82 29.45 8 3
04 15 2020 12 40 51 29.43 14 3
04 15 2020 13 41 49 29.42 14 3
04 15 2020 14 41 43 29.41 15 3
04 15 2020 15 42 37 29.37 14 0
04 15 2020 16 41 40 29.35 10 4
04 15 2020 17 43 40 29.34 12 4
04 15 2020 18 42 43 29.35 14 4
04 15 2020 19 39 53 29.36 10 4
04 15 2020 20 35 59 29.37 8 0
04 15 2020 21 35 59 29.40 8 3
04 16 2020 07 26 88 29.51 5 0
04 16 2020 08 28 81 29.54 3 0
04 16 2020 09 31 76 29.55 9 8
04 16 2020 09 30 79 29.55 10 8
04 16 2020 09 30 82 29.56 8 8
04 16 2020 09 31 79 29.55 10 8
04 16 2020 10 32 75 29.56 10 3
04 16 2020 10 32 75 29.56 17 8
04 16 2020 10 33 72 29.55 16 4
04 16 2020 11 34 73 29.56 14 4
04 16 2020 12 32 79 29.57 0 8
04 16 2020 12 30 80 29.56 13 8
04 16 2020 12 32 75 29.56 10 8
04 16 2020 12 33 75 29.56 9 8
04 16 2020 13 37 52 29.55 12 3
04 16 2020 14 38 44 29.55 15 4
04 16 2020 15 39 41 29.56 16 4
04 16 2020 16 38 53 29.56 13 3
04 16 2020 17 39 43 29.55 17 3
04 16 2020 18 38 38 29.55 17 3
04 16 2020 19 37 52 29.56 15 4
04 16 2020 20 35 59 29.58 10 3
04 16 2020 21 33 72 29.61 21 8
04 16 2020 21 31 85 29.61 14 8
04 16 2020 21 30 86 29.61 13 8
04 16 2020 21 31 85 29.61 10 8
04 16 2020 21 31 85 29.61 10 8
04 16 2020 21 31 85 29.62 12 4
04 17 2020 07 27 89 29.66 0 3
04 17 2020 08 29 89 29.67 0 2
04 17 2020 09 35 70 29.67 10 0
04 17 2020 10 38 62 29.66 12 4
04 17 2020 11 40 47 29.65 17 2
04 17 2020 12 42 38 29.62 14 0
04 17 2020 13 43 37 29.60 14 2
04 17 2020 14 43 35 29.57 14 0
04 17 2020 15 43 35 29.54 13 0
04 17 2020 16 43 37 29.52 7 0
04 17 2020 17 42 35 29.50 6 2
04 17 2020 18 42 35 29.49 6 4
04 17 2020 19 41 47 29.48 10 4
04 17 2020 20 38 70 29.47 9 4
04 17 2020 21 37 76 29.48 5 10
04 18 2020 07 34 82 29.30 3 4
04 18 2020 08 34 85 29.33 5 8
04 18 2020 08 34 85 29.33 7 8
04 18 2020 08 34 85 29.34 6 8
04 18 2020 09 35 85 29.34 5 8
04 18 2020 09 35 85 29.34 6 8
04 18 2020 09 35 85 29.34 5 4
04 18 2020 10 37 76 29.35 7 4
04 18 2020 11 39 76 29.35 7 4
04 18 2020 11 40 70 29.35 8 4
04 18 2020 11 40 70 29.35 8 4
04 18 2020 12 40 68 29.35 7 4
04 18 2020 12 40 65 29.35 3 4
04 18 2020 12 41 65 29.35 5 4
04 18 2020 13 42 58 29.34 8 4
04 18 2020 14 43 62 29.32 9 4
04 18 2020 15 46 47 29.30 9 4
04 18 2020 16 47 39 29.29 14 4
04 18 2020 17 47 36 29.30 21 0
04 18 2020 18 46 35 29.31 13 0
04 18 2020 19 44 37 29.32 14 0
04 18 2020 20 39 45 29.32 6 0
04 18 2020 21 35 57 29.33 0 0
04 19 2020 07 32 75 29.25 0 2
04 19 2020 08 40 63 29.25 8 0
04 19 2020 09 47 54 29.22 5 3
04 19 2020 10 52 47 29.19 12 0
04 19 2020 11 54 43 29.17 10 0
04 19 2020 12 58 39 29.15 12 0
04 19 2020 13 60 39 29.11 20 3
04 19 2020 14 58 41 29.09 15 4
04 19 2020 15 54 55 29.10 17 5
04 19 2020 16 47 80 29.11 12 5
04 19 2020 17 46 83 29.12 8 6
04 19 2020 18 45 90 29.13 7 6
04 19 2020 18 45 90 29.13 7 6
04 19 2020 19 44 93 29.14 5 6
04 19 2020 19 44 93 29.14 3 6
04 19 2020 19 44 93 29.13 3 7
04 19 2020 19 44 89 29.12 9 5
04 19 2020 20 45 86 29.14 8 5
04 19 2020 21 45 87 29.17 0 4
04 19 2020 21 44 89 29.17 0 4
04 19 2020 21 45 90 29.18 6 5
04 20 2020 07 30 72 29.27 7 0
04 20 2020 08 33 61 29.28 6 0
04 20 2020 09 34 56 29.26 7 0
04 20 2020 10 37 52 29.25 6 0
04 20 2020 11 39 46 29.24 3 2
04 20 2020 12 41 47 29.22 6 0
04 20 2020 13 44 43 29.20 8 0
04 20 2020 14 46 39 29.17 6 0
04 20 2020 15 48 37 29.15 6 0
04 20 2020 16 49 38 29.12 10 0
04 20 2020 17 49 38 29.11 8 0
04 20 2020 18 49 36 29.11 10 0
04 20 2020 19 47 36 29.11 10 0
04 20 2020 20 43 47 29.13 12 0
04 20 2020 21 38 53 29.14 6 0
04 21 2020 07 39 55 28.88 10 3
04 21 2020 08 41 51 28.83 9 4
04 21 2020 09 42 60 28.86 6 5
04 21 2020 10 47 63 28.85 17 5
04 21 2020 11 49 59 28.84 13 4
04 21 2020 11 39 82 28.90 31 6
04 21 2020 11 38 83 28.91 20 6
04 21 2020 11 39 82 28.92 15 5
04 21 2020 12 40 83 28.93 16 4
04 21 2020 13 42 65 28.93 16 4
04 21 2020 13 45 53 28.94 20 3
04 21 2020 14 44 42 28.96 28 10
04 21 2020 15 44 40 28.97 22 10
04 21 2020 18 41 42 29.04 221 3
04 21 2020 19 38 43 29.07 23 3
04 21 2020 20 36 48 29.09 28 10
04 21 2020 21 34 59 29.13 23 10
04 22 2020 07 29 78 29.23 13 8
04 22 2020 08 30 66 29.25 13 4
04 22 2020 09 31 61 29.27 26 8
04 22 2020 10 32 52 29.29 23 10
04 22 2020 11 34 44 29.30 29 3
04 22 2020 12 35 40 29.33 23 3
04 22 2020 13 38 36 29.33 30 2
04 22 2020 14 37 41 29.34 22 3
04 22 2020 15 39 36 29.34 25 10
04 22 2020 16 39 36 29.35 25 3
04 22 2020 17 37 37 29.36 23 3
04 22 2020 18 38 35 29.38 26 0
04 22 2020 19 37 41 29.39 21 3
04 22 2020 20 35 48 29.41 18 0
04 22 2020 21 34 50 29.44 14 0
04 23 2020 07 23 78 29.51 0 0
04 23 2020 08 29 64 29.51 0 0
04 23 2020 09 33 52 29.51 0 0
04 23 2020 10 37 33 29.52 5 0
04 23 2020 11 40 33 29.51 0 0
04 23 2020 12 41 32 29.51 0 0
04 23 2020 13 44 32 29.50 3 3
04 23 2020 14 45 30 29.49 6 0
04 23 2020 15 47 27 29.45 6 0
04 23 2020 16 49 27 29.42 3 0
04 23 2020 17 48 26 29.40 3 2
04 23 2020 18 48 29 29.41 6 4
04 23 2020 19 47 34 29.41 7 4
04 23 2020 19 46 40 29.41 12 4
04 23 2020 20 44 49 29.41 6 4
04 23 2020 21 43 56 29.39 6 4
04 24 2020 07 43 60 29.28 7 4
04 24 2020 08 43 62 29.28 6 4
04 24 2020 09 42 70 29.27 9 5
04 24 2020 10 42 73 29.27 5 5
04 24 2020 11 44 68 29.27 6 4
04 24 2020 12 44 73 29.27 5 5
04 24 2020 13 46 68 29.27 0 5
04 24 2020 14 46 68 29.27 5 5
04 24 2020 15 48 66 29.27 3 4
04 24 2020 16 49 59 29.27 3 4
04 24 2020 17 51 56 29.26 0 4
04 24 2020 18 51 56 29.27 5 4
04 24 2020 19 51 56 29.28 5 4
04 24 2020 20 49 64 29.30 3 4
04 24 2020 21 49 39 29.32 8 4
04 25 2020 07 34 73 29.51 0 0
04 25 2020 08 42 60 29.53 5 0
04 25 2020 09 45 49 29.54 6 0
04 25 2020 10 49 43 29.53 5 0
04 25 2020 11 54 38 29.52 6 0
04 25 2020 12 56 36 29.52 0 0
04 25 2020 13 59 35 29.51 6 0
04 25 2020 14 62 31 29.51 7 0
04 25 2020 15 62 29 29.49 5 0
04 25 2020 16 64 27 29.48 3 0
04 25 2020 17 63 30 29.47 7 0
04 25 2020 18 63 27 29.46 0 0
04 25 2020 19 62 30 29.46 3 0
04 25 2020 20 59 36 29.46 0 0
04 25 2020 21 50 54 29.47 3 0
04 26 2020 07 47 74 29.44 8 4
04 26 2020 08 48 68 29.44 0 4
04 26 2020 09 49 66 29.46 3 4
04 26 2020 10 48 63 29.47 7 5
04 26 2020 11 48 54 29.47 12 5
04 26 2020 12 49 50 29.46 10 5
04 26 2020 13 50 57 29.44 13 5
04 26 2020 14 48 66 29.43 9 5
04 26 2020 15 47 74 29.42 12 5
04 26 2020 16 42 89 29.40 6 5
04 26 2020 17 44 85 29.40 5 6
04 26 2020 17 44 85 29.40 7 5
04 26 2020 18 44 85 29.40 3 5
04 26 2020 18 45 82 29.40 5 5
04 26 2020 19 45 82 29.40 5 5
04 26 2020 19 43 89 29.39 3 5
04 26 2020 20 42 92 29.40 3 5
04 26 2020 21 42 89 29.40 5 5
04 27 2020 07 41 86 29.45 8 5
04 27 2020 08 41 86 29.46 6 5
04 27 2020 09 42 82 29.48 8 5
04 27 2020 10 42 82 29.49 8 4
04 27 2020 11 43 80 29.49 10 4
04 27 2020 12 44 76 29.48 9 4
04 27 2020 13 44 76 29.49 7 5
04 27 2020 14 44 76 29.50 9 5
04 27 2020 15 45 80 29.51 10 5
04 27 2020 15 45 76 29.51 10 5
04 27 2020 16 44 79 29.51 12 5
04 27 2020 17 45 74 29.52 9 4
04 27 2020 18 44 73 29.54 6 5
04 27 2020 18 43 80 29.55 0 5
04 27 2020 19 43 82 29.56 3 5
04 27 2020 19 43 80 29.56 3 5
04 27 2020 20 42 82 29.57 0 4
04 27 2020 21 42 79 29.59 0 4
04 28 2020 07 28 92 29.61 3 1
04 28 2020 07 29 96 29.61 5 1
04 28 2020 07 30 96 29.61 5 0
04 28 2020 07 30 96 29.62 5 2
04 28 2020 08 31 96 29.62 5 1
04 28 2020 08 31 96 29.63 3 1
04 28 2020 08 32 100 29.63 3 1
04 28 2020 08 32 100 29.62 5 1
04 28 2020 08 32 100 29.63 3 1
04 28 2020 08 33 100 29.63 0 1
04 28 2020 09 35 96 29.63 0 1
04 28 2020 09 36 93 29.63 0 0
04 28 2020 09 36 97 29.63 0 0
04 28 2020 10 44 73 29.61 0 0
04 28 2020 11 46 66 29.61 0 0
04 28 2020 12 51 54 29.60 3 0
04 28 2020 13 54 45 29.57 8 0
04 28 2020 14 57 36 29.55 6 3
04 28 2020 15 57 34 29.54 6 3
04 28 2020 16 57 37 29.54 0 0
04 28 2020 17 58 39 29.53 7 0
04 28 2020 18 58 39 29.55 8 4
04 28 2020 19 58 37 29.53 3 0
04 28 2020 20 55 37 29.54 3 0
04 28 2020 21 47 61 29.55 3 0
04 29 2020 07 45 53 29.59 12 0
04 29 2020 08 48 52 29.60 12 0
04 29 2020 09 54 45 29.60 18 0
04 29 2020 10 56 44 29.58 10 0
04 29 2020 11 55 45 29.58 16 3
04 29 2020 12 56 47 29.57 15 4
04 29 2020 13 58 44 29.55 16 4
04 29 2020 14 61 39 29.54 17 4
04 29 2020 15 63 38 29.53 18 0
04 29 2020 16 62 41 29.51 17 4
04 29 2020 17 62 43 29.50 22 3
04 29 2020 18 60 44 29.51 15 3
04 29 2020 19 58 46 29.50 22 0
04 29 2020 20 56 47 29.50 14 2
04 29 2020 21 55 51 29.52 15 3
04 30 2020 07 49 64 29.44 16 4
04 30 2020 08 49 69 29.42 18 4
04 30 2020 09 49 71 29.41 17 4
04 30 2020 09 49 71 29.41 15 4
04 30 2020 10 50 71 29.40 18 4
04 30 2020 10 50 71 29.39 17 4
04 30 2020 11 50 71 29.39 18 4
04 30 2020 11 50 71 29.38 26 10
04 30 2020 12 51 71 29.35 20 4
04 30 2020 13 54 66 29.32 26 10
04 30 2020 14 54 69 29.31 22 10
04 30 2020 15 54 72 29.30 20 4
04 30 2020 16 55 72 29.27 15 4
04 30 2020 17 55 74 29.25 21 10
04 30 2020 18 55 80 29.23 14 5
04 30 2020 19 55 86 29.21 17 5
04 30 2020 20 56 84 29.19 18 5
04 30 2020 21 56 84 29.18 18 5
05 01 2020 07 51 92 29.20 5 4
05 01 2020 07 51 92 29.21 6 1
05 01 2020 07 51 92 29.21 6 4
05 01 2020 08 51 92 29.21 7 4
05 01 2020 08 51 89 29.22 8 4
05 01 2020 08 51 89 29.23 5 4
05 01 2020 08 50 93 29.23 5 4
05 01 2020 09 51 86 29.24 10 4
05 01 2020 09 51 86 29.24 10 4
05 01 2020 10 51 89 29.24 8 4
05 01 2020 10 52 86 29.24 9 4
05 01 2020 11 52 86 29.24 8 4
05 01 2020 11 52 86 29.24 7 4
05 01 2020 11 53 83 29.24 9 4
05 01 2020 12 53 80 29.24 13 4
05 01 2020 12 53 80 29.24 13 4
05 01 2020 13 53 83 29.23 9 4
05 01 2020 14 53 80 29.23 12 4
05 01 2020 15 54 80 29.23 15 4
05 01 2020 16 54 77 29.23 17 4
05 01 2020 17 54 77 29.24 15 4
05 01 2020 18 52 80 29.26 13 4
05 01 2020 19 51 83 29.27 13 4
05 01 2020 20 52 83 29.29 12 4
05 01 2020 20 50 86 29.30 9 0
05 01 2020 21 48 89 29.34 5 3
05 01 2020 21 47 93 29.34 3 3
05 01 2020 21 47 90 29.35 7 2
05 02 2020 07 42 96 29.48 5 1
05 02 2020 07 42 92 29.48 6 1
05 02 2020 07 42 92 29.48 6 1
05 02 2020 07 42 92 29.48 5 4
05 02 2020 08 43 93 29.49 6 4
05 02 2020 08 45 86 29.49 5 4
05 02 2020 09 46 81 29.49 5 3
05 02 2020 09 46 83 29.49 6 2
05 02 2020 10 50 71 29.48 5 0
05 02 2020 11 55 59 29.47 9 0
05 02 2020 12 58 56 29.46 7 0
05 02 2020 13 63 48 29.44 12 0
05 02 2020 14 64 41 29.42 10 0
05 02 2020 15 65 37 29.40 7 0
05 02 2020 16 65 32 29.38 15 0
05 02 2020 17 65 32 29.36 8 0
05 02 2020 18 64 34 29.36 7 4
05 02 2020 19 63 37 29.35 5 4
05 02 2020 20 55 72 29.39 8 5
05 02 2020 21 53 83 29.36 7 4
05 03 2020 07 51 77 29.20 3 0
05 03 2020 08 56 69 29.21 12 0
05 03 2020 09 58 65 29.23 14 0
05 03 2020 10 61 56 29.23 10 0
05 03 2020 11 64 52 29.23 12 0
05 03 2020 12 66 45 29.22 6 0
05 03 2020 13 68 42 29.20 10 0
05 03 2020 14 71 36 29.18 12 0
05 03 2020 15 72 35 29.15 10 2
05 03 2020 16 74 34 29.11 14 0
05 03 2020 17 75 34 29.10 14 0
05 03 2020 18 72 35 29.10 17 0
05 03 2020 19 69 39 29.12 15 0
05 03 2020 20 65 45 29.14 13 3
05 03 2020 21 62 52 29.18 16 4
05 04 2020 07 45 74 29.18 0 4
05 04 2020 08 47 71 29.20 6 4
05 04 2020 09 47 77 29.23 8 5
05 04 2020 10 47 80 29.24 9 4
05 04 2020 10 48 71 29.25 10 4
05 04 2020 11 48 74 29.26 13 5
05 04 2020 12 48 68 29.27 10 4
05 04 2020 12 48 68 29.27 14 4
05 04 2020 13 48 68 29.29 13 4
05 04 2020 14 47 71 29.31 17 4
05 04 2020 14 47 71 29.31 15 4
05 04 2020 15 47 68 29.32 20 4
05 04 2020 16 47 63 29.33 20 4
05 04 2020 17 47 61 29.34 17 4
05 04 2020 18 47 61 29.35 12 4
05 04 2020 19 47 59 29.36 12 4
05 04 2020 20 46 63 29.39 9 4
05 04 2020 21 43 68 29.41 8 3
05 05 2020 07 32 69 29.47 7 0
05 05 2020 08 35 61 29.47 8 0
05 05 2020 09 38 55 29.47 6 0
05 05 2020 10 40 51 29.47 10 0
05 05 2020 11 43 47 29.46 12 0
05 05 2020 12 45 42 29.45 9 0
05 05 2020 13 48 37 29.42 7 0
05 05 2020 14 50 38 29.41 14 0
05 05 2020 15 49 38 29.41 15 0
05 05 2020 16 51 35 29.39 14 0
05 05 2020 17 48 36 29.40 14 0
05 05 2020 18 49 36 29.41 12 0
05 05 2020 19 48 41 29.41 9 0
05 05 2020 20 45 48 29.41 7 0
05 05 2020 21 44 47 29.42 3 0
05 06 2020 07 33 82 29.39 0 0
05 06 2020 08 38 73 29.38 3 0
05 06 2020 09 44 63 29.38 0 0
05 06 2020 10 49 48 29.37 7 0
05 06 2020 11 51 50 29.36 0 0
05 06 2020 12 51 44 29.35 8 0
05 06 2020 13 53 40 29.33 6 0
05 06 2020 14 53 41 29.31 5 4
05 06 2020 15 55 38 29.29 3 4
05 06 2020 16 57 37 29.27 0 4
05 06 2020 17 55 40 29.26 6 4
05 06 2020 18 54 40 29.26 9 4
05 06 2020 19 55 42 29.26 9 3
05 06 2020 20 52 45 29.26 12 0
05 06 2020 21 50 41 29.28 7 0
05 07 2020 07 32 88 29.28 0 0
05 07 2020 08 39 70 29.28 0 0
05 07 2020 09 45 56 29.28 8 0
05 07 2020 10 50 48 29.27 9 0
05 07 2020 11 54 41 29.26 9 0
05 07 2020 12 57 40 29.24 8 0
05 07 2020 13 59 32 29.21 15 3
05 07 2020 14 60 27 29.20 15 3
05 07 2020 15 58 30 29.18 17 4
05 07 2020 16 57 33 29.17 16 4
05 07 2020 17 57 36 29.17 13 2
05 07 2020 18 54 41 29.15 7 3
05 07 2020 19 46 71 29.19 28 10
05 07 2020 19 44 79 29.20 25 10
05 07 2020 19 43 86 29.19 5 4
05 07 2020 20 43 86 29.21 8 4
05 07 2020 20 44 82 29.22 13 4
05 07 2020 21 42 85 29.23 6 4
05 07 2020 21 42 85 29.24 5 3
05 08 2020 07 33 92 29.29 0 0
05 08 2020 08 39 79 29.29 5 0
05 08 2020 09 41 70 29.29 9 2
05 08 2020 10 43 56 29.29 15 3
05 08 2020 11 45 48 29.29 14 4
05 08 2020 12 48 44 29.26 13 3
05 08 2020 13 47 41 29.26 16 4
05 08 2020 14 45 46 29.25 13 4
05 08 2020 14 46 46 29.25 13 4
05 08 2020 15 44 43 29.23 15 4
05 08 2020 16 43 47 29.21 7 4
05 08 2020 17 40 51 29.21 14 4
05 08 2020 18 40 49 29.21 12 4
05 08 2020 19 39 50 29.20 6 4
05 08 2020 20 37 52 29.20 13 4
05 08 2020 21 36 59 29.21 14 4
05 09 2020 07 29 69 29.29 8 2
05 09 2020 08 31 67 29.29 9 0
05 09 2020 09 32 59 29.29 15 3
05 09 2020 10 32 64 29.30 20 8
05 09 2020 11 33 56 29.30 21 10
05 09 2020 12 37 50 29.30 28 10
05 09 2020 12 33 72 29.32 22 8
05 09 2020 12 35 72 29.31 21 8
05 09 2020 13 34 70 29.31 17 8
05 09 2020 13 32 79 29.32 18 8
05 09 2020 13 34 73 29.31 20 8
05 09 2020 13 34 73 29.31 20 8
05 09 2020 14 36 59 29.31 18 4
05 09 2020 15 36 52 29.30 20 4
05 09 2020 16 35 64 29.31 20 8
05 09 2020 16 33 78 29.32 15 8
05 09 2020 16 35 78 29.31 16 8
05 09 2020 16 36 76 29.31 14 8
05 09 2020 17 36 73 29.31 13 3
05 09 2020 17 35 70 29.31 16 4
05 09 2020 17 37 62 29.32 14 8
05 09 2020 18 37 59 29.34 17 2
05 09 2020 19 39 50 29.35 24 3
05 09 2020 20 37 50 29.38 18 3
05 09 2020 21 37 50 29.40 15 4
05 10 2020 07 37 70 29.45 12 4
05 10 2020 08 41 57 29.45 10 2
05 10 2020 09 41 60 29.45 14 3
05 10 2020 10 43 56 29.45 15 4
05 10 2020 11 46 50 29.44 12 2
05 10 2020 12 50 44 29.45 18 0
05 10 2020 13 47 52 29.44 15 5
05 10 2020 14 46 63 29.44 13 5
05 10 2020 15 44 73 29.45 12 5
05 10 2020 16 45 74 29.42 7 5
05 10 2020 17 46 71 29.41 16 4
05 10 2020 18 44 79 29.42 9 5
05 10 2020 19 44 82 29.41 8 4
05 10 2020 20 43 82 29.42 6 4
05 10 2020 21 43 82 29.42 0 4
05 11 2020 07 40 89 29.28 7 3
05 11 2020 08 42 85 29.28 5 4
05 11 2020 09 46 76 29.27 7 3
05 11 2020 10 48 71 29.26 5 0
05 11 2020 11 50 63 29.26 0 3
05 11 2020 12 52 63 29.25 9 0
05 11 2020 13 54 59 29.23 8 3
05 11 2020 14 51 71 29.23 13 5
05 11 2020 15 47 80 29.24 9 5
05 11 2020 15 46 83 29.24 10 5
05 11 2020 16 45 80 29.26 10 4
05 11 2020 16 45 80 29.27 9 4
05 11 2020 17 45 76 29.30 16 4
05 11 2020 17 45 74 29.30 16 4
05 11 2020 17 43 71 29.32 18 4
05 11 2020 18 42 73 29.35 15 4
05 11 2020 19 41 70 29.37 15 4
05 11 2020 20 39 79 29.39 12 4
05 11 2020 21 38 86 29.40 9 5
05 11 2020 21 38 89 29.41 9 5
05 12 2020 07 37 70 29.49 12 4
05 12 2020 08 38 70 29.49 13 3
05 12 2020 09 41 60 29.50 16 4
05 12 2020 10 43 47 29.51 18 4
05 12 2020 11 43 47 29.51 13 4
05 12 2020 12 42 49 29.51 16 4
05 12 2020 13 44 42 29.51 15 3
05 12 2020 14 46 34 29.51 15 3
05 12 2020 15 48 27 29.50 20 3
05 12 2020 16 47 27 29.51 25 2
05 12 2020 17 47 34 29.52 22 3
05 12 2020 18 44 38 29.53 22 10
05 12 2020 19 41 53 29.56 15 4
05 12 2020 20 38 68 29.58 13 4
05 12 2020 21 37 73 29.60 10 2
05 13 2020 07 27 89 29.74 0 0
05 13 2020 08 33 85 29.76 3 0
05 13 2020 09 39 76 29.77 5 0
05 13 2020 10 44 60 29.77 7 0
05 13 2020 11 49 43 29.77 12 0
05 13 2020 12 51 32 29.77 13 0
05 13 2020 13 51 33 29.76 8 0
05 13 2020 14 54 26 29.75 15 0
05 13 2020 15 54 26 29.74 17 0
05 13 2020 16 55 23 29.74 16 0
05 13 2020 17 54 26 29.74 15 0
05 13 2020 18 54 26 29.74 15 0
05 13 2020 19 52 28 29.74 12 0
05 13 2020 20 49 35 29.75 10 0
05 13 2020 21 47 36 29.76 3 0
05 14 2020 07 31 79 29.78 5 0
05 14 2020 08 38 65 29.77 6 0
05 14 2020 09 48 44 29.77 7 0
05 14 2020 10 52 38 29.75 3 0
05 14 2020 11 57 33 29.72 0 0
05 14 2020 12 60 26 29.68 5 0
05 14 2020 13 65 26 29.63 7 0
05 14 2020 14 66 25 29.60 8 3
05 14 2020 15 66 26 29.57 3 3
05 14 2020 16 67 24 29.53 8 0
05 14 2020 17 66 25 29.52 5 2
05 14 2020 18 65 27 29.50 7 4
05 14 2020 19 63 30 29.48 6 5
05 14 2020 20 62 34 29.47 5 4
05 14 2020 20 61 34 29.46 7 4
05 14 2020 21 61 34 29.46 9 4
05 15 2020 07 55 93 29.40 3 1
05 15 2020 07 55 93 29.40 0 4
05 15 2020 07 55 93 29.41 3 1
05 15 2020 07 55 93 29.41 0 4
05 15 2020 08 56 93 29.41 0 1
05 15 2020 08 56 93 29.41 3 4
05 15 2020 08 56 93 29.41 3 4
05 15 2020 08 56 93 29.41 3 1
05 15 2020 09 57 89 29.41 5 4
05 15 2020 09 57 89 29.40 7 4
05 15 2020 09 57 93 29.40 5 1
05 15 2020 09 57 93 29.41 3 4
05 15 2020 10 58 90 29.40 3 4
05 15 2020 10 58 90 29.40 5 1
05 15 2020 10 58 93 29.39 6 4
05 15 2020 11 60 90 29.37 3 4
05 15 2020 12 63 87 29.34 6 4
05 15 2020 12 66 81 29.34 0 4
05 15 2020 13 71 70 29.31 0 0
05 15 2020 14 76 62 29.26 0 0
05 15 2020 15 78 54 29.22 0 3
05 15 2020 16 79 50 29.14 9 4
05 15 2020 16 79 48 29.11 8 10
05 15 2020 16 73 66 29.18 33 10
05 15 2020 16 71 73 29.19 29 5
05 15 2020 17 66 90 29.19 16 10
05 15 2020 17 66 88 29.19 14 10
05 15 2020 17 66 90 29.20 14 10
05 15 2020 17 66 90 29.21 10 10
05 15 2020 17 66 90 29.23 12 10
05 15 2020 17 66 90 29.24 10 6
05 15 2020 17 66 90 29.26 15 7
05 15 2020 18 66 90 29.26 16 7
05 15 2020 18 65 93 29.25 13 6
05 15 2020 18 65 93 29.25 10 5
05 15 2020 18 65 90 29.25 9 4
05 15 2020 19 64 94 29.24 7 6
05 15 2020 19 65 90 29.25 10 7
05 15 2020 19 64 93 29.26 10 7
05 15 2020 19 64 93 29.26 10 6
05 15 2020 19 64 93 29.27 12 5
05 15 2020 20 64 90 29.27 13 6
05 15 2020 20 64 90 29.27 12 6
05 15 2020 20 63 93 29.27 8 5
05 15 2020 20 62 93 29.28 8 5
05 15 2020 21 62 90 29.28 9 5
05 15 2020 21 61 93 29.28 8 4
05 16 2020 07 52 93 29.53 6 2
05 16 2020 08 55 77 29.54 6 0
05 16 2020 09 57 69 29.56 13 4
05 16 2020 09 58 65 29.56 10 3
05 16 2020 09 57 67 29.58 9 3
05 16 2020 10 59 64 29.58 9 4
05 16 2020 11 59 62 29.59 9 3
05 16 2020 12 62 60 29.60 10 0
05 16 2020 13 62 60 29.60 9 0
05 16 2020 14 64 56 29.61 7 0
05 16 2020 15 65 56 29.61 7 0
05 16 2020 16 64 54 29.61 6 3
05 16 2020 17 64 54 29.61 6 4
05 16 2020 18 62 56 29.62 9 4
05 16 2020 19 60 57 29.64 7 4
05 16 2020 20 58 60 29.66 12 3
05 16 2020 21 55 67 29.66 6 0
05 17 2020 07 44 93 29.71 0 0
05 17 2020 08 47 86 29.73 0 0
05 17 2020 09 53 80 29.73 0 0
05 17 2020 10 60 62 29.71 7 0
05 17 2020 11 64 58 29.70 0 0
05 17 2020 12 67 54 29.68 6 0
05 17 2020 13 69 49 29.66 0 0
05 17 2020 14 71 45 29.63 3 0
05 17 2020 15 73 41 29.62 6 0
05 17 2020 16 74 41 29.60 5 0
05 17 2020 17 73 42 29.59 6 4
05 17 2020 18 72 46 29.58 9 3
05 17 2020 19 70 51 29.57 6 0
05 17 2020 20 68 56 29.58 8 4
05 17 2020 21 67 57 29.60 8 4
05 18 2020 07 55 93 29.65 5 5
05 18 2020 08 55 89 29.65 9 5
05 18 2020 09 56 90 29.65 5 4
05 18 2020 10 58 84 29.64 9 5
05 18 2020 11 58 87 29.64 10 5
05 18 2020 11 58 87 29.64 9 4
05 18 2020 11 58 87 29.64 9 4
05 18 2020 12 60 80 29.65 9 4
05 18 2020 13 62 70 29.64 13 4
05 18 2020 13 62 70 29.64 12 4
05 18 2020 14 63 70 29.64 8 4
05 18 2020 14 64 70 29.64 10 4
05 18 2020 15 64 67 29.64 12 4
05 18 2020 16 66 65 29.63 13 2
05 18 2020 17 65 63 29.61 9 4
05 18 2020 18 66 59 29.60 9 0
05 18 2020 19 65 61 29.60 6 0
05 18 2020 20 63 67 29.59 7 0
05 18 2020 21 60 75 29.61 3 0
05 19 2020 07 50 71 29.70 0 0
05 19 2020 08 54 53 29.72 7 0
05 19 2020 09 58 51 29.73 3 0
05 19 2020 10 60 41 29.74 15 0
05 19 2020 11 62 38 29.76 12 0
05 19 2020 12 65 34 29.76 13 0
05 19 2020 13 68 32 29.75 16 0
05 19 2020 14 69 31 29.73 15 0
05 19 2020 15 69 31 29.72 13 0
05 19 2020 16 69 31 29.72 15 0
05 19 2020 17 68 32 29.72 12 0
05 19 2020 18 67 33 29.72 13 0
05 19 2020 19 66 33 29.73 10 0
05 19 2020 20 63 37 29.74 8 0
05 19 2020 21 60 41 29.76 6 0
05 20 2020 07 48 66 29.89 7 0
05 20 2020 08 53 57 29.90 7 0
05 20 2020 09 58 47 29.91 5 0
05 20 2020 10 61 38 29.91 12 0
05 20 2020 11 65 36 29.90 14 0
05 20 2020 12 68 32 29.88 15 0
05 20 2020 13 69 30 29.87 8 0
05 20 2020 14 72 26 29.85 14 0
05 20 2020 15 72 25 29.84 12 0
05 20 2020 16 74 25 29.81 12 0
05 20 2020 17 73 26 29.79 8 0
05 20 2020 18 73 26 29.77 9 0
05 20 2020 19 71 30 29.77 9 0
05 20 2020 20 68 33 29.78 7 0
05 20 2020 21 64 35 29.80 7 0
05 21 2020 07 44 76 29.85 3 0
05 21 2020 08 52 61 29.85 3 0
05 21 2020 09 58 46 29.85 5 0
05 21 2020 10 63 37 29.83 6 0
05 21 2020 11 65 32 29.81 5 0
05 21 2020 12 68 28 29.79 3 0
05 21 2020 13 71 28 29.76 0 0
05 21 2020 14 75 26 29.73 5 0
05 21 2020 15 77 23 29.70 0 0
05 21 2020 16 78 16 29.67 10 0
05 21 2020 17 78 17 29.65 9 0
05 21 2020 18 78 18 29.63 5 0
05 21 2020 19 78 18 29.61 7 0
05 21 2020 20 74 24 29.61 5 0
05 21 2020 21 65 39 29.61 0 0
05 22 2020 07 50 86 29.63 0 0
05 22 2020 08 59 72 29.62 3 0
05 22 2020 09 65 63 29.62 0 0
05 22 2020 10 68 59 29.60 6 0
05 22 2020 11 71 53 29.59 3 0
05 22 2020 12 73 51 29.56 3 0
05 22 2020 13 76 45 29.54 0 0
05 22 2020 14 77 43 29.51 0 0
05 22 2020 15 80 39 29.50 5 0
05 22 2020 16 80 38 29.48 6 0
05 22 2020 17 81 39 29.47 6 0
05 22 2020 18 80 40 29.45 6 0
05 22 2020 19 78 45 29.44 6 0
05 22 2020 20 74 55 29.45 3 0
05 22 2020 21 71 59 29.44 0 0
05 23 2020 07 62 93 29.49 3 2
05 23 2020 08 64 88 29.47 3 0
05 23 2020 08 65 87 29.47 5 0
05 23 2020 09 66 78 29.49 0 0
05 23 2020 10 67 70 29.49 0 4
05 23 2020 11 71 63 29.49 0 4
05 23 2020 12 76 52 29.49 0 0
05 23 2020 13 79 48 29.48 3 0
05 23 2020 14 83 39 29.48 10 0
05 23 2020 15 84 37 29.48 6 0
05 23 2020 16 85 36 29.47 0 0
05 23 2020 17 83 39 29.46 5 2
05 23 2020 18 84 41 29.46 5 0
05 23 2020 19 83 38 29.46 0 0
05 23 2020 20 76 50 29.47 7 2
05 23 2020 21 73 53 29.48 0 3
05 24 2020 07 57 47 29.68 6 0
05 24 2020 08 58 47 29.69 6 0
05 24 2020 09 63 38 29.69 10 0
05 24 2020 10 66 36 29.67 10 0
05 24 2020 11 69 36 29.66 12 0
05 24 2020 12 72 37 29.65 8 0
05 24 2020 13 75 36 29.63 9 0
05 24 2020 14 78 35 29.61 8 0
05 24 2020 15 79 35 29.59 10 0
05 24 2020 16 81 33 29.56 12 0
05 24 2020 17 81 31 29.55 10 0
05 24 2020 18 80 32 29.54 13 0
05 24 2020 19 78 33 29.54 13 0
05 24 2020 20 74 37 29.54 10 0
05 24 2020 21 70 42 29.55 9 0
05 25 2020 07 60 67 29.62 9 0
05 25 2020 08 57 83 29.64 8 6
05 25 2020 09 57 87 29.62 13 7
05 25 2020 10 60 86 29.61 6 3
05 25 2020 10 64 78 29.60 12 2
05 25 2020 11 65 73 29.60 9 0
05 25 2020 12 69 68 29.60 9 4
05 25 2020 13 71 66 29.59 8 4
05 25 2020 13 71 66 29.59 10 4
05 25 2020 13 72 64 29.59 9 4
05 25 2020 14 75 62 29.58 6 4
05 25 2020 15 77 62 29.57 7 3
05 25 2020 16 78 60 29.55 6 0
05 25 2020 17 80 58 29.53 0 0
05 25 2020 18 81 56 29.52 3 0
05 25 2020 19 80 58 29.51 7 0
05 25 2020 20 77 64 29.52 5 2
05 25 2020 21 73 73 29.51 7 0
05 26 2020 07 65 81 29.62 7 0
05 26 2020 08 68 76 29.63 7 0
05 26 2020 09 72 71 29.63 6 0
05 26 2020 10 76 64 29.62 3 0
05 26 2020 11 78 62 29.61 3 0
05 26 2020 12 83 56 29.61 0 0
05 26 2020 13 85 55 29.60 0 0
05 26 2020 14 87 51 29.57 5 0
05 26 2020 15 90 46 29.56 0 0
05 26 2020 16 91 43 29.54 3 0
05 26 2020 17 91 42 29.53 3 0
05 26 2020 18 91 36 29.52 3 0
05 26 2020 19 90 38 29.51 0 0
05 26 2020 20 83 58 29.52 3 0
05 26 2020 21 79 62 29.53 3 0
05 27 2020 07 69 84 29.61 5 0
05 27 2020 08 74 73 29.62 7 0
05 27 2020 09 77 66 29.62 7 0
05 27 2020 10 80 62 29.61 3 0
05 27 2020 11 83 58 29.60 0 0
05 27 2020 12 86 55 29.59 6 0
05 27 2020 13 87 48 29.57 0 0
05 27 2020 14 91 42 29.56 10 0
05 27 2020 15 91 41 29.54 15 0
05 27 2020 16 89 40 29.52 3 0
05 27 2020 17 88 43 29.51 10 0
05 27 2020 18 86 44 29.51 12 2
05 27 2020 19 84 46 29.52 6 3
05 27 2020 20 82 51 29.53 5 3
05 27 2020 21 81 52 29.54 5 0
05 28 2020 07 69 78 29.59 7 0
05 28 2020 08 71 75 29.58 6 0
05 28 2020 08 72 73 29.58 7 3
05 28 2020 09 73 71 29.58 7 3
05 28 2020 09 74 68 29.57 8 0
05 28 2020 10 74 71 29.55 9 4
05 28 2020 11 76 67 29.53 7 4
05 28 2020 12 78 64 29.52 6 4
05 28 2020 13 77 69 29.51 8 4
05 28 2020 14 80 58 29.49 9 4
05 28 2020 15 79 64 29.47 7 4
05 28 2020 16 78 66 29.45 7 4
05 28 2020 17 79 64 29.43 13 4
05 28 2020 18 79 64 29.41 10 4
05 28 2020 19 79 64 29.39 16 3
05 28 2020 20 77 69 29.40 12 0
05 28 2020 21 77 69 29.40 8 4
05 29 2020 07 73 81 29.40 5 2
05 29 2020 08 75 76 29.40 6 2
05 29 2020 09 77 74 29.39 9 4
05 29 2020 10 78 71 29.38 9 4
05 29 2020 11 77 74 29.36 10 4
05 29 2020 12 80 69 29.34 9 2
05 29 2020 13 83 60 29.30 9 3
05 29 2020 14 85 53 29.26 15 3
05 29 2020 15 83 53 29.24 12 2
05 29 2020 16 83 60 29.21 7 0
05 29 2020 17 84 51 29.19 16 0
05 29 2020 18 73 71 29.26 16 3
05 29 2020 18 70 81 29.27 15 10
05 29 2020 18 68 87 29.26 8 10
05 29 2020 18 68 87 29.26 10 10
05 29 2020 18 68 87 29.26 10 7
05 29 2020 18 68 90 29.25 7 6
05 29 2020 19 69 87 29.28 8 5
05 29 2020 19 68 90 29.29 5 10
05 29 2020 19 68 90 29.28 6 10
05 29 2020 19 68 90 29.28 3 10
05 29 2020 20 68 87 29.29 5 10
05 29 2020 20 66 94 29.28 5 7
05 29 2020 20 67 90 29.28 5 10
05 29 2020 20 67 90 29.28 6 6
05 29 2020 21 67 90 29.29 3 6
05 30 2020 07 57 87 29.40 9 4
05 30 2020 08 58 84 29.41 10 4
05 30 2020 08 58 81 29.42 13 4
05 30 2020 09 60 75 29.42 14 4
05 30 2020 10 61 70 29.43 9 3
05 30 2020 10 62 67 29.42 9 2
05 30 2020 11 63 65 29.42 10 3
05 30 2020 11 64 65 29.42 8 3
05 30 2020 12 65 63 29.40 9 3
05 30 2020 13 66 60 29.38 9 3
05 30 2020 14 67 59 29.36 6 3
05 30 2020 15 68 52 29.35 9 4
05 30 2020 16 68 56 29.33 6 3
05 30 2020 17 61 83 29.36 8 7
05 30 2020 17 61 83 29.36 6 6
05 30 2020 18 62 80 29.36 10 10
05 30 2020 19 61 81 29.38 15 4
05 30 2020 19 61 81 29.39 12 4
05 30 2020 19 60 83 29.40 14 4
05 30 2020 19 60 78 29.40 14 4
05 30 2020 20 60 78 29.41 16 4
05 30 2020 20 60 75 29.41 17 4
05 30 2020 20 59 77 29.42 13 4
05 30 2020 20 59 78 29.42 14 4
05 30 2020 21 59 75 29.43 15 4
05 30 2020 21 58 78 29.44 13 4
05 30 2020 21 58 75 29.45 14 4
05 31 2020 07 44 76 29.57 6 2
05 31 2020 07 44 76 29.58 5 3
05 31 2020 07 45 76 29.58 6 3
05 31 2020 08 46 73 29.60 6 2
05 31 2020 09 49 66 29.61 3 0
05 31 2020 10 51 61 29.61 3 0
05 31 2020 11 54 53 29.60 10 4
05 31 2020 12 54 53 29.61 15 3
05 31 2020 13 55 59 29.60 8 3
05 31 2020 14 54 53 29.60 18 3
05 31 2020 15 57 44 29.61 14 2
05 31 2020 16 57 44 29.61 18 3
05 31 2020 17 57 44 29.62 15 2
05 31 2020 18 56 45 29.62 18 0
05 31 2020 19 55 45 29.62 13 0
05 31 2020 20 53 47 29.62 13 0
05 31 2020 21 51 52 29.63 8 0
03 01 2021 07 37 93 29.09 0 5
03 01 2021 07 37 93 29.09 0 10
03 01 2021 07 36 93 29.08 3 1
03 01 2021 07 38 93 29.09 7 4
03 01 2021 07 39 93 29.08 9 4
03 01 2021 08 39 89 29.10 10 4
03 01 2021 08 39 86 29.11 17 4
03 01 2021 08 39 82 29.12 13 4
03 01 2021 09 39 82 29.13 12 4
03 01 2021 09 37 79 29.15 20 4
03 01 2021 10 37 79 29.15 18 4
03 01 2021 10 36 79 29.15 17 4
03 01 2021 11 36 70 29.17 25 10
03 01 2021 12 35 67 29.18 21 10
03 01 2021 13 34 61 29.17 25 10
03 01 2021 14 33 56 29.16 24 10
03 01 2021 15 32 54 29.21 21 10
03 01 2021 16 30 64 29.22 23 8
03 01 2021 16 30 64 29.22 22 8
03 01 2021 16 30 64 29.22 22 8
03 01 2021 17 29 64 29.23 22 8
03 01 2021 17 28 69 29.23 21 8
03 01 2021 17 28 69 29.23 14 8
03 01 2021 18 28 72 29.24 17 8
03 01 2021 18 28 75 29.24 20 8
03 01 2021 18 27 78 29.24 16 10
03 01 2021 18 27 78 29.24 14 8
03 01 2021 18 27 78 29.25 25 10
03 01 2021 18 27 78 29.26 23 10
03 01 2021 19 26 69 29.27 28 8
03 01 2021 19 25 66 29.29 30 8
03 01 2021 19 25 60 29.29 35 10
03 01 2021 19 24 60 29.29 38 8
03 01 2021 19 24 55 29.31 30 10
03 01 2021 20 23 54 29.32 37 8
03 01 2021 20 23 55 29.33 30 10
03 01 2021 20 22 60 29.32 39 8
03 01 2021 21 20 71 29.36 31 8
03 01 2021 21 19 81 29.37 24 9
03 01 2021 21 18 78 29.38 31 9
03 01 2021 21 19 71 29.38 24 8
03 01 2021 21 19 65 29.38 24 8
03 01 2021 21 19 62 29.39 28 8
03 01 2021 21 19 62 29.39 32 8
03 01 2021 21 17 74 29.40 29 10
03 02 2021 07 7 64 29.69 20 0
03 02 2021 08 8 61 29.71 21 0
03 02 2021 09 9 64 29.75 15 0
03 02 2021 10 13 56 29.73 20 0
03 02 2021 11 15 51 29.70 21 0
03 02 2021 12 17 45 29.69 22 0
03 02 2021 13 18 45 29.68 20 0
03 02 2021 14 20 48 29.63 21 0
03 02 2021 15 21 48 29.62 16 0
03 02 2021 16 22 51 29.61 14 0
03 02 2021 17 21 60 29.60 13 4
03 02 2021 18 21 57 29.60 12 3
03 02 2021 19 21 57 29.58 3 3
03 02 2021 20 20 60 29.54 3 3
03 02 2021 21 18 68 29.51 5 4
03 03 2021 07 21 74 29.34 0 4
03 03 2021 08 23 68 29.34 0 4
03 03 2021 09 27 61 29.33 0 4
03 03 2021 09 27 61 29.33 0 4
03 03 2021 10 30 54 29.32 0 4
03 03 2021 11 34 54 29.31 8 4
03 03 2021 11 35 57 29.31 7 4
03 03 2021 12 37 57 29.31 12 4
03 03 2021 12 37 60 29.31 12 3
03 03 2021 12 37 59 29.31 12 3
03 03 2021 13 38 60 29.29 12 3
03 03 2021 14 38 65 29.28 12 4
03 03 2021 15 40 58 29.29 10 4
03 03 2021 16 38 62 29.30 9 4
03 03 2021 17 37 67 29.30 8 4
03 03 2021 18 36 73 29.32 7 4
03 03 2021 19 36 73 29.33 6 4
03 03 2021 20 36 70 29.33 7 4
03 03 2021 21 36 70 29.31 5 4
03 04 2021 07 27 64 29.37 16 4
03 04 2021 07 27 63 29.37 15 4
03 04 2021 08 26 66 29.39 13 4
03 04 2021 09 25 60 29.40 16 4
03 04 2021 10 25 60 29.40 16 4
03 04 2021 11 26 58 29.41 14 4
03 04 2021 12 27 53 29.41 15 0
03 04 2021 13 27 51 29.39 16 0
03 04 2021 14 28 47 29.39 20 0
03 04 2021 15 27 43 29.40 20 0
03 04 2021 16 26 44 29.41 21 0
03 04 2021 17 24 51 29.43 22 0
03 04 2021 18 22 51 29.43 17 0
03 04 2021 19 22 51 29.45 9 4
03 04 2021 20 23 48 29.44 8 4
03 04 2021 21 23 53 29.44 12 4
03 05 2021 07 12 53 29.43 12 0
03 05 2021 08 13 56 29.45 12 0
03 05 2021 09 15 56 29.44 21 0
03 05 2021 10 18 52 29.43 15 0
03 05 2021 11 20 48 29.41 23 0
03 05 2021 12 23 46 29.37 23 0
03 05 2021 13 25 49 29.34 22 0
03 05 2021 14 26 47 29.31 20 2
03 05 2021 15 27 51 29.30 23 3
03 05 2021 16 27 56 29.30 26 10
03 05 2021 16 26 69 29.31 21 8
03 05 2021 16 26 75 29.32 18 8
03 05 2021 17 25 80 29.32 13 8
03 05 2021 17 25 81 29.32 16 8
03 05 2021 17 25 81 29.33 16 8
03 05 2021 18 25 85 29.33 8 8
03 05 2021 18 25 85 29.34 12 8
03 05 2021 18 25 81 29.34 9 8
03 05 2021 18 26 78 29.34 10 8
03 05 2021 19 26 69 29.36 10 8
03 05 2021 20 26 63 29.37 13 8
03 05 2021 21 26 60 29.38 13 4
03 06 2021 07 15 61 29.53 6 4
03 06 2021 08 15 61 29.54 6 4
03 06 2021 09 16 62 29.55 6 4
03 06 2021 09 16 62 29.55 5 4
03 06 2021 10 17 62 29.55 6 4
03 06 2021 11 18 65 29.55 9 4
03 06 2021 11 18 65 29.55 9 4
03 06 2021 12 19 65 29.56 13 4
03 06 2021 12 20 65 29.55 16 4
03 06 2021 13 20 65 29.55 17 4
03 06 2021 13 20 62 29.56 14 8
03 06 2021 14 21 57 29.56 15 4
03 06 2021 15 21 63 29.56 10 8
03 06 2021 16 22 63 29.57 12 4
03 06 2021 17 21 68 29.58 8 8
03 06 2021 17 21 74 29.58 6 8
03 06 2021 17 21 78 29.59 5 8
03 06 2021 18 21 81 29.59 5 8
03 06 2021 18 20 85 29.60 5 8
03 06 2021 19 20 85 29.61 3 8
03 06 2021 19 20 85 29.62 3 8
03 06 2021 20 20 89 29.63 0 4
03 06 2021 21 20 89 29.65 0 4
03 07 2021 07 7 87 29.78 3 0
03 07 2021 08 9 92 29.81 0 0
03 07 2021 09 11 84 29.83 5 0
03 07 2021 10 18 65 29.84 7 0
03 07 2021 11 20 60 29.84 13 0
03 07 2021 12 22 55 29.84 10 0
03 07 2021 13 25 51 29.83 9 0
03 07 2021 14 26 47 29.82 14 0
03 07 2021 15 26 43 29.82 12 0
03 07 2021 16 26 43 29.84 14 0
03 07 2021 17 24 46 29.85 16 0
03 07 2021 18 22 48 29.87 12 0
03 07 2021 19 20 48 29.89 3 0
03 07 2021 20 17 56 29.89 3 0
03 07 2021 21 14 64 29.90 0 0
03 08 2021 07 2 80 29.93 0 0
03 08 2021 08 8 76 29.93 5 0
03 08 2021 09 14 71 29.92 3 0
03 08 2021 10 19 65 29.92 0 0
03 08 2021 11 25 58 29.90 0 0
03 08 2021 12 28 53 29.89 0 0
03 08 2021 13 31 46 29.86 0 0
03 08 2021 14 30 45 29.83 3 3
03 08 2021 15 32 40 29.82 0 4
03 08 2021 16 32 40 29.80 0 4
03 08 2021 17 32 42 29.78 6 4
03 08 2021 18 32 48 29.76 7 4
03 08 2021 19 31 50 29.74 8 3
03 08 2021 20 32 50 29.73 5 4
03 08 2021 21 32 52 29.72 8 4
03 09 2021 07 22 78 29.73 0 0
03 09 2021 08 28 69 29.76 5 0
03 09 2021 09 33 70 29.78 5 0
03 09 2021 10 38 68 29.79 6 4
03 09 2021 11 39 70 29.81 6 4
03 09 2021 12 41 67 29.82 7 4
03 09 2021 13 43 62 29.82 9 2
03 09 2021 14 44 60 29.81 12 3
03 09 2021 15 43 60 29.82 10 0
03 09 2021 16 44 58 29.83 8 3
03 09 2021 17 42 62 29.84 7 0
03 09 2021 18 39 67 29.87 7 0
03 09 2021 19 39 62 29.89 0 0
03 09 2021 20 32 75 29.90 0 0
03 09 2021 21 31 79 29.90 0 0
03 10 2021 07 31 79 29.91 8 0
03 10 2021 08 33 75 29.91 8 0
03 10 2021 09 38 65 29.91 8 0
03 10 2021 10 43 53 29.89 10 0
03 10 2021 11 45 52 29.87 10 0
03 10 2021 12 49 46 29.84 10 0
03 10 2021 13 51 44 29.81 10 0
03 10 2021 14 54 41 29.77 8 0
03 10 2021 15 55 40 29.76 9 0
03 10 2021 16 52 45 29.72 10 0
03 10 2021 17 51 44 29.71 9 0
03 10 2021 18 47 52 29.71 8 0
03 10 2021 19 43 58 29.72 8 0
03 10 2021 20 41 62 29.72 0 0
03 10 2021 21 44 55 29.72 6 0
03 11 2021 07 39 76 29.61 9 3
03 11 2021 08 42 67 29.61 9 3
03 11 2021 09 48 58 29.59 9 0
03 11 2021 10 50 57 29.58 10 3
03 11 2021 11 55 45 29.54 9 4
03 11 2021 12 55 45 29.51 9 4
03 11 2021 13 60 44 29.48 8 3
03 11 2021 14 66 36 29.44 12 0
03 11 2021 15 66 37 29.43 9 0
03 11 2021 16 65 40 29.42 12 0
03 11 2021 17 64 43 29.40 9 3
03 11 2021 18 61 54 29.39 8 0
03 11 2021 19 61 56 29.39 8 0
03 11 2021 20 59 60 29.39 0 0
03 11 2021 21 58 62 29.40 8 4
03 12 2021 07 32 82 29.60 0 0
03 12 2021 08 37 76 29.61 5 2
03 12 2021 09 45 60 29.61 14 0
03 12 2021 10 46 61 29.61 17 0
03 12 2021 11 45 58 29.60 16 0
03 12 2021 12 48 54 29.57 14 0
03 12 2021 13 49 46 29.54 15 0
03 12 2021 14 51 41 29.51 14 0
03 12 2021 15 53 35 29.48 17 0
03 12 2021 16 53 30 29.46 17 0
03 12 2021 17 50 36 29.45 20 3
03 12 2021 18 45 49 29.50 29 10
03 12 2021 19 41 51 29.53 20 0
03 12 2021 20 38 55 29.55 26 0
03 12 2021 21 35 52 29.58 24 0
03 13 2021 07 21 60 29.81 5 0
03 13 2021 08 24 51 29.82 10 0
03 13 2021 09 27 49 29.83 9 0
03 13 2021 10 28 49 29.82 14 0
03 13 2021 11 31 46 29.79 15 0
03 13 2021 12 32 45 29.77 9 0
03 13 2021 13 33 42 29.73 13 0
03 13 2021 14 34 40 29.70 16 0
03 13 2021 15 35 39 29.69 15 0
03 13 2021 16 35 35 29.66 14 0
03 13 2021 17 36 37 29.64 15 0
03 13 2021 18 34 44 29.61 10 0
03 13 2021 19 32 56 29.59 12 0
03 13 2021 20 32 59 29.56 5 3
03 13 2021 21 32 59 29.55 5 4
03 14 2021 07 26 69 29.44 3 0
03 14 2021 08 25 75 29.44 3 0
03 14 2021 09 31 76 29.46 5 4
03 14 2021 10 36 64 29.46 9 3
03 14 2021 11 32 73 29.47 17 8
03 14 2021 11 32 73 29.48 16 8
03 14 2021 11 33 70 29.48 14 8
03 14 2021 12 32 75 29.48 12 8
03 14 2021 12 32 75 29.49 18 8
03 14 2021 12 32 73 29.49 17 8
03 14 2021 12 32 79 29.49 13 8
03 14 2021 13 33 70 29.50 18 8
03 14 2021 13 32 66 29.51 16 8
03 14 2021 14 33 52 29.51 20 4
03 14 2021 15 33 43 29.53 21 3
03 14 2021 16 32 40 29.55 24 10
03 14 2021 17 31 38 29.57 21 10
03 14 2021 18 28 41 29.59 21 10
03 14 2021 19 27 43 29.62 20 3
03 14 2021 20 25 43 29.65 14 0
03 14 2021 21 25 41 29.68 10 0
03 15 2021 07 20 35 29.87 15 0
03 15 2021 08 17 39 29.88 17 0
03 15 2021 09 22 34 29.91 17 0
03 15 2021 10 27 26 29.92 16 0
03 15 2021 11 30 23 29.92 13 0
03 15 2021 12 33 21 29.92 13 0
03 15 2021 13 34 22 29.90 16 0
03 15 2021 14 41 17 29.88 10 0
03 15 2021 15 44 15 29.85 14 0
03 15 2021 16 42 17 29.83 12 0
03 15 2021 17 38 18 29.82 10 0
03 15 2021 18 43 15 29.82 0 0
03 15 2021 19 41 18 29.83 8 0
03 15 2021 20 38 23 29.83 7 0
03 15 2021 21 34 27 29.85 9 0
03 16 2021 07 24 37 29.74 7 0
03 16 2021 08 31 28 29.71 10 0
03 16 2021 09 32 31 29.73 6 0
03 16 2021 10 34 28 29.71 8 0
03 16 2021 11 37 24 29.69 10 0
03 16 2021 12 41 21 29.66 10 0
03 16 2021 13 41 21 29.65 15 4
03 16 2021 14 46 19 29.62 10 4
03 16 2021 15 46 21 29.60 9 4
03 16 2021 16 46 21 29.59 8 4
03 16 2021 17 48 22 29.59 9 4
03 16 2021 18 47 25 29.58 9 4
03 16 2021 19 45 27 29.58 9 4
03 16 2021 20 46 29 29.59 10 4
03 16 2021 21 43 35 29.60 8 4
03 17 2021 07 44 37 29.61 7 4
03 17 2021 08 45 37 29.61 6 4
03 17 2021 09 48 34 29.61 7 4
03 17 2021 10 45 40 29.61 5 4
03 17 2021 10 49 36 29.61 7 4
03 17 2021 11 51 33 29.60 5 4
03 17 2021 12 48 39 29.59 8 4
03 17 2021 13 55 33 29.58 7 4
03 17 2021 13 55 33 29.57 10 4
03 17 2021 14 44 53 29.55 8 2
03 17 2021 15 47 50 29.51 10 0
03 17 2021 16 48 50 29.49 8 4
03 17 2021 17 47 54 29.51 8 4
03 17 2021 18 46 54 29.51 8 4
03 17 2021 19 43 58 29.49 10 3
03 17 2021 20 39 65 29.51 7 0
03 17 2021 21 37 70 29.51 6 0
03 18 2021 07 37 79 29.47 3 3
03 18 2021 08 38 76 29.46 6 4
03 18 2021 09 38 79 29.46 5 4
03 18 2021 10 37 86 29.47 5 5
03 18 2021 11 38 89 29.48 0 5
03 18 2021 11 39 86 29.48 0 5
03 18 2021 12 39 86 29.46 0 5
03 18 2021 12 39 89 29.46 0 5
03 18 2021 12 40 86 29.46 0 5
03 18 2021 13 40 86 29.45 0 5
03 18 2021 13 41 86 29.45 5 5
03 18 2021 14 41 86 29.44 6 5
03 18 2021 15 41 86 29.42 5 5
03 18 2021 15 41 86 29.42 5 4
03 18 2021 16 41 82 29.42 6 4
03 18 2021 16 41 86 29.42 7 4
03 18 2021 16 41 79 29.41 9 4
03 18 2021 17 41 73 29.42 9 3
03 18 2021 18 40 70 29.43 8 2
03 18 2021 19 39 67 29.45 5 0
03 18 2021 20 38 68 29.47 8 2
03 18 2021 21 37 57 29.50 6 0
03 19 2021 07 20 52 29.75 12 0
03 19 2021 08 20 52 29.80 12 0
03 19 2021 09 22 48 29.83 16 0
03 19 2021 10 24 46 29.86 15 0
03 19 2021 11 26 41 29.87 14 0
03 19 2021 12 28 36 29.88 16 0
03 19 2021 13 32 34 29.89 13 0
03 19 2021 14 34 30 29.88 12 0
03 19 2021 15 35 28 29.86 16 0
03 19 2021 16 37 26 29.86 9 0
03 19 2021 17 38 25 29.86 10 0
03 19 2021 18 38 24 29.86 6 0
03 19 2021 19 34 37 29.88 13 0
03 19 2021 20 30 43 29.92 9 0
03 19 2021 21 28 45 29.93 8 0
03 20 2021 07 17 81 30.01 0 0
03 20 2021 08 19 81 30.03 0 0
03 20 2021 09 24 75 30.03 0 0
03 20 2021 10 30 51 30.04 0 0
03 20 2021 11 37 46 30.02 5 0
03 20 2021 12 43 40 30.01 12 0
03 20 2021 13 46 37 30.00 7 0
03 20 2021 14 48 34 29.99 6 0
03 20 2021 15 52 31 29.97 6 0
03 20 2021 16 54 28 29.96 10 0
03 20 2021 17 54 26 29.95 13 0
03 20 2021 18 52 27 29.96 10 0
03 20 2021 19 46 37 29.96 7 0
03 20 2021 20 41 43 29.97 0 0
03 20 2021 21 33 61 29.98 0 0
03 21 2021 07 25 75 30.02 5 0
03 21 2021 08 26 78 30.04 0 0
03 21 2021 09 32 69 30.04 7 0
03 21 2021 10 41 53 30.04 5 0
03 21 2021 11 47 39 30.03 0 0
03 21 2021 12 52 31 30.01 3 0
03 21 2021 13 56 23 29.99 5 0
03 21 2021 14 60 20 29.96 0 0
03 21 2021 15 61 16 29.94 3 0
03 21 2021 16 62 13 29.92 3 0
03 21 2021 17 64 13 29.90 3 0
03 21 2021 18 64 13 29.90 0 0
03 21 2021 19 60 18 29.90 5 0
03 21 2021 20 44 43 29.89 5 0
03 21 2021 21 37 54 29.89 0 0
03 22 2021 07 28 69 29.87 6 0
03 22 2021 08 29 72 29.88 0 0
03 22 2021 09 37 59 29.87 6 0
03 22 2021 10 47 41 29.86 7 0
03 22 2021 11 54 33 29.85 7 0
03 22 2021 12 58 27 29.82 5 0
03 22 2021 13 62 23 29.78 0 0
03 22 2021 14 65 19 29.74 7 0
03 22 2021 15 67 17 29.71 7 0
03 22 2021 16 67 17 29.69 6 0
03 22 2021 17 68 17 29.68 9 0
03 22 2021 18 67 17 29.67 8 0
03 22 2021 19 64 18 29.66 3 0
03 22 2021 20 55 29 29.67 6 0
03 22 2021 21 51 35 29.68 6 0
03 23 2021 07 32 66 29.73 6 0
03 23 2021 08 34 70 29.75 5 0
03 23 2021 09 41 57 29.75 6 0
03 23 2021 10 50 41 29.75 7 0
03 23 2021 11 56 33 29.75 7 0
03 23 2021 12 60 26 29.73 3 0
03 23 2021 13 63 26 29.70 7 0
03 23 2021 14 66 23 29.68 9 0
03 23 2021 15 67 20 29.65 9 0
03 23 2021 16 69 19 29.62 12 0
03 23 2021 17 68 14 29.61 12 0
03 23 2021 18 67 15 29.60 8 0
03 23 2021 19 61 26 29.60 6 0
03 23 2021 20 59 29 29.60 7 0
03 23 2021 21 56 33 29.60 7 0
03 24 2021 07 48 68 29.59 5 5
03 24 2021 08 47 71 29.60 8 5
03 24 2021 09 47 77 29.60 3 5
03 24 2021 10 49 71 29.58 9 5
03 24 2021 11 49 77 29.57 6 5
03 24 2021 12 48 80 29.56 13 5
03 24 2021 13 48 89 29.55 9 6
03 24 2021 14 49 86 29.53 13 5
03 24 2021 15 50 89 29.51 9 4
03 24 2021 15 50 89 29.50 10 4
03 24 2021 16 51 89 29.49 9 4
03 24 2021 17 52 86 29.46 12 4
03 24 2021 17 52 86 29.47 10 4
03 24 2021 18 52 86 29.46 10 4
03 24 2021 18 52 83 29.46 8 4
03 24 2021 19 52 83 29.46 7 4
03 24 2021 20 52 83 29.45 10 4
03 24 2021 21 52 83 29.46 9 4
03 25 2021 07 49 90 29.44 6 2
03 25 2021 08 49 90 29.46 6 0
03 25 2021 09 57 81 29.46 6 0
03 25 2021 10 60 75 29.47 7 0
03 25 2021 11 64 65 29.47 0 0
03 25 2021 12 68 56 29.45 7 0
03 25 2021 13 70 51 29.45 8 0
03 25 2021 14 71 47 29.46 7 2
03 25 2021 15 74 41 29.44 8 0
03 25 2021 16 73 38 29.42 9 0
03 25 2021 17 73 38 29.39 7 0
03 25 2021 18 73 37 29.37 3 0
03 25 2021 19 68 47 29.37 3 0
03 25 2021 20 62 60 29.35 3 0
03 25 2021 21 66 48 29.33 8 0
03 26 2021 07 59 87 29.04 10 5
03 26 2021 08 61 81 29.02 12 3
03 26 2021 08 61 81 29.01 12 10
03 26 2021 08 61 83 28.98 17 5
03 26 2021 09 61 83 28.99 9 5
03 26 2021 09 61 83 28.97 12 5
03 26 2021 10 64 80 28.97 8 4
03 26 2021 11 70 59 28.93 14 3
03 26 2021 12 70 53 28.92 18 4
03 26 2021 12 65 65 28.93 29 10
03 26 2021 12 59 83 28.95 21 5
03 26 2021 13 58 84 28.97 9 5
03 26 2021 14 60 78 28.97 7 4
03 26 2021 15 61 60 29.01 28 10
03 26 2021 16 52 71 29.10 28 10
03 26 2021 16 50 68 29.14 23 10
03 26 2021 17 48 74 29.18 25 10
03 26 2021 18 45 81 29.25 20 4
03 26 2021 18 44 82 29.26 20 4
03 26 2021 18 44 82 29.27 20 5
03 26 2021 18 43 89 29.27 18 5
03 26 2021 19 43 87 29.31 16 1
03 26 2021 19 43 86 29.31 14 1
03 26 2021 19 43 86 29.32 16 4
03 26 2021 19 43 86 29.33 18 5
03 26 2021 19 43 86 29.34 18 5
03 26 2021 20 43 86 29.38 17 5
03 26 2021 21 43 86 29.41 13 4
03 27 2021 07 37 79 29.60 9 4
03 27 2021 08 37 79 29.63 9 4
03 27 2021 08 37 79 29.64 9 4
03 27 2021 09 38 76 29.64 9 4
03 27 2021 09 38 76 29.63 10 4
03 27 2021 10 38 76 29.64 8 4
03 27 2021 10 39 73 29.65 7 4
03 27 2021 10 39 70 29.65 10 4
03 27 2021 11 40 68 29.66 10 4
03 27 2021 12 41 65 29.64 9 4
03 27 2021 13 43 62 29.62 6 4
03 27 2021 13 42 62 29.62 0 4
03 27 2021 13 43 60 29.63 6 4
03 27 2021 13 43 62 29.63 9 4
03 27 2021 14 44 60 29.64 5 4
03 27 2021 15 45 58 29.62 7 4
03 27 2021 16 48 54 29.59 0 4
03 27 2021 17 49 54 29.59 0 4
03 27 2021 18 49 54 29.57 5 0
03 27 2021 19 48 56 29.57 7 0
03 27 2021 20 46 61 29.55 5 0
03 27 2021 21 45 63 29.54 8 0
03 28 2021 07 45 74 29.29 12 0
03 28 2021 08 46 73 29.26 16 3
03 28 2021 08 47 74 29.25 15 3
03 28 2021 09 48 74 29.23 12 4
03 28 2021 10 50 71 29.16 15 4
03 28 2021 11 49 77 29.11 15 5
03 28 2021 11 49 83 29.08 18 6
03 28 2021 12 49 86 29.05 16 6
03 28 2021 13 50 86 29.00 14 5
03 28 2021 14 51 83 28.95 13 4
03 28 2021 15 53 83 28.88 9 4
03 28 2021 16 54 83 28.82 10 5
03 28 2021 16 55 83 28.86 26 7
03 28 2021 16 55 83 28.87 22 5
03 28 2021 17 54 83 28.89 21 5
03 28 2021 17 53 86 28.90 12 5
03 28 2021 17 53 89 28.90 9 6
03 28 2021 17 53 86 28.91 9 6
03 28 2021 17 53 89 28.91 14 6
03 28 2021 18 53 86 28.92 10 6
03 28 2021 18 52 88 28.92 8 6
03 28 2021 18 52 89 28.92 10 6
03 28 2021 18 52 86 28.93 13 5
03 28 2021 19 51 80 28.96 15 4
03 28 2021 20 49 80 28.96 7 3
03 28 2021 21 46 83 28.98 14 5
03 28 2021 21 46 86 29.00 8 4
03 28 2021 21 44 82 29.02 17 5
03 29 2021 07 33 85 29.29 20 8
03 29 2021 07 33 85 29.29 20 8
03 29 2021 07 33 85 29.29 18 8
03 29 2021 07 33 85 29.30 18 8
03 29 2021 07 33 85 29.31 16 8
03 29 2021 07 34 79 29.33 15 4
03 29 2021 08 33 82 29.37 17 4
03 29 2021 09 33 75 29.41 20 4
03 29 2021 09 33 75 29.42 15 4
03 29 2021 09 33 78 29.43 15 4
03 29 2021 10 33 78 29.48 14 8
03 29 2021 11 33 75 29.53 16 4
03 29 2021 11 34 67 29.53 22 10
03 29 2021 12 36 64 29.54 22 10
03 29 2021 13 38 57 29.56 24 0
03 29 2021 14 39 57 29.59 21 3
03 29 2021 15 40 51 29.60 18 0
03 29 2021 16 41 51 29.62 22 2
03 29 2021 17 40 43 29.63 21 0
03 29 2021 18 40 41 29.64 17 0
03 29 2021 19 37 48 29.67 9 0
03 29 2021 20 33 54 29.70 5 0
03 29 2021 21 31 61 29.72 0 0
03 30 2021 07 28 69 29.75 5 0
03 30 2021 08 33 66 29.75 5 0
03 30 2021 09 39 57 29.75 8 0
03 30 2021 10 44 53 29.73 8 0
03 30 2021 11 50 44 29.71 8 0
03 30 2021 12 57 34 29.67 13 0
03 30 2021 13 61 30 29.64 15 0
03 30 2021 14 64 28 29.61 18 0
03 30 2021 15 66 25 29.57 20 0
03 30 2021 16 67 23 29.53 18 0
03 30 2021 17 68 22 29.53 20 0
03 30 2021 18 67 24 29.52 15 0
03 30 2021 19 64 28 29.51 12 0
03 30 2021 20 58 37 29.52 7 0
03 30 2021 21 56 42 29.54 8 0
03 31 2021 07 50 61 29.45 10 0
03 31 2021 08 51 61 29.45 10 0
03 31 2021 09 54 59 29.44 10 0
03 31 2021 10 55 62 29.43 10 0
03 31 2021 11 55 62 29.42 7 0
03 31 2021 12 57 57 29.39 6 3
03 31 2021 13 55 67 29.40 3 6
03 31 2021 14 53 83 29.37 7 5
03 31 2021 15 55 80 29.35 6 4
03 31 2021 16 55 80 29.34 3 4
03 31 2021 16 55 83 29.34 3 4
03 31 2021 17 52 82 29.37 23 5
03 31 2021 17 50 86 29.38 23 5
03 31 2021 17 47 90 29.40 13 5
03 31 2021 18 45 90 29.42 16 4
03 31 2021 18 45 86 29.42 12 5
03 31 2021 19 44 89 29.42 10 4
03 31 2021 19 44 89 29.43 10 4
03 31 2021 19 44 89 29.43 10 5
03 31 2021 19 43 89 29.43 10 5
03 31 2021 19 43 86 29.44 9 4
03 31 2021 19 43 86 29.44 8 4
03 31 2021 20 42 89 29.45 10 4
03 31 2021 21 42 82 29.46 7 4
04 01 2021 07 34 87 29.40 13 8
04 01 2021 07 33 89 29.40 10 8
04 01 2021 07 33 89 29.41 10 8
04 01 2021 07 33 89 29.41 10 8
04 01 2021 07 33 89 29.40 12 8
04 01 2021 08 33 89 29.39 10 8
04 01 2021 08 33 89 29.41 9 4
04 01 2021 08 33 89 29.40 10 4
04 01 2021 09 34 87 29.40 9 4
04 01 2021 09 34 85 29.40 12 4
04 01 2021 10 35 82 29.40 13 4
04 01 2021 10 35 78 29.41 20 4
04 01 2021 10 36 79 29.42 14 3
04 01 2021 11 35 76 29.40 18 3
04 01 2021 11 36 76 29.40 15 4
04 01 2021 12 35 78 29.41 15 8
04 01 2021 13 36 82 29.40 10 8
04 01 2021 13 35 85 29.40 9 8
04 01 2021 13 36 86 29.41 7 4
04 01 2021 13 37 79 29.41 14 4
04 01 2021 14 38 68 29.41 12 4
04 01 2021 14 39 65 29.41 10 4
04 01 2021 15 38 65 29.42 12 4
04 01 2021 16 37 62 29.44 14 4
04 01 2021 17 36 59 29.45 14 4
04 01 2021 17 34 73 29.47 15 8
04 01 2021 17 34 73 29.47 12 8
04 01 2021 18 35 67 29.48 9 4
04 01 2021 19 33 72 29.50 10 8
04 01 2021 19 34 70 29.50 10 8
04 01 2021 19 33 70 29.51 13 8
04 01 2021 20 32 61 29.51 14 4
04 01 2021 21 31 57 29.54 10 4
04 02 2021 07 21 57 29.66 10 2
04 02 2021 08 23 50 29.67 18 0
04 02 2021 09 25 43 29.68 14 3
04 02 2021 10 28 43 29.69 14 3
04 02 2021 11 30 40 29.69 14 2
04 02 2021 12 33 34 29.68 13 0
04 02 2021 13 34 30 29.67 17 0
04 02 2021 14 36 30 29.67 16 0
04 02 2021 15 36 31 29.67 16 0
04 02 2021 16 36 31 29.66 20 0
04 02 2021 17 36 33 29.67 17 0
04 02 2021 18 35 31 29.69 21 0
04 02 2021 19 34 32 29.70 16 0
04 02 2021 20 32 38 29.72 14 0
04 02 2021 21 30 45 29.73 7 0
04 03 2021 07 17 81 29.81 0 0
04 03 2021 08 22 82 29.82 0 0
04 03 2021 09 28 72 29.82 5 0
04 03 2021 10 33 66 29.82 6 0
04 03 2021 11 38 47 29.80 6 0
04 03 2021 12 42 34 29.79 14 0
04 03 2021 13 43 40 29.76 7 0
04 03 2021 14 44 40 29.74 9 0
04 03 2021 15 46 35 29.72 10 0
04 03 2021 16 47 30 29.69 9 0
04 03 2021 17 47 28 29.68 8 0
04 03 2021 18 47 27 29.67 6 0
04 03 2021 19 45 27 29.66 7 0
04 03 2021 20 42 32 29.67 0 0
04 03 2021 21 33 54 29.68 0 0
04 04 2021 07 31 67 29.57 3 0
04 04 2021 08 34 64 29.58 3 2
04 04 2021 09 41 47 29.58 3 2
04 04 2021 10 44 42 29.58 3 4
04 04 2021 11 48 39 29.58 0 0
04 04 2021 12 54 34 29.57 5 0
04 04 2021 13 55 35 29.55 6 3
04 04 2021 14 56 33 29.53 6 3
04 04 2021 15 57 34 29.51 13 3
04 04 2021 16 59 31 29.51 13 2
04 04 2021 17 58 32 29.51 15 0
04 04 2021 18 55 34 29.51 16 0
04 04 2021 19 54 35 29.52 13 0
04 04 2021 20 46 51 29.54 12 0
04 04 2021 21 42 58 29.56 7 0
04 05 2021 07 29 82 29.56 0 0
04 05 2021 08 33 82 29.57 0 0
04 05 2021 09 39 70 29.56 0 0
04 05 2021 10 45 58 29.54 3 0
04 05 2021 11 51 43 29.53 12 0
04 05 2021 12 55 31 29.51 14 0
04 05 2021 13 58 24 29.50 15 0
04 05 2021 14 60 26 29.48 15 0
04 05 2021 15 58 36 29.48 16 0
04 05 2021 16 57 37 29.46 14 0
04 05 2021 17 56 37 29.45 14 0
04 05 2021 18 58 25 29.45 16 0
04 05 2021 19 52 40 29.47 17 0
04 05 2021 20 47 46 29.49 15 0
04 05 2021 21 42 51 29.51 9 0
04 06 2021 07 25 81 29.51 0 0
04 06 2021 08 30 82 29.53 0 0
04 06 2021 09 35 76 29.53 0 0
04 06 2021 10 43 53 29.53 0 0
04 06 2021 11 48 39 29.51 7 0
04 06 2021 12 52 35 29.51 8 0
04 06 2021 13 56 28 29.48 6 0
04 06 2021 14 59 22 29.45 10 0
04 06 2021 15 60 19 29.45 14 0
04 06 2021 16 60 20 29.43 12 0
04 06 2021 17 59 18 29.43 13 0
04 06 2021 18 60 18 29.43 14 0
04 06 2021 19 56 22 29.46 9 0
04 06 2021 20 49 35 29.47 6 0
04 06 2021 21 45 42 29.48 0 0
04 07 2021 07 41 62 29.51 5 3
04 07 2021 08 43 58 29.52 5 0
04 07 2021 09 48 52 29.52 3 0
04 07 2021 10 54 40 29.51 3 0
04 07 2021 11 58 39 29.51 5 0
04 07 2021 12 61 38 29.50 3 0
04 07 2021 13 67 34 29.47 7 0
04 07 2021 14 69 32 29.45 3 0
04 07 2021 15 69 32 29.44 6 0
04 07 2021 16 71 31 29.43 7 0
04 07 2021 17 72 31 29.42 8 0
04 07 2021 18 73 29 29.42 5 0
04 07 2021 19 69 33 29.43 10 0
04 07 2021 20 63 40 29.45 3 0
04 07 2021 21 55 55 29.47 5 0
04 08 2021 07 47 77 29.53 9 0
04 08 2021 08 52 69 29.54 9 0
04 08 2021 09 54 66 29.55 9 0
04 08 2021 10 60 53 29.54 12 0
04 08 2021 11 64 48 29.52 13 0
04 08 2021 12 68 42 29.51 10 0
04 08 2021 13 71 38 29.48 8 0
04 08 2021 14 73 35 29.46 6 0
04 08 2021 15 75 33 29.44 8 0
04 08 2021 16 77 31 29.41 10 0
04 08 2021 17 76 31 29.41 9 0
04 08 2021 18 76 32 29.41 12 0
04 08 2021 19 72 35 29.41 9 0
04 08 2021 20 67 39 29.42 10 0
04 08 2021 21 64 41 29.44 7 0
04 09 2021 07 54 64 29.54 9 2
04 09 2021 08 57 57 29.54 13 3
04 09 2021 09 58 56 29.54 13 3
04 09 2021 10 60 51 29.54 10 0
04 09 2021 11 63 48 29.54 9 2
04 09 2021 12 66 43 29.52 9 0
04 09 2021 13 71 36 29.50 5 0
04 09 2021 14 70 36 29.49 13 3
04 09 2021 15 71 36 29.47 7 4
04 09 2021 16 69 39 29.47 12 4
04 09 2021 17 62 60 29.49 8 5
04 09 2021 18 64 54 29.48 8 4
04 09 2021 19 65 47 29.47 9 4
04 09 2021 20 63 50 29.48 6 4
04 09 2021 21 58 56 29.50 6 0
04 10 2021 07 48 86 29.46 0 0
04 10 2021 08 53 83 29.45 5 0
04 10 2021 09 59 69 29.45 6 0
04 10 2021 10 62 62 29.43 6 0
04 10 2021 11 66 56 29.40 7 0
04 10 2021 12 68 52 29.36 10 0
04 10 2021 13 70 49 29.34 5 0
04 10 2021 14 74 41 29.32 6 0
04 10 2021 15 77 33 29.29 9 0
04 10 2021 16 78 30 29.26 5 0
04 10 2021 17 78 30 29.24 0 0
04 10 2021 18 77 29 29.23 6 0
04 10 2021 19 75 32 29.21 0 0
04 10 2021 20 66 47 29.19 3 0
04 10 2021 21 61 56 29.18 0 0
04 11 2021 07 58 70 29.10 6 0
04 11 2021 08 60 69 29.09 7 0
04 11 2021 09 59 69 29.09 9 0
04 11 2021 10 62 67 29.09 7 0
04 11 2021 11 69 54 29.06 12 0
04 11 2021 12 74 46 29.03 10 0
04 11 2021 13 71 45 29.02 12 0
04 11 2021 14 71 49 29.01 14 0
04 11 2021 15 71 47 29.00 7 4
04 11 2021 16 70 51 28.99 12 4
04 11 2021 17 66 48 29.00 13 5
04 11 2021 18 66 47 29.02 10 4
04 11 2021 19 63 56 29.03 12 5
04 11 2021 20 58 75 29.05 12 5
04 11 2021 21 58 72 29.08 13 4
04 12 2021 07 48 74 29.20 12 4
04 12 2021 08 48 66 29.20 16 4
04 12 2021 09 49 64 29.22 10 4
04 12 2021 10 49 64 29.24 12 4
04 12 2021 11 48 71 29.26 14 4
04 12 2021 12 49 66 29.27 15 4
04 12 2021 13 50 63 29.27 15 4
04 12 2021 14 49 71 29.29 12 4
04 12 2021 15 49 80 29.29 7 5
04 12 2021 16 49 80 29.29 8 4
04 12 2021 17 49 80 29.31 7 5
04 12 2021 17 49 83 29.31 5 5
04 12 2021 17 49 86 29.32 0 5
04 12 2021 17 48 89 29.32 0 5
04 12 2021 18 49 86 29.32 0 5
04 12 2021 18 49 86 29.33 0 4
04 12 2021 18 49 90 29.33 0 5
04 12 2021 18 49 90 29.33 0 5
04 12 2021 18 48 89 29.33 0 5
04 12 2021 18 48 93 29.34 3 5
04 12 2021 18 48 89 29.34 0 5
04 12 2021 19 48 89 29.35 3 5
04 12 2021 19 48 89 29.35 3 5
04 12 2021 19 48 89 29.35 3 5
04 12 2021 20 48 89 29.38 3 5
04 12 2021 21 48 89 29.40 3 5
04 13 2021 07 44 93 29.51 3 1
04 13 2021 08 44 93 29.53 3 1
04 13 2021 09 44 96 29.55 0 1
04 13 2021 09 45 93 29.55 0 1
04 13 2021 10 45 97 29.56 3 1
04 13 2021 10 45 93 29.56 3 4
04 13 2021 10 46 93 29.56 3 4
04 13 2021 10 47 90 29.56 0 4
04 13 2021 11 51 80 29.56 6 4
04 13 2021 12 56 62 29.55 5 4
04 13 2021 13 58 51 29.54 0 3
04 13 2021 14 60 49 29.52 0 0
04 13 2021 15 62 44 29.51 3 0
04 13 2021 16 63 43 29.49 5 0
04 13 2021 17 65 37 29.49 6 0
04 13 2021 18 65 36 29.48 0 0
04 13 2021 19 63 40 29.50 9 0
04 13 2021 20 60 41 29.51 3 0
04 13 2021 21 53 57 29.51 0 0
04 14 2021 07 37 89 29.54 0 0
04 14 2021 08 43 86 29.54 3 4
04 14 2021 09 49 74 29.52 3 0
04 14 2021 10 54 66 29.51 3 0
04 14 2021 11 59 58 29.49 3 0
04 14 2021 12 62 52 29.47 6 0
04 14 2021 13 66 42 29.44 6 0
04 14 2021 14 66 34 29.42 7 4
04 14 2021 15 69 30 29.39 14 3
04 14 2021 16 69 27 29.35 14 2
04 14 2021 17 69 26 29.33 0 2
04 14 2021 18 67 27 29.31 5 3
04 14 2021 19 65 32 29.31 0 2
04 14 2021 20 57 47 29.31 5 3
04 14 2021 21 56 47 29.33 13 0
04 15 2021 07 45 90 29.22 3 4
04 15 2021 08 46 86 29.21 6 4
04 15 2021 09 48 77 29.20 3 4
04 15 2021 10 52 71 29.19 6 0
04 15 2021 11 54 57 29.17 9 4
04 15 2021 12 47 77 29.19 14 5
04 15 2021 13 45 86 29.18 15 4
04 15 2021 13 45 82 29.20 14 5
04 15 2021 14 44 85 29.19 15 5
04 15 2021 14 45 81 29.19 15 5
04 15 2021 14 44 82 29.19 14 5
04 15 2021 14 43 86 29.19 15 6
04 15 2021 14 43 82 29.20 12 5
04 15 2021 14 42 85 29.20 12 5
04 15 2021 15 42 85 29.19 8 5
04 15 2021 15 43 82 29.20 10 5
04 15 2021 16 42 85 29.19 13 5
04 15 2021 16 42 85 29.21 10 5
04 15 2021 16 42 82 29.21 12 4
04 15 2021 17 42 82 29.20 9 5
04 15 2021 17 42 82 29.21 9 4
04 15 2021 18 43 80 29.21 8 4
04 15 2021 19 43 76 29.20 10 4
04 15 2021 20 43 71 29.21 8 4
04 15 2021 21 41 73 29.22 5 4
04 16 2021 07 38 89 29.14 0 4
04 16 2021 07 38 89 29.14 3 4
04 16 2021 08 39 86 29.13 0 4
04 16 2021 09 39 82 29.13 0 4
04 16 2021 09 40 83 29.13 0 4
04 16 2021 10 41 79 29.13 0 4
04 16 2021 10 41 82 29.13 0 4
04 16 2021 11 42 79 29.13 0 4
04 16 2021 11 42 76 29.13 5 4
04 16 2021 11 43 76 29.13 5 4
04 16 2021 12 43 76 29.12 0 5
04 16 2021 12 44 73 29.11 0 4
04 16 2021 13 44 73 29.11 5 5
04 16 2021 14 43 80 29.12 3 5
04 16 2021 15 43 82 29.12 0 5
04 16 2021 15 43 86 29.12 3 5
04 16 2021 16 44 79 29.12 3 6
04 16 2021 16 44 82 29.12 7 6
04 16 2021 16 44 79 29.12 7 5
04 16 2021 16 45 80 29.12 8 5
04 16 2021 16 46 79 29.12 7 5
04 16 2021 17 45 74 29.13 6 4
04 16 2021 18 45 76 29.14 13 4
04 16 2021 18 45 80 29.14 10 4
04 16 2021 19 44 82 29.15 10 5
04 16 2021 19 44 85 29.16 10 5
04 16 2021 19 43 86 29.16 7 5
04 16 2021 19 43 86 29.16 8 5
04 16 2021 20 43 82 29.18 5 4
04 16 2021 21 43 86 29.20 9 4
04 17 2021 07 39 76 29.26 3 4
04 17 2021 08 40 77 29.27 6 2
04 17 2021 08 40 77 29.27 5 3
04 17 2021 08 40 77 29.27 7 3
04 17 2021 09 42 70 29.28 6 2
04 17 2021 09 41 73 29.28 6 3
04 17 2021 10 43 71 29.28 8 2
04 17 2021 10 45 68 29.28 8 3
04 17 2021 11 46 66 29.28 7 4
04 17 2021 11 47 61 29.28 3 4
04 17 2021 12 50 57 29.27 9 4
04 17 2021 13 50 52 29.26 10 4
04 17 2021 14 51 52 29.26 9 4
04 17 2021 15 52 50 29.25 5 4
04 17 2021 16 50 57 29.25 12 4
04 17 2021 17 47 74 29.26 10 6
04 17 2021 18 50 66 29.26 7 4
04 17 2021 19 49 56 29.27 6 4
04 17 2021 20 46 68 29.28 3 3
04 17 2021 21 44 71 29.28 6 2
04 18 2021 07 40 86 29.28 0 4
04 18 2021 07 41 81 29.29 0 4
04 18 2021 07 41 82 29.29 0 5
04 18 2021 07 41 86 29.28 0 5
04 18 2021 08 43 82 29.30 0 4
04 18 2021 08 43 82 29.30 0 4
04 18 2021 08 43 86 29.30 0 4
04 18 2021 09 45 80 29.31 6 4
04 18 2021 10 48 74 29.31 9 4
04 18 2021 11 49 69 29.30 10 4
04 18 2021 12 52 63 29.29 8 3
04 18 2021 12 52 66 29.29 7 3
04 18 2021 13 57 57 29.27 9 3
04 18 2021 14 58 53 29.26 14 2
04 18 2021 15 59 46 29.24 10 0
04 18 2021 16 62 38 29.24 15 0
04 18 2021 17 59 41 29.24 12 0
04 18 2021 18 59 41 29.25 16 2
04 18 2021 19 57 44 29.27 13 4
04 18 2021 20 51 52 29.29 12 0
04 18 2021 21 51 50 29.31 3 0
04 19 2021 07 35 85 29.33 0 0
04 19 2021 08 41 79 29.33 5 3
04 19 2021 09 47 68 29.33 3 2
04 19 2021 10 52 59 29.32 5 2
04 19 2021 11 57 49 29.31 7 0
04 19 2021 12 59 38 29.29 7 0
04 19 2021 13 61 32 29.28 9 0
04 19 2021 14 59 36 29.27 9 4
04 19 2021 15 59 36 29.26 14 4
04 19 2021 16 59 38 29.26 12 4
04 19 2021 17 59 39 29.27 5 0
04 19 2021 18 59 39 29.26 7 0
04 19 2021 19 58 37 29.27 6 0
04 19 2021 20 53 45 29.27 3 0
04 19 2021 21 46 61 29.28 0 0
04 20 2021 07 45 81 29.33 15 5
04 20 2021 07 43 86 29.32 10 5
04 20 2021 08 43 80 29.35 15 5
04 20 2021 08 42 82 29.35 12 5
04 20 2021 09 42 82 29.36 14 5
04 20 2021 09 42 82 29.37 7 5
04 20 2021 09 42 82 29.37 7 5
04 20 2021 10 42 89 29.38 5 5
04 20 2021 10 42 89 29.38 5 5
04 20 2021 11 43 86 29.39 7 4
04 20 2021 12 47 68 29.39 16 3
04 20 2021 13 46 66 29.40 20 4
04 20 2021 13 47 66 29.41 16 4
04 20 2021 14 46 61 29.42 12 4
04 20 2021 15 49 56 29.43 10 4
04 20 2021 16 48 54 29.41 10 4
04 20 2021 17 47 56 29.41 10 4
04 20 2021 18 45 60 29.43 10 4
04 20 2021 19 44 60 29.43 7 4
04 20 2021 20 41 62 29.44 10 4
04 20 2021 21 40 58 29.46 9 3
04 21 2021 07 34 92 29.27 5 4
04 21 2021 08 35 85 29.27 8 4
04 21 2021 09 36 82 29.23 6 4
04 21 2021 09 36 82 29.22 5 4
04 21 2021 10 36 82 29.20 8 5
04 21 2021 10 36 86 29.20 7 10
04 21 2021 11 35 89 29.20 7 5
04 21 2021 11 35 89 29.22 12 5
04 21 2021 11 34 89 29.21 6 8
04 21 2021 11 34 89 29.21 9 8
04 21 2021 12 34 85 29.20 10 8
04 21 2021 12 34 87 29.20 10 8
04 21 2021 12 34 89 29.20 9 8
04 21 2021 12 34 85 29.20 8 8
04 21 2021 12 34 85 29.21 10 8
04 21 2021 12 35 85 29.21 6 8
04 21 2021 13 35 85 29.21 8 8
04 21 2021 13 35 85 29.20 13 8
04 21 2021 13 34 85 29.21 13 8
04 21 2021 13 33 89 29.21 9 8
04 21 2021 13 33 89 29.21 10 10
04 21 2021 14 33 89 29.23 16 8
04 21 2021 14 34 87 29.23 10 8
04 21 2021 14 34 85 29.23 9 8
04 21 2021 14 35 85 29.23 12 8
04 21 2021 14 34 85 29.23 12 8
04 21 2021 15 36 86 29.23 14 8
04 21 2021 15 37 76 29.25 8 4
04 21 2021 16 37 70 29.24 14 4
04 21 2021 16 36 73 29.24 12 4
04 21 2021 17 37 67 29.23 20 4
04 21 2021 17 37 65 29.24 17 4
04 21 2021 18 35 67 29.26 15 4
04 21 2021 19 33 66 29.27 15 4
04 21 2021 20 32 75 29.28 9 8
04 21 2021 21 31 79 29.28 9 4
04 22 2021 07 28 81 29.25 12 3
04 22 2021 08 28 85 29.27 14 8
04 22 2021 08 29 82 29.27 13 8
04 22 2021 08 29 82 29.27 12 8
04 22 2021 08 29 82 29.27 12 8
04 22 2021 08 29 82 29.27 10 8
04 22 2021 08 29 85 29.26 12 8
04 22 2021 08 30 82 29.26 10 8
04 22 2021 09 30 82 29.26 12 3
04 22 2021 09 31 79 29.26 12 8
04 22 2021 09 31 76 29.26 13 8
04 22 2021 09 31 79 29.26 15 8
04 22 2021 09 32 75 29.26 13 3
04 22 2021 10 34 75 29.25 13 4
04 22 2021 11 37 57 29.25 24 3
04 22 2021 12 37 50 29.27 25 10
04 22 2021 13 36 48 29.28 28 10
04 22 2021 14 39 46 29.28 22 10
04 22 2021 15 38 48 29.29 23 8
04 22 2021 16 38 48 29.28 23 8
04 22 2021 17 40 45 29.27 24 10
04 22 2021 18 40 47 29.29 21 10
04 22 2021 19 39 45 29.30 20 3
04 22 2021 20 38 48 29.31 18 3
04 22 2021 21 36 55 29.34 17 0
04 23 2021 07 31 72 29.42 9 4
04 23 2021 08 37 57 29.43 15 3
04 23 2021 09 40 53 29.43 13 0
04 23 2021 10 44 47 29.41 22 0
04 23 2021 11 49 41 29.40 21 0
04 23 2021 12 52 32 29.39 20 0
04 23 2021 13 54 30 29.38 18 0
04 23 2021 14 55 30 29.37 24 0
04 23 2021 15 57 28 29.36 15 0
04 23 2021 16 58 26 29.34 21 0
04 23 2021 17 59 31 29.33 15 0
04 23 2021 18 59 29 29.33 22 0
04 23 2021 19 58 32 29.33 21 0
04 23 2021 20 54 38 29.34 7 0
04 23 2021 21 51 43 29.35 5 0
04 24 2021 07 33 85 29.44 0 0
04 24 2021 08 39 79 29.46 0 0
04 24 2021 09 48 61 29.46 0 0
04 24 2021 10 54 47 29.46 10 0
04 24 2021 11 59 39 29.46 9 0
04 24 2021 12 61 38 29.44 8 0
04 24 2021 13 63 33 29.41 7 0
04 24 2021 14 66 26 29.40 17 0
04 24 2021 15 66 25 29.38 13 0
04 24 2021 16 65 27 29.34 5 0
04 24 2021 17 65 26 29.32 3 0
04 24 2021 18 65 28 29.32 6 0
04 24 2021 19 61 35 29.30 7 0
04 24 2021 20 58 37 29.29 3 0
04 24 2021 21 52 54 29.28 0 0
04 25 2021 07 49 83 29.24 3 5
04 25 2021 08 50 83 29.24 3 4
04 25 2021 09 50 83 29.23 0 4
04 25 2021 10 51 80 29.23 0 4
04 25 2021 11 52 77 29.23 3 4
04 25 2021 12 54 72 29.23 5 4
04 25 2021 13 56 62 29.21 7 4
04 25 2021 14 56 57 29.21 13 4
04 25 2021 15 55 57 29.22 17 4
04 25 2021 16 54 62 29.22 12 4
04 25 2021 17 55 62 29.23 16 4
04 25 2021 18 54 55 29.25 15 3
04 25 2021 19 52 49 29.28 23 0
04 25 2021 20 46 58 29.31 21 0
04 25 2021 21 43 58 29.36 21 0
04 26 2021 07 34 54 29.53 17 4
04 26 2021 08 34 54 29.56 22 3
04 26 2021 09 36 50 29.56 20 2
04 26 2021 10 40 47 29.56 21 0
04 26 2021 11 41 47 29.57 17 2
04 26 2021 12 43 42 29.57 20 0
04 26 2021 13 44 43 29.57 24 0
04 26 2021 14 45 42 29.57 17 0
04 26 2021 15 46 39 29.56 18 0
04 26 2021 16 47 39 29.55 16 0
04 26 2021 17 47 37 29.55 17 0
04 26 2021 18 47 36 29.56 17 0
04 26 2021 19 46 33 29.57 16 0
04 26 2021 20 42 38 29.58 10 0
04 26 2021 21 38 44 29.58 5 0
04 27 2021 07 36 64 29.56 5 4
04 27 2021 08 39 57 29.57 3 4
04 27 2021 09 42 51 29.55 5 4
04 27 2021 10 45 46 29.53 6 4
04 27 2021 11 49 38 29.52 6 4
04 27 2021 12 50 36 29.51 5 4
04 27 2021 13 52 34 29.47 8 4
04 27 2021 14 57 30 29.45 6 2
04 27 2021 15 59 32 29.42 5 3
04 27 2021 16 63 31 29.40 0 2
04 27 2021 16 64 33 29.39 3 2
04 27 2021 17 65 31 29.38 0 4
04 27 2021 18 65 29 29.37 0 4
04 27 2021 19 64 31 29.35 0 0
04 27 2021 20 58 44 29.34 0 0
04 27 2021 21 59 42 29.35 0 4
04 28 2021 07 51 80 29.33 5 0
04 28 2021 08 53 80 29.35 0 2
04 28 2021 09 59 64 29.34 6 0
04 28 2021 10 62 60 29.33 5 0
04 28 2021 11 65 54 29.31 7 0
04 28 2021 12 67 49 29.29 3 4
04 28 2021 13 70 47 29.24 6 3
04 28 2021 14 72 44 29.24 0 0
04 28 2021 15 65 65 29.25 7 5
04 28 2021 16 62 75 29.26 5 7
04 28 2021 16 62 75 29.24 5 7
04 28 2021 16 61 83 29.24 0 5
04 28 2021 16 60 90 29.28 6 7
04 28 2021 17 60 86 29.27 3 7
04 28 2021 17 60 90 29.27 0 6
04 28 2021 18 60 90 29.26 6 4
04 28 2021 19 61 87 29.26 0 4
04 28 2021 20 60 90 29.26 0 4
04 28 2021 20 60 90 29.26 0 4
04 28 2021 21 60 90 29.27 0 4
04 29 2021 07 55 89 29.22 6 4
04 29 2021 08 54 90 29.22 6 4
04 29 2021 09 53 89 29.23 6 4
04 29 2021 09 53 89 29.24 6 4
04 29 2021 10 53 89 29.21 0 4
04 29 2021 10 54 86 29.20 5 4
04 29 2021 11 54 86 29.20 3 4
04 29 2021 12 54 86 29.19 5 5
04 29 2021 12 54 83 29.19 0 5
04 29 2021 13 54 86 29.16 0 5
04 29 2021 13 54 90 29.15 0 5
04 29 2021 14 54 90 29.14 0 5
04 29 2021 14 54 90 29.13 0 5
04 29 2021 15 55 86 29.10 0 6
04 29 2021 15 54 90 29.10 0 6
04 29 2021 15 54 90 29.08 0 5
04 29 2021 16 54 90 29.08 0 5
04 29 2021 16 55 86 29.06 0 5
04 29 2021 16 55 89 29.04 0 5
04 29 2021 17 56 87 29.01 0 5
04 29 2021 17 55 89 29.01 3 6
04 29 2021 17 55 93 29.00 0 7
04 29 2021 18 55 89 29.01 5 6
04 29 2021 18 55 93 28.99 3 5
04 29 2021 18 55 93 28.99 3 5
04 29 2021 18 55 93 28.99 0 5
04 29 2021 19 55 93 28.99 3 7
04 29 2021 19 55 93 28.99 3 6
04 29 2021 19 55 93 28.98 0 6
04 29 2021 19 55 93 28.99 0 5
04 29 2021 20 55 93 28.97 0 5
04 29 2021 21 54 93 28.97 10 4
04 29 2021 21 54 93 28.98 8 1
04 29 2021 21 54 93 28.99 7 4
04 30 2021 07 47 90 28.93 16 5
04 30 2021 08 47 86 28.93 16 5
04 30 2021 08 47 86 28.93 16 5
04 30 2021 08 47 86 28.93 17 5
04 30 2021 09 47 86 28.93 16 5
04 30 2021 09 47 86 28.93 17 5
04 30 2021 10 47 86 28.94 16 5
04 30 2021 11 47 83 28.95 20 5
04 30 2021 12 46 81 28.96 23 5
04 30 2021 12 46 83 28.96 20 5
04 30 2021 12 46 83 28.96 20 4
04 30 2021 13 46 83 28.97 20 6
04 30 2021 14 46 79 28.97 21 10
04 30 2021 14 47 77 28.97 21 10
04 30 2021 15 48 68 28.99 33 10
04 30 2021 16 47 66 29.03 22 10
04 30 2021 17 46 66 29.04 28 10
04 30 2021 17 46 66 29.05 21 10
04 30 2021 18 45 65 29.06 22 10
04 30 2021 18 45 65 29.07 24 10
04 30 2021 19 44 68 29.08 28 5
04 30 2021 19 42 76 29.10 20 5
04 30 2021 20 40 83 29.11 20 4
04 30 2021 20 40 79 29.12 21 5
04 30 2021 21 39 82 29.15 17 4
05 01 2021 07 34 82 29.43 14 4
05 01 2021 08 35 78 29.45 9 4
05 01 2021 08 35 76 29.46 9 4
05 01 2021 09 35 72 29.47 14 4
05 01 2021 09 37 70 29.47 13 4
05 01 2021 09 36 70 29.48 15 4
05 01 2021 10 37 67 29.48 10 4
05 01 2021 11 38 65 29.49 12 4
05 01 2021 12 42 60 29.48 14 2
05 01 2021 12 42 58 29.47 14 2
05 01 2021 13 46 51 29.45 12 0
05 01 2021 14 47 52 29.43 12 0
05 01 2021 15 49 44 29.41 13 0
05 01 2021 16 51 41 29.37 12 0
05 01 2021 17 51 36 29.35 9 0
05 01 2021 18 52 43 29.33 7 3
05 01 2021 19 51 43 29.29 5 3
05 01 2021 20 50 52 29.28 3 0
05 01 2021 21 49 52 29.25 8 4
05 02 2021 07 44 79 29.14 0 0
05 02 2021 08 49 74 29.16 0 0
05 02 2021 09 55 64 29.18 0 0
05 02 2021 10 58 56 29.18 8 4
05 02 2021 11 61 54 29.17 12 0
05 02 2021 12 61 54 29.22 15 4
05 02 2021 13 53 80 29.24 7 7
05 02 2021 13 52 83 29.23 7 7
05 02 2021 13 52 80 29.23 5 5
05 02 2021 14 51 86 29.25 6 6
05 02 2021 15 51 86 29.26 5 5
05 02 2021 15 51 86 29.26 7 6
05 02 2021 16 51 86 29.28 6 4
05 02 2021 16 51 86 29.28 6 5
05 02 2021 17 51 86 29.28 7 5
05 02 2021 18 50 93 29.27 0 6
05 02 2021 18 50 93 29.27 0 5
05 02 2021 19 50 93 29.28 0 5
05 02 2021 19 50 93 29.28 0 5
05 02 2021 19 51 89 29.29 0 5
05 02 2021 20 50 93 29.28 0 5
05 02 2021 21 50 93 29.30 0 4
05 03 2021 07 49 93 29.33 6 4
05 03 2021 08 51 89 29.34 0 4
05 03 2021 09 55 77 29.33 7 0
05 03 2021 10 58 70 29.32 9 0
05 03 2021 11 63 52 29.30 12 2
05 03 2021 12 65 50 29.29 13 3
05 03 2021 13 65 52 29.28 8 4
05 03 2021 14 65 56 29.27 10 4
05 03 2021 15 65 56 29.25 12 4
05 03 2021 16 68 52 29.22 10 3
05 03 2021 17 69 53 29.19 12 3
05 03 2021 18 68 52 29.19 13 3
05 03 2021 19 65 56 29.19 8 4
05 03 2021 20 61 67 29.21 10 5
05 03 2021 21 59 69 29.22 7 5
05 04 2021 07 52 93 29.15 7 4
05 04 2021 07 53 89 29.16 7 4
05 04 2021 08 53 89 29.18 7 4
05 04 2021 09 53 93 29.18 7 5
05 04 2021 10 54 90 29.18 7 5
05 04 2021 10 54 90 29.18 7 5
05 04 2021 10 54 90 29.18 7 1
05 04 2021 10 54 90 29.20 5 5
05 04 2021 10 54 90 29.20 7 5
05 04 2021 11 54 93 29.19 9 5
05 04 2021 11 54 93 29.19 9 5
05 04 2021 11 54 93 29.19 9 5
05 04 2021 11 55 89 29.20 8 5
05 04 2021 12 55 89 29.20 6 5
05 04 2021 12 55 93 29.19 5 5
05 04 2021 12 55 93 29.18 5 5
05 04 2021 13 56 90 29.19 6 5
05 04 2021 13 56 93 29.19 8 4
05 04 2021 13 56 90 29.20 7 4
05 04 2021 14 56 90 29.20 9 4
05 04 2021 14 57 87 29.20 8 4
05 04 2021 15 61 83 29.19 9 4
05 04 2021 16 62 80 29.17 9 4
05 04 2021 16 62 80 29.16 9 5
05 04 2021 17 63 81 29.14 10 4
05 04 2021 18 63 78 29.13 12 0
05 04 2021 19 61 81 29.13 12 4
05 04 2021 20 59 83 29.12 12 3
05 04 2021 20 59 83 29.11 12 3
05 04 2021 21 59 87 29.12 13 4
05 05 2021 07 54 88 29.18 8 4
05 05 2021 07 52 93 29.18 9 4
05 05 2021 08 52 89 29.18 5 4
05 05 2021 08 52 89 29.18 5 4
05 05 2021 08 52 93 29.16 6 1
05 05 2021 08 52 93 29.17 6 1
05 05 2021 09 52 93 29.17 5 4
05 05 2021 09 52 93 29.18 9 1
05 05 2021 09 51 92 29.19 10 4
05 05 2021 10 51 92 29.19 10 1
05 05 2021 10 51 89 29.19 9 4
05 05 2021 11 51 89 29.20 9 4
05 05 2021 11 50 93 29.21 8 1
05 05 2021 12 50 87 29.22 12 4
05 05 2021 12 50 89 29.22 12 4
05 05 2021 13 50 86 29.22 15 5
05 05 2021 13 50 86 29.23 14 5
05 05 2021 14 48 93 29.23 13 5
05 05 2021 14 49 90 29.23 12 5
05 05 2021 15 50 86 29.23 10 5
05 05 2021 16 50 86 29.23 14 5
05 05 2021 16 49 90 29.24 14 5
05 05 2021 17 49 86 29.25 12 5
05 05 2021 18 48 89 29.27 13 5
05 05 2021 18 48 86 29.27 13 4
05 05 2021 18 48 86 29.28 12 4
05 05 2021 19 46 93 29.28 9 4
05 05 2021 19 47 90 29.29 9 4
05 05 2021 19 48 86 29.29 7 4
05 05 2021 20 47 90 29.30 9 4
05 05 2021 21 47 86 29.32 9 4
05 05 2021 21 47 86 29.33 10 4
05 05 2021 21 47 86 29.33 10 4
05 05 2021 21 47 86 29.34 12 4
05 05 2021 21 47 90 29.34 10 5
05 06 2021 07 43 86 29.45 12 0
05 06 2021 08 44 82 29.47 14 0
05 06 2021 08 45 76 29.48 9 3
05 06 2021 09 46 71 29.49 12 4
05 06 2021 10 46 66 29.49 10 3
05 06 2021 10 49 59 29.49 9 0
05 06 2021 11 51 54 29.49 7 2
05 06 2021 12 52 50 29.49 10 0
05 06 2021 13 56 44 29.47 7 2
05 06 2021 14 58 39 29.45 16 0
05 06 2021 15 57 37 29.44 16 0
05 06 2021 16 57 36 29.43 16 0
05 06 2021 17 56 39 29.43 15 0
05 06 2021 18 54 40 29.44 13 0
05 06 2021 19 53 40 29.44 14 0
05 06 2021 20 50 43 29.46 10 0
05 06 2021 21 47 50 29.47 3 0
05 07 2021 07 34 89 29.44 0 0
05 07 2021 08 39 79 29.44 0 0
05 07 2021 09 47 59 29.44 0 3
05 07 2021 10 51 52 29.43 6 0
05 07 2021 11 56 40 29.41 9 0
05 07 2021 12 56 39 29.40 3 4
05 07 2021 13 58 39 29.37 5 3
05 07 2021 14 58 36 29.35 0 4
05 07 2021 15 58 39 29.34 9 3
05 07 2021 16 59 41 29.32 10 2
05 07 2021 17 57 42 29.31 10 4
05 07 2021 18 57 44 29.32 12 4
05 07 2021 19 54 51 29.33 10 4
05 07 2021 20 51 61 29.34 6 4
05 07 2021 21 49 64 29.34 7 4
05 08 2021 07 43 89 29.31 6 5
05 08 2021 08 41 89 29.33 10 6
05 08 2021 09 40 93 29.34 7 5
05 08 2021 10 42 89 29.35 5 5
05 08 2021 11 43 89 29.36 0 5
05 08 2021 11 44 85 29.36 3 5
05 08 2021 11 44 85 29.36 3 5
05 08 2021 12 44 82 29.36 0 5
05 08 2021 12 44 82 29.36 3 5
05 08 2021 12 44 82 29.36 3 5
05 08 2021 12 44 82 29.36 3 5
05 08 2021 13 45 82 29.36 3 5
05 08 2021 13 45 80 29.37 0 5
05 08 2021 13 45 82 29.36 3 5
05 08 2021 13 45 82 29.36 0 5
05 08 2021 14 45 86 29.36 3 5
05 08 2021 14 45 86 29.36 0 5
05 08 2021 14 45 86 29.36 3 5
05 08 2021 14 46 83 29.36 5 5
05 08 2021 15 46 83 29.36 7 5
05 08 2021 15 47 83 29.36 5 5
05 08 2021 16 48 80 29.36 7 5
05 08 2021 17 48 82 29.37 3 5
05 08 2021 17 47 86 29.37 5 5
05 08 2021 18 48 83 29.38 7 4
05 08 2021 18 49 80 29.38 6 4
05 08 2021 18 48 80 29.38 9 4
05 08 2021 19 48 77 29.40 7 4
05 08 2021 20 48 77 29.41 6 4
05 08 2021 20 48 74 29.41 7 4
05 08 2021 20 47 77 29.42 7 4
05 08 2021 20 47 77 29.43 9 4
05 08 2021 21 46 76 29.45 8 4
05 08 2021 21 46 76 29.46 8 4
05 09 2021 07 37 93 29.51 0 4
05 09 2021 07 37 96 29.51 0 4
05 09 2021 08 41 89 29.51 0 4
05 09 2021 08 41 89 29.51 0 4
05 09 2021 09 45 86 29.51 3 3
05 09 2021 09 45 82 29.51 3 2
05 09 2021 09 45 82 29.51 6 3
05 09 2021 10 47 77 29.50 6 4
05 09 2021 10 47 77 29.50 3 4
05 09 2021 11 51 74 29.50 5 2
05 09 2021 11 51 71 29.49 0 0
05 09 2021 12 54 64 29.48 3 0
05 09 2021 13 56 57 29.44 0 0
05 09 2021 14 57 45 29.40 3 0
05 09 2021 15 57 49 29.39 5 3
05 09 2021 16 57 47 29.36 3 4
05 09 2021 17 57 47 29.35 0 4
05 09 2021 17 53 57 29.36 16 4
05 09 2021 18 50 71 29.37 16 6
05 09 2021 18 49 74 29.37 14 6
05 09 2021 18 48 76 29.38 12 6
05 09 2021 18 49 71 29.38 10 6
05 09 2021 19 47 83 29.36 5 5
05 09 2021 20 47 83 29.38 0 5
05 09 2021 21 46 86 29.39 3 5
05 10 2021 07 45 90 29.38 5 5
05 10 2021 08 46 86 29.39 7 4
05 10 2021 08 46 86 29.39 8 4
05 10 2021 08 46 86 29.39 7 4
05 10 2021 09 46 89 29.39 7 4
05 10 2021 09 47 86 29.39 7 4
05 10 2021 10 48 83 29.38 6 4
05 10 2021 10 48 83 29.39 6 4
05 10 2021 11 47 83 29.40 7 4
05 10 2021 11 47 83 29.40 8 5
05 10 2021 12 50 77 29.42 10 4
05 10 2021 12 51 74 29.42 7 4
05 10 2021 12 50 77 29.43 8 4
05 10 2021 13 51 74 29.43 8 4
05 10 2021 13 52 74 29.42 8 4
05 10 2021 14 53 64 29.41 12 4
05 10 2021 15 54 64 29.41 7 4
05 10 2021 16 55 55 29.40 9 4
05 10 2021 17 57 44 29.39 12 4
05 10 2021 18 55 45 29.41 15 3
05 10 2021 19 54 47 29.42 8 3
05 10 2021 20 53 45 29.45 8 4
05 10 2021 21 52 47 29.47 9 4
05 11 2021 07 36 86 29.51 0 0
05 11 2021 08 42 76 29.51 3 0
05 11 2021 09 46 63 29.51 10 2
05 11 2021 10 50 54 29.50 17 0
05 11 2021 11 52 47 29.51 13 3
05 11 2021 12 52 40 29.51 26 3
05 11 2021 13 52 43 29.51 20 4
05 11 2021 14 51 43 29.50 17 4
05 11 2021 15 52 41 29.49 22 3
05 11 2021 16 53 37 29.49 22 2
05 11 2021 17 53 35 29.49 24 2
05 11 2021 18 52 38 29.50 23 2
05 11 2021 19 51 41 29.51 14 0
05 11 2021 20 48 46 29.51 17 0
05 11 2021 21 47 50 29.52 15 3
05 12 2021 07 43 82 29.63 9 4
05 12 2021 08 44 79 29.64 9 4
05 12 2021 09 45 76 29.66 10 4
05 12 2021 09 45 76 29.67 10 4
05 12 2021 09 45 76 29.67 9 4
05 12 2021 10 47 74 29.67 9 4
05 12 2021 10 49 71 29.67 7 3
05 12 2021 10 51 66 29.67 9 2
05 12 2021 11 53 64 29.66 9 0
05 12 2021 12 55 55 29.66 13 3
05 12 2021 13 58 47 29.64 12 4
05 12 2021 14 60 41 29.64 16 3
05 12 2021 15 62 34 29.63 17 3
05 12 2021 16 63 30 29.62 20 0
05 12 2021 17 63 30 29.63 20 4
05 12 2021 18 62 29 29.64 20 3
05 12 2021 19 60 31 29.65 12 0
05 12 2021 20 56 36 29.66 9 0
05 12 2021 21 52 40 29.67 5 0
05 13 2021 07 34 85 29.72 0 0
05 13 2021 08 41 79 29.73 0 0
05 13 2021 09 47 68 29.74 5 0
05 13 2021 10 53 59 29.73 5 0
05 13 2021 11 57 51 29.72 3 2
05 13 2021 12 61 44 29.70 6 3
05 13 2021 13 64 40 29.68 6 4
05 13 2021 14 66 34 29.66 0 2
05 13 2021 15 67 31 29.65 13 3
05 13 2021 16 69 30 29.63 13 2
05 13 2021 17 68 30 29.62 6 3
05 13 2021 18 67 32 29.61 16 0
05 13 2021 19 65 33 29.62 16 0
05 13 2021 20 62 35 29.63 13 0
05 13 2021 21 55 47 29.66 8 0
05 14 2021 07 39 86 29.72 0 0
05 14 2021 08 46 73 29.73 0 0
05 14 2021 09 53 61 29.73 6 0
05 14 2021 10 57 55 29.73 3 0
05 14 2021 11 61 50 29.72 5 0
05 14 2021 12 66 42 29.71 6 0
05 14 2021 13 70 36 29.68 10 0
05 14 2021 14 72 27 29.66 12 0
05 14 2021 15 73 27 29.66 15 2
05 14 2021 16 71 25 29.65 12 0
05 14 2021 17 71 24 29.64 15 0
05 14 2021 18 69 25 29.64 16 0
05 14 2021 19 66 28 29.64 12 0
05 14 2021 20 60 35 29.66 8 0
05 14 2021 21 55 42 29.67 3 0
05 15 2021 07 39 79 29.73 0 0
05 15 2021 08 46 68 29.73 0 0
05 15 2021 09 53 55 29.73 0 0
05 15 2021 10 60 39 29.73 0 0
05 15 2021 11 64 37 29.72 3 0
05 15 2021 12 68 32 29.71 0 0
05 15 2021 13 71 28 29.70 8 0
05 15 2021 14 73 24 29.68 15 0
05 15 2021 15 72 21 29.67 12 0
05 15 2021 16 73 22 29.65 15 0
05 15 2021 17 72 23 29.64 13 0
05 15 2021 18 70 26 29.63 6 0
05 15 2021 19 69 30 29.63 8 0
05 15 2021 20 64 31 29.64 7 0
05 15 2021 21 60 38 29.66 0 0
05 16 2021 07 43 76 29.72 0 0
05 16 2021 08 50 61 29.73 3 0
05 16 2021 09 58 47 29.73 0 0
05 16 2021 10 62 39 29.73 0 0
05 16 2021 11 67 36 29.72 5 0
05 16 2021 12 71 28 29.71 5 0
05 16 2021 13 73 28 29.68 3 0
05 16 2021 14 74 25 29.66 8 0
05 16 2021 15 71 30 29.65 9 0
05 16 2021 16 74 25 29.64 0 0
05 16 2021 17 72 26 29.63 0 2
05 16 2021 18 72 26 29.63 5 2
05 16 2021 19 70 29 29.64 3 4
05 16 2021 20 68 33 29.65 7 4
05 16 2021 21 67 34 29.66 7 3
05 17 2021 07 46 86 29.76 0 0
05 17 2021 08 54 69 29.77 0 0
05 17 2021 09 59 60 29.77 0 0
05 17 2021 10 64 48 29.77 0 0
05 17 2021 11 68 43 29.76 0 0
05 17 2021 12 71 32 29.74 0 0
05 17 2021 13 73 31 29.72 3 0
05 17 2021 14 75 27 29.71 8 0
05 17 2021 14 74 28 29.71 7 0
05 17 2021 15 76 27 29.69 7 0
05 17 2021 16 76 26 29.68 6 0
05 17 2021 17 76 27 29.67 6 0
05 17 2021 17 76 29 29.67 6 0
05 17 2021 18 75 29 29.68 13 0
05 17 2021 19 73 30 29.67 9 0
05 17 2021 20 71 34 29.68 3 0
05 17 2021 21 63 52 29.70 3 0
05 18 2021 07 48 83 29.78 0 0
05 18 2021 08 55 72 29.80 0 0
05 18 2021 09 60 62 29.80 0 0
05 18 2021 10 65 52 29.80 7 0
05 18 2021 11 69 47 29.79 10 0
05 18 2021 12 73 39 29.78 9 0
05 18 2021 13 74 43 29.76 7 0
05 18 2021 14 77 37 29.74 10 0
05 18 2021 15 74 35 29.72 10 3
05 18 2021 16 78 32 29.70 16 2
05 18 2021 17 76 33 29.70 9 3
05 18 2021 18 77 34 29.71 14 3
05 18 2021 19 74 34 29.70 10 0
05 18 2021 20 70 36 29.69 7 0
05 18 2021 21 64 50 29.71 3 0
05 19 2021 07 51 80 29.80 0 0
05 19 2021 08 57 69 29.82 3 0
05 19 2021 09 62 60 29.83 0 0
05 19 2021 10 68 55 29.83 3 0
05 19 2021 11 72 48 29.82 0 0
05 19 2021 12 78 39 29.81 0 0
05 19 2021 13 80 38 29.78 6 0
05 19 2021 14 82 35 29.77 9 0
05 19 2021 15 84 33 29.76 9 0
05 19 2021 16 84 32 29.75 12 0
05 19 2021 17 84 33 29.75 13 0
05 19 2021 18 81 36 29.76 12 0
05 19 2021 19 80 36 29.76 8 0
05 19 2021 20 73 51 29.76 6 0
05 19 2021 21 69 57 29.77 0 0
05 20 2021 07 58 84 29.86 6 0
05 20 2021 08 62 72 29.88 0 0
05 20 2021 09 66 68 29.89 0 0
05 20 2021 10 71 61 29.88 7 0
05 20 2021 11 79 48 29.87 5 0
05 20 2021 12 84 40 29.86 9 0
05 20 2021 13 86 37 29.84 8 0
05 20 2021 14 88 30 29.82 0 0
05 20 2021 15 88 25 29.81 3 0
05 20 2021 16 89 27 29.80 5 3
05 20 2021 17 86 32 29.80 7 0
05 20 2021 18 86 35 29.79 7 0
05 20 2021 19 84 38 29.79 6 0
05 20 2021 20 80 43 29.80 6 0
05 20 2021 21 75 50 29.81 5 0
05 21 2021 07 65 65 29.89 6 0
05 21 2021 08 69 58 29.90 7 0
05 21 2021 09 72 55 29.90 6 2
05 21 2021 10 75 51 29.91 3 2
05 21 2021 11 78 48 29.90 5 0
05 21 2021 12 81 44 29.89 5 0
05 21 2021 13 85 40 29.87 0 0
05 21 2021 14 86 38 29.85 3 0
05 21 2021 15 89 32 29.82 8 0
05 21 2021 16 88 32 29.81 12 0
05 21 2021 17 88 35 29.79 9 2
05 21 2021 18 86 32 29.78 13 0
05 21 2021 19 83 38 29.78 9 0
05 21 2021 20 79 40 29.79 6 0
05 21 2021 21 74 52 29.79 0 0
05 22 2021 07 61 78 29.72 0 0
05 22 2021 08 65 70 29.72 0 2
05 22 2021 09 68 68 29.71 0 2
05 22 2021 10 72 59 29.70 6 0
05 22 2021 11 74 53 29.68 7 0
05 22 2021 12 76 56 29.67 8 0
05 22 2021 13 77 56 29.65 8 0
05 22 2021 14 79 54 29.63 12 0
05 22 2021 15 81 49 29.59 13 0
05 22 2021 16 81 47 29.57 13 0
05 22 2021 17 82 45 29.55 18 0
05 22 2021 18 79 48 29.55 14 0
05 22 2021 19 79 50 29.54 16 3
05 22 2021 20 74 59 29.55 10 2
05 22 2021 21 73 61 29.55 8 4
05 23 2021 07 66 87 29.45 6 4
05 23 2021 07 67 84 29.45 7 4
05 23 2021 07 68 81 29.44 6 4
05 23 2021 08 69 81 29.44 9 4
05 23 2021 08 71 75 29.43 13 3
05 23 2021 09 72 73 29.42 16 3
05 23 2021 10 72 73 29.43 15 4
05 23 2021 11 71 75 29.43 13 4
05 23 2021 12 70 78 29.44 15 4
05 23 2021 12 70 78 29.44 13 4
05 23 2021 13 70 78 29.43 12 4
05 23 2021 13 71 75 29.43 14 4
05 23 2021 14 70 78 29.44 14 4
05 23 2021 14 69 78 29.44 10 4
05 23 2021 15 70 64 29.45 9 4
05 23 2021 15 69 65 29.45 12 4
05 23 2021 16 70 61 29.45 12 4
05 23 2021 17 70 55 29.48 10 3
05 23 2021 18 69 51 29.49 10 0
05 23 2021 19 67 51 29.52 13 0
05 23 2021 20 63 54 29.55 7 0
05 23 2021 21 59 62 29.58 6 0
05 24 2021 07 46 86 29.72 0 0
05 24 2021 08 52 74 29.74 7 0
05 24 2021 09 58 60 29.74 7 0
05 24 2021 10 61 48 29.74 9 0
05 24 2021 11 65 40 29.72 10 0
05 24 2021 12 69 36 29.70 7 0
05 24 2021 13 68 37 29.69 0 0
05 24 2021 14 70 39 29.66 5 0
05 24 2021 15 72 34 29.64 3 0
05 24 2021 16 73 35 29.62 5 0
05 24 2021 17 74 38 29.60 6 0
05 24 2021 18 74 37 29.59 3 0
05 24 2021 19 73 39 29.59 6 0
05 24 2021 20 70 47 29.59 3 0
05 24 2021 21 63 58 29.59 0 0
05 25 2021 07 59 81 29.62 6 0
05 25 2021 08 63 72 29.62 7 0
05 25 2021 09 65 70 29.60 7 3
05 25 2021 10 66 70 29.59 8 4
05 25 2021 11 68 68 29.58 6 4
05 25 2021 12 73 61 29.56 5 0
05 25 2021 13 77 58 29.54 0 0
05 25 2021 14 81 56 29.51 8 0
05 25 2021 15 82 54 29.50 8 2
05 25 2021 16 83 51 29.48 8 3
05 25 2021 17 84 49 29.45 9 3
05 25 2021 18 84 49 29.43 6 2
05 25 2021 19 82 52 29.44 7 4
05 25 2021 20 80 54 29.45 7 4
05 25 2021 21 77 60 29.45 5 0
05 26 2021 07 68 78 29.42 6 0
05 26 2021 08 73 68 29.41 5 0
05 26 2021 09 77 62 29.40 6 0
05 26 2021 10 80 56 29.38 7 3
05 26 2021 11 85 48 29.36 12 0
05 26 2021 12 84 49 29.35 9 3
05 26 2021 13 88 42 29.30 13 0
05 26 2021 14 74 64 29.32 32 5
05 26 2021 14 70 78 29.32 28 10
05 26 2021 14 70 81 29.37 20 10
05 26 2021 14 67 90 29.34 5 10
05 26 2021 14 67 90 29.34 0 5
05 26 2021 15 68 87 29.35 3 5
05 26 2021 15 68 90 29.35 5 10
05 26 2021 15 69 84 29.35 5 5
05 26 2021 15 69 81 29.34 5 10
05 26 2021 15 70 78 29.33 0 2
05 26 2021 16 71 84 29.31 5 0
05 26 2021 17 72 78 29.30 5 4
05 26 2021 18 70 87 29.28 7 7
05 26 2021 18 69 90 29.28 12 7
05 26 2021 18 69 93 29.29 5 5
05 26 2021 18 69 93 29.27 3 7
05 26 2021 18 70 90 29.29 8 7
05 26 2021 19 70 90 29.28 6 5
05 26 2021 19 70 87 29.28 6 4
05 26 2021 19 69 87 29.29 8 6
05 26 2021 20 69 84 29.30 6 4
05 26 2021 21 67 87 29.32 3 4
05 27 2021 07 53 77 29.46 8 2
05 27 2021 08 54 75 29.48 9 4
05 27 2021 08 54 75 29.49 13 4
05 27 2021 09 56 75 29.51 9 4
05 27 2021 10 57 72 29.51 9 4
05 27 2021 11 59 69 29.51 9 4
05 27 2021 12 62 65 29.51 12 3
05 27 2021 13 63 60 29.51 12 4
05 27 2021 13 63 58 29.51 12 4
05 27 2021 14 64 50 29.52 16 2
05 27 2021 15 63 48 29.51 18 3
05 27 2021 16 63 45 29.52 17 0
05 27 2021 17 62 43 29.51 16 0
05 27 2021 18 62 44 29.51 15 0
05 27 2021 19 61 44 29.51 13 0
05 27 2021 20 57 53 29.53 10 0
05 27 2021 21 54 59 29.55 7 0
05 28 2021 07 47 61 29.61 6 3
05 28 2021 08 48 61 29.62 5 4
05 28 2021 09 47 63 29.61 6 5
05 28 2021 10 48 66 29.61 7 4
05 28 2021 11 49 71 29.62 6 5
05 28 2021 11 50 68 29.61 5 5
05 28 2021 12 49 66 29.59 5 4
05 28 2021 13 47 83 29.56 5 6
05 28 2021 13 47 86 29.58 5 6
05 28 2021 14 47 83 29.57 3 6
05 28 2021 14 46 89 29.57 3 6
05 28 2021 14 46 86 29.56 5 6
05 28 2021 14 46 83 29.57 8 6
05 28 2021 14 45 82 29.57 8 6
05 28 2021 15 45 86 29.56 3 5
05 28 2021 16 46 86 29.53 5 6
05 28 2021 17 46 86 29.52 0 6
05 28 2021 17 46 86 29.52 5 5
05 28 2021 18 46 86 29.51 3 5
05 28 2021 19 46 86 29.51 3 5
05 28 2021 19 46 86 29.51 3 5
05 28 2021 20 46 83 29.51 6 5
05 28 2021 21 45 82 29.51 7 5
05 29 2021 07 43 82 29.52 3 4
05 29 2021 08 45 80 29.53 3 3
05 29 2021 09 47 71 29.54 3 0
05 29 2021 10 50 66 29.56 7 0
05 29 2021 11 54 62 29.58 6 4
05 29 2021 12 54 57 29.59 10 4
05 29 2021 13 54 57 29.60 10 4
05 29 2021 14 58 58 29.59 13 0
05 29 2021 15 59 55 29.58 12 0
05 29 2021 16 59 53 29.58 9 0
05 29 2021 17 59 51 29.58 12 0
05 29 2021 18 58 53 29.59 14 0
05 29 2021 19 57 55 29.62 10 0
05 29 2021 20 54 59 29.63 6 0
05 29 2021 21 51 66 29.65 7 0
05 30 2021 07 47 86 29.71 0 4
05 30 2021 08 50 80 29.73 0 4
05 30 2021 09 53 66 29.74 0 4
05 30 2021 10 53 64 29.74 7 4
05 30 2021 11 54 64 29.73 0 4
05 30 2021 12 55 64 29.72 7 4
05 30 2021 13 55 57 29.73 9 4
05 30 2021 14 55 64 29.72 8 5
05 30 2021 15 55 64 29.71 9 4
05 30 2021 16 52 74 29.71 3 5
05 30 2021 17 51 80 29.70 6 5
05 30 2021 18 53 77 29.69 0 4
05 30 2021 19 52 83 29.68 3 5
05 30 2021 20 51 86 29.70 5 5
05 30 2021 21 50 86 29.70 3 5
05 31 2021 07 50 86 29.69 7 4
05 31 2021 08 50 89 29.69 5 4
05 31 2021 09 53 80 29.70 6 4
05 31 2021 10 55 77 29.71 9 4
05 31 2021 11 57 72 29.70 3 4
05 31 2021 12 62 62 29.68 5 0
05 31 2021 13 66 54 29.66 8 2
05 31 2021 14 71 39 29.64 9 4
05 31 2021 15 72 35 29.63 14 3
05 31 2021 16 70 30 29.63 17 0
05 31 2021 17 70 28 29.63 17 0
05 31 2021 18 69 30 29.64 14 0
05 31 2021 19 67 32 29.65 13 0
05 31 2021 20 65 37 29.65 7 0
05 31 2021 21 60 42 29.66 0 0
03 01 2022 07 20 60 29.53 10 4
03 01 2022 08 22 53 29.51 10 4
03 01 2022 09 24 53 29.50 9 4
03 01 2022 10 26 55 29.47 10 4
03 01 2022 11 30 59 29.44 10 4
03 01 2022 12 32 64 29.41 10 4
03 01 2022 13 34 64 29.37 10 4
03 01 2022 14 37 62 29.33 8 4
03 01 2022 15 38 70 29.32 10 8
03 01 2022 16 38 73 29.30 9 5
03 01 2022 17 38 73 29.29 10 5
03 01 2022 18 35 89 29.30 7 4
03 01 2022 19 35 89 29.31 7 5
03 01 2022 19 34 96 29.32 5 5
03 01 2022 19 34 96 29.32 0 8
03 01 2022 19 34 96 29.32 3 8
03 01 2022 19 33 100 29.33 0 8
03 01 2022 19 33 96 29.33 0 8
03 01 2022 20 33 100 29.33 0 8
03 01 2022 20 33 96 29.34 0 10
03 01 2022 21 33 100 29.34 0 8
03 01 2022 21 33 100 29.34 5 8
03 01 2022 21 33 100 29.35 5 8
03 01 2022 21 33 100 29.36 7 8
03 02 2022 07 25 78 29.50 6 4
03 02 2022 08 24 77 29.51 5 4
03 02 2022 09 25 75 29.51 0 4
03 02 2022 10 26 75 29.51 0 8
03 02 2022 11 27 78 29.51 0 8
03 02 2022 12 27 81 29.52 6 4
03 02 2022 12 28 78 29.52 7 4
03 02 2022 12 28 81 29.51 6 8
03 02 2022 13 28 85 29.51 7 8
03 02 2022 13 28 81 29.50 6 8
03 02 2022 13 29 78 29.49 6 3
03 02 2022 14 32 61 29.46 0 3
03 02 2022 15 35 59 29.45 5 8
03 02 2022 16 34 56 29.44 6 0
03 02 2022 17 34 54 29.42 0 3
03 02 2022 18 33 66 29.41 3 4
03 02 2022 19 31 72 29.38 7 4
03 02 2022 20 31 72 29.34 6 4
03 02 2022 21 31 76 29.35 3 4
03 02 2022 21 31 79 29.35 6 8
03 02 2022 21 30 85 29.35 3 8
03 03 2022 07 26 88 29.46 9 4
03 03 2022 07 25 75 29.49 12 8
03 03 2022 08 24 77 29.51 14 8
03 03 2022 09 21 65 29.56 15 4
03 03 2022 10 21 63 29.59 12 3
03 03 2022 10 21 65 29.59 14 3
03 03 2022 10 21 68 29.59 15 4
03 03 2022 11 21 68 29.62 15 4
03 03 2022 12 22 55 29.64 17 3
03 03 2022 13 22 55 29.66 21 0
03 03 2022 14 21 55 29.67 17 3
03 03 2022 15 21 57 29.68 18 3
03 03 2022 16 22 55 29.70 16 3
03 03 2022 17 20 55 29.73 21 0
03 03 2022 18 20 52 29.76 13 4
03 03 2022 19 19 54 29.80 16 4
03 03 2022 20 19 54 29.83 12 4
03 03 2022 21 16 62 29.85 6 0
03 04 2022 07 1 83 29.96 0 4
03 04 2022 08 3 84 29.98 0 2
03 04 2022 08 4 88 29.98 0 3
03 04 2022 09 9 70 29.97 5 4
03 04 2022 09 11 73 29.97 0 2
03 04 2022 10 14 67 29.97 0 4
03 04 2022 11 20 68 29.95 0 4
03 04 2022 12 25 58 29.92 0 4
03 04 2022 13 25 60 29.90 9 4
03 04 2022 14 27 51 29.88 12 3
03 04 2022 15 28 47 29.87 12 3
03 04 2022 16 28 47 29.87 13 3
03 04 2022 17 27 49 29.86 8 3
03 04 2022 18 26 51 29.86 3 0
03 04 2022 19 21 65 29.87 0 0
03 04 2022 20 16 74 29.87 0 0
03 04 2022 21 14 77 29.87 0 0
03 05 2022 07 12 84 29.94 3 2
03 05 2022 08 14 84 29.95 3 0
03 05 2022 09 20 74 29.95 5 3
03 05 2022 10 25 66 29.93 7 4
03 05 2022 11 29 61 29.92 5 3
03 05 2022 12 33 54 29.89 7 4
03 05 2022 13 36 50 29.86 7 0
03 05 2022 14 38 43 29.81 9 0
03 05 2022 15 39 43 29.76 10 0
03 05 2022 16 40 41 29.73 13 2
03 05 2022 17 39 46 29.72 12 3
03 05 2022 18 37 50 29.70 14 0
03 05 2022 19 36 55 29.68 13 0
03 05 2022 20 36 52 29.66 10 0
03 05 2022 21 36 52 29.64 13 0
03 06 2022 07 40 86 29.34 12 5
03 06 2022 08 41 89 29.34 12 10
03 06 2022 08 41 89 29.33 14 5
03 06 2022 08 41 93 29.33 13 5
03 06 2022 09 43 89 29.31 12 5
03 06 2022 10 45 90 29.29 8 5
03 06 2022 11 49 80 29.26 8 2
03 06 2022 12 58 65 29.22 6 0
03 06 2022 13 63 52 29.16 10 0
03 06 2022 14 68 43 29.13 14 0
03 06 2022 15 70 36 29.12 16 3
03 06 2022 16 70 38 29.12 21 3
03 06 2022 17 68 42 29.13 9 3
03 06 2022 18 60 51 29.15 17 3
03 06 2022 18 58 58 29.16 12 3
03 06 2022 19 59 58 29.20 22 10
03 06 2022 20 51 61 29.29 18 0
03 06 2022 21 47 66 29.35 24 0
03 07 2022 07 35 85 29.36 3 3
03 07 2022 08 37 82 29.35 3 4
03 07 2022 09 37 82 29.30 5 6
03 07 2022 10 37 93 29.25 5 5
03 07 2022 11 37 96 29.15 9 6
03 07 2022 11 37 100 29.16 0 5
03 07 2022 11 37 96 29.16 0 6
03 07 2022 12 37 96 29.17 3 6
03 07 2022 12 37 93 29.13 7 6
03 07 2022 12 37 96 29.13 8 6
03 07 2022 12 37 96 29.13 7 5
03 07 2022 13 37 96 29.08 8 4
03 07 2022 14 37 100 29.03 6 4
03 07 2022 14 38 97 29.03 6 4
03 07 2022 14 38 97 29.03 3 4
03 07 2022 14 39 96 29.00 9 5
03 07 2022 15 40 97 28.98 9 4
03 07 2022 16 44 96 28.90 9 4
03 07 2022 16 46 93 28.91 6 4
03 07 2022 17 47 97 28.89 7 4
03 07 2022 18 46 96 28.85 3 4
03 07 2022 18 45 97 28.79 7 5
03 07 2022 19 48 89 28.90 17 6
03 07 2022 19 46 93 28.93 22 5
03 07 2022 20 40 86 29.05 35 10
03 07 2022 20 35 92 29.11 17 10
03 07 2022 21 35 92 29.14 18 8
03 07 2022 21 35 85 29.17 16 4
03 08 2022 07 27 66 29.52 15 4
03 08 2022 08 29 61 29.56 14 4
03 08 2022 09 30 66 29.58 16 4
03 08 2022 10 32 59 29.59 22 2
03 08 2022 11 34 50 29.60 17 0
03 08 2022 12 35 48 29.60 14 0
03 08 2022 13 36 46 29.61 17 0
03 08 2022 14 36 44 29.61 16 0
03 08 2022 15 36 44 29.61 9 0
03 08 2022 16 36 46 29.60 12 0
03 08 2022 17 34 50 29.62 13 0
03 08 2022 18 29 64 29.62 7 0
03 08 2022 19 27 66 29.62 0 0
03 08 2022 20 27 69 29.62 0 0
03 08 2022 21 25 78 29.64 5 0
03 09 2022 07 28 72 29.54 5 0
03 09 2022 08 30 66 29.51 6 0
03 09 2022 09 32 61 29.50 9 0
03 09 2022 10 33 61 29.47 8 0
03 09 2022 11 34 59 29.47 12 3
03 09 2022 12 34 64 29.45 12 4
03 09 2022 12 33 82 29.44 9 8
03 09 2022 13 32 88 29.43 10 8
03 09 2022 13 32 88 29.43 6 8
03 09 2022 13 32 92 29.43 6 10
03 09 2022 13 32 92 29.43 8 10
03 09 2022 13 32 96 29.41 7 10
03 09 2022 14 32 96 29.40 7 10
03 09 2022 14 32 93 29.40 7 10
03 09 2022 14 32 96 29.40 6 10
03 09 2022 14 32 96 29.40 6 10
03 09 2022 14 32 96 29.40 7 9
03 09 2022 15 32 92 29.39 7 10
03 09 2022 15 32 92 29.39 8 9
03 09 2022 15 32 96 29.39 7 10
03 09 2022 16 32 96 29.39 6 10
03 09 2022 16 31 100 29.40 5 10
03 09 2022 16 31 100 29.40 5 9
03 09 2022 17 31 100 29.40 5 10
03 09 2022 17 31 100 29.40 5 10
03 09 2022 18 31 100 29.42 3 10
03 09 2022 18 32 96 29.43 6 8
03 09 2022 19 32 96 29.43 5 8
03 09 2022 19 32 96 29.43 6 8
03 09 2022 19 32 92 29.43 6 8
03 09 2022 19 32 92 29.42 7 8
03 09 2022 20 32 96 29.44 3 8
03 09 2022 20 32 96 29.45 0 8
03 09 2022 20 32 96 29.45 0 8
03 09 2022 21 32 96 29.45 0 4
03 09 2022 21 32 96 29.47 3 4
03 09 2022 21 32 92 29.47 3 4
03 10 2022 07 27 96 29.61 3 1
03 10 2022 07 27 96 29.61 3 1
03 10 2022 07 27 96 29.61 3 4
03 10 2022 08 27 96 29.62 5 4
03 10 2022 08 27 100 29.62 5 4
03 10 2022 09 28 96 29.63 3 4
03 10 2022 09 28 96 29.63 0 4
03 10 2022 10 29 92 29.64 0 4
03 10 2022 11 30 88 29.64 0 4
03 10 2022 11 31 89 29.64 0 4
03 10 2022 11 31 92 29.64 0 4
03 10 2022 12 32 92 29.65 5 4
03 10 2022 13 33 85 29.64 0 4
03 10 2022 13 33 85 29.62 7 4
03 10 2022 14 37 73 29.61 6 3
03 10 2022 14 38 68 29.61 3 3
03 10 2022 14 38 68 29.60 9 3
03 10 2022 14 38 65 29.60 7 2
03 10 2022 15 39 65 29.59 7 0
03 10 2022 16 40 60 29.58 5 0
03 10 2022 17 39 57 29.57 3 0
03 10 2022 18 37 67 29.57 0 0
03 10 2022 19 32 82 29.56 6 0
03 10 2022 20 31 89 29.57 0 0
03 10 2022 21 30 85 29.57 3 0
03 11 2022 07 28 88 29.53 5 4
03 11 2022 08 30 88 29.54 0 4
03 11 2022 09 31 89 29.53 5 4
03 11 2022 10 34 82 29.51 6 4
03 11 2022 11 36 79 29.48 6 4
03 11 2022 12 39 73 29.47 0 4
03 11 2022 12 41 70 29.47 0 4
03 11 2022 13 44 65 29.43 3 4
03 11 2022 14 46 61 29.38 7 4
03 11 2022 15 47 59 29.33 8 4
03 11 2022 16 46 61 29.30 8 4
03 11 2022 17 47 59 29.27 7 4
03 11 2022 18 45 63 29.28 6 4
03 11 2022 19 42 70 29.25 7 4
03 11 2022 20 41 73 29.23 8 4
03 11 2022 21 40 77 29.19 6 4
03 12 2022 07 28 92 29.12 14 10
03 12 2022 07 28 92 29.12 15 10
03 12 2022 07 27 92 29.09 14 8
03 12 2022 08 27 92 29.09 13 8
03 12 2022 08 27 92 29.10 14 8
03 12 2022 08 27 89 29.11 14 8
03 12 2022 08 26 92 29.10 13 8
03 12 2022 09 26 88 29.09 13 8
03 12 2022 09 25 96 29.07 12 10
03 12 2022 10 25 92 29.06 7 8
03 12 2022 10 25 96 29.06 7 8
03 12 2022 10 25 96 29.05 7 8
03 12 2022 10 26 92 29.05 7 10
03 12 2022 11 26 92 29.04 10 10
03 12 2022 11 27 86 29.02 16 8
03 12 2022 11 26 88 29.01 17 8
03 12 2022 11 26 84 29.01 16 8
03 12 2022 11 25 88 29.03 16 10
03 12 2022 11 25 92 29.03 14 8
03 12 2022 12 24 81 29.03 22 8
03 12 2022 12 23 78 29.03 24 8
03 12 2022 12 22 82 29.02 21 8
03 12 2022 13 22 78 28.99 16 8
03 12 2022 13 22 78 28.99 14 4
03 12 2022 14 22 66 28.97 20 10
03 12 2022 15 22 63 28.97 24 10
03 12 2022 16 22 72 28.97 17 8
03 12 2022 16 22 68 28.97 22 8
03 12 2022 17 21 63 28.96 18 10
03 12 2022 18 21 65 28.97 23 8
03 12 2022 18 21 60 28.97 22 8
03 12 2022 18 21 63 28.98 23 8
03 12 2022 18 21 57 28.98 21 10
03 12 2022 19 20 60 29.00 17 3
03 12 2022 20 19 62 29.03 22 2
03 12 2022 21 19 62 29.06 16 4
03 14 2022 07 27 81 29.70 0 4
03 14 2022 08 27 85 29.74 0 2
03 14 2022 09 30 72 29.77 3 0
03 14 2022 10 35 64 29.79 0 4
03 14 2022 11 40 47 29.78 0 0
03 14 2022 12 40 49 29.78 5 0
03 14 2022 13 43 45 29.77 6 3
03 14 2022 14 44 43 29.75 7 0
03 14 2022 14 45 42 29.75 8 2
03 14 2022 14 45 44 29.74 8 2
03 14 2022 14 45 46 29.73 8 4
03 14 2022 15 46 46 29.72 6 4
03 14 2022 16 47 46 29.70 8 2
03 14 2022 17 48 46 29.68 5 4
03 14 2022 17 47 50 29.67 9 3
03 14 2022 18 48 48 29.67 5 3
03 14 2022 19 43 58 29.67 0 2
03 14 2022 20 41 62 29.66 8 0
03 14 2022 21 36 76 29.67 0 0
03 15 2022 07 30 96 29.69 3 4
03 15 2022 08 32 92 29.70 0 3
03 15 2022 09 36 89 29.71 0 0
03 15 2022 10 39 79 29.72 0 3
03 15 2022 11 42 79 29.71 3 3
03 15 2022 12 45 71 29.69 3 0
03 15 2022 13 46 68 29.67 5 3
03 15 2022 13 47 66 29.67 0 3
03 15 2022 13 47 63 29.67 0 2
03 15 2022 14 47 68 29.64 3 3
03 15 2022 15 47 68 29.62 3 4
03 15 2022 16 48 66 29.59 6 4
03 15 2022 17 46 73 29.59 5 4
03 15 2022 18 43 86 29.59 6 5
03 15 2022 19 41 89 29.60 0 5
03 15 2022 20 40 93 29.61 0 5
03 15 2022 21 39 96 29.59 8 5
03 16 2022 07 36 100 29.66 5 4
03 16 2022 07 36 100 29.66 3 4
03 16 2022 07 36 100 29.66 5 4
03 16 2022 08 36 97 29.67 3 4
03 16 2022 08 36 97 29.67 0 4
03 16 2022 09 36 97 29.68 0 4
03 16 2022 10 37 93 29.68 3 4
03 16 2022 11 38 93 29.68 3 4
03 16 2022 12 40 89 29.69 6 4
03 16 2022 13 41 86 29.67 0 4
03 16 2022 13 43 82 29.67 5 4
03 16 2022 14 45 76 29.66 3 2
03 16 2022 14 47 74 29.64 0 0
03 16 2022 15 50 66 29.60 3 0
03 16 2022 16 53 61 29.58 5 0
03 16 2022 17 55 55 29.56 3 0
03 16 2022 18 57 53 29.55 0 0
03 16 2022 19 54 59 29.55 3 0
03 16 2022 20 45 76 29.55 0 2
03 16 2022 21 45 76 29.55 7 4
03 17 2022 07 40 83 29.47 7 0
03 17 2022 07 43 80 29.47 9 0
03 17 2022 08 40 86 29.47 5 0
03 17 2022 09 48 74 29.47 6 0
03 17 2022 10 53 61 29.46 9 0
03 17 2022 11 56 57 29.46 8 0
03 17 2022 12 59 55 29.44 9 0
03 17 2022 13 61 52 29.42 8 0
03 17 2022 14 64 48 29.39 8 0
03 17 2022 15 65 48 29.36 9 0
03 17 2022 16 67 45 29.34 8 0
03 17 2022 17 65 48 29.33 12 0
03 17 2022 18 65 48 29.33 8 0
03 17 2022 19 59 60 29.34 7 0
03 17 2022 20 55 67 29.36 6 0
03 17 2022 21 52 77 29.37 5 0
03 18 2022 07 34 100 29.43 0 0
03 18 2022 08 38 97 29.42 0 0
03 18 2022 09 41 96 29.43 5 0
03 18 2022 10 44 89 29.48 0 4
03 18 2022 11 50 80 29.47 0 0
03 18 2022 12 58 60 29.47 3 0
03 18 2022 13 63 46 29.44 3 0
03 18 2022 14 66 42 29.42 6 4
03 18 2022 15 68 39 29.41 5 0
03 18 2022 16 68 37 29.40 9 4
03 18 2022 17 67 40 29.40 6 3
03 18 2022 18 66 42 29.40 3 3
03 18 2022 19 61 50 29.40 3 3
03 18 2022 20 58 56 29.39 6 0
03 18 2022 21 57 57 29.39 5 0
03 19 2022 07 49 93 29.23 8 4
03 19 2022 07 49 93 29.23 10 4
03 19 2022 08 49 93 29.22 10 2
03 19 2022 09 52 89 29.22 9 0
03 19 2022 10 57 87 29.22 10 0
03 19 2022 11 59 78 29.20 12 2
03 19 2022 12 62 75 29.17 8 3
03 19 2022 13 64 67 29.13 12 3
03 19 2022 14 68 63 29.09 14 0
03 19 2022 15 70 59 29.05 12 0
03 19 2022 16 66 65 29.03 10 3
03 19 2022 16 60 80 29.08 21 10
03 19 2022 16 58 87 29.09 18 10
03 19 2022 16 56 93 29.09 14 10
03 19 2022 16 56 93 29.08 13 10
03 19 2022 17 56 93 29.07 10 10
03 19 2022 17 57 93 29.05 7 10
03 19 2022 17 58 97 29.06 5 4
03 19 2022 17 57 89 29.06 0 4
03 19 2022 17 58 93 29.07 5 4
03 19 2022 18 57 93 29.06 5 4
03 19 2022 18 57 89 29.06 5 3
03 19 2022 19 56 97 29.08 5 5
03 19 2022 20 55 96 29.08 0 5
03 19 2022 21 55 96 29.13 14 7
03 19 2022 21 55 93 29.11 9 5
03 19 2022 21 55 94 29.12 6 5
03 19 2022 21 55 89 29.12 8 5
03 19 2022 21 54 90 29.14 8 3
03 19 2022 21 53 89 29.15 7 3
03 20 2022 07 44 82 29.23 14 4
03 20 2022 07 44 85 29.23 9 4
03 20 2022 08 44 82 29.24 15 4
03 20 2022 09 44 82 29.24 15 4
03 20 2022 10 44 82 29.25 15 4
03 20 2022 10 44 79 29.26 14 4
03 20 2022 11 45 80 29.26 15 4
03 20 2022 11 43 86 29.26 14 4
03 20 2022 12 42 92 29.27 12 5
03 20 2022 12 42 92 29.27 12 5
03 20 2022 12 42 92 29.28 13 5
03 20 2022 13 42 89 29.27 13 5
03 20 2022 14 41 93 29.28 14 5
03 20 2022 14 41 89 29.28 17 5
03 20 2022 14 41 86 29.29 17 5
03 20 2022 14 40 89 29.29 14 5
03 20 2022 15 41 89 29.29 17 4
03 20 2022 15 40 86 29.29 14 5
03 20 2022 16 40 86 29.30 15 4
03 20 2022 17 39 93 29.31 13 5
03 20 2022 17 39 89 29.32 14 5
03 20 2022 18 38 93 29.34 13 5
03 20 2022 19 39 93 29.36 14 5
03 20 2022 20 39 93 29.39 9 4
03 20 2022 20 39 93 29.39 8 4
03 20 2022 21 38 97 29.40 9 4
03 20 2022 21 38 97 29.42 5 2
03 21 2022 07 30 96 29.52 3 2
03 21 2022 08 28 96 29.54 5 2
03 21 2022 09 33 92 29.54 0 3
03 21 2022 10 39 79 29.54 9 0
03 21 2022 11 43 74 29.54 15 0
03 21 2022 12 48 63 29.53 14 0
03 21 2022 13 49 54 29.52 14 0
03 21 2022 14 50 44 29.51 24 0
03 21 2022 15 51 41 29.51 26 0
03 21 2022 16 50 41 29.51 22 0
03 21 2022 17 49 43 29.52 18 0
03 21 2022 18 47 46 29.52 16 0
03 21 2022 19 45 46 29.52 12 0
03 21 2022 20 43 47 29.53 9 0
03 21 2022 21 38 53 29.54 5 0
03 22 2022 07 25 75 29.69 7 0
03 22 2022 08 28 72 29.70 10 0
03 22 2022 09 31 59 29.71 10 0
03 22 2022 10 35 42 29.72 16 0
03 22 2022 11 38 36 29.72 14 0
03 22 2022 12 40 31 29.72 14 0
03 22 2022 13 42 27 29.71 12 0
03 22 2022 14 44 27 29.70 7 0
03 22 2022 15 46 29 29.69 15 0
03 22 2022 16 47 32 29.67 14 0
03 22 2022 17 45 34 29.66 13 0
03 22 2022 18 43 37 29.67 12 0
03 22 2022 19 39 43 29.68 10 0
03 22 2022 20 34 50 29.71 7 0
03 22 2022 21 32 54 29.73 6 0
03 23 2022 07 26 81 29.70 0 0
03 23 2022 08 30 75 29.71 5 0
03 23 2022 09 32 69 29.73 6 0
03 23 2022 10 34 67 29.71 8 0
03 23 2022 11 38 57 29.67 10 4
03 23 2022 12 40 43 29.63 14 2
03 23 2022 13 43 43 29.63 16 2
03 23 2022 14 44 37 29.61 14 2
03 23 2022 15 44 37 29.57 13 4
03 23 2022 16 44 40 29.54 13 4
03 23 2022 17 45 36 29.53 17 4
03 23 2022 18 44 38 29.51 15 4
03 23 2022 19 43 40 29.51 15 4
03 23 2022 20 39 70 29.51 21 6
03 23 2022 21 38 79 29.51 15 4
03 24 2022 07 37 93 29.40 12 5
03 24 2022 07 37 93 29.41 12 5
03 24 2022 08 37 93 29.41 18 10
03 24 2022 09 38 93 29.40 16 5
03 24 2022 09 38 93 29.41 17 5
03 24 2022 09 39 89 29.41 14 4
03 24 2022 10 40 86 29.43 13 4
03 24 2022 11 40 86 29.43 15 4
03 24 2022 12 41 86 29.42 14 4
03 24 2022 12 41 82 29.42 17 4
03 24 2022 13 41 86 29.40 14 4
03 24 2022 14 44 82 29.36 15 4
03 24 2022 15 47 77 29.32 10 4
03 24 2022 16 48 77 29.29 14 4
03 24 2022 17 47 77 29.28 12 4
03 24 2022 18 46 79 29.26 15 4
03 24 2022 19 44 82 29.24 12 0
03 24 2022 19 43 86 29.24 15 3
03 24 2022 20 43 86 29.24 13 4
03 24 2022 20 43 86 29.24 10 4
03 24 2022 21 43 86 29.23 9 4
03 25 2022 07 39 100 29.13 0 1
03 25 2022 07 38 100 29.12 0 1
03 25 2022 08 39 100 29.11 0 1
03 25 2022 08 39 100 29.11 3 1
03 25 2022 09 39 100 29.10 0 1
03 25 2022 09 40 97 29.09 3 1
03 25 2022 09 40 100 29.09 3 4
03 25 2022 10 42 96 29.08 3 3
03 25 2022 11 45 86 29.06 0 3
03 25 2022 11 46 87 29.05 5 3
03 25 2022 11 46 86 29.05 5 3
03 25 2022 12 48 71 29.02 8 4
03 25 2022 13 49 59 29.00 14 3
03 25 2022 14 48 61 28.99 12 4
03 25 2022 15 47 66 28.98 9 4
03 25 2022 16 47 66 28.97 6 4
03 25 2022 17 46 76 28.98 9 4
03 25 2022 18 45 81 28.98 9 5
03 25 2022 18 45 82 28.99 12 5
03 25 2022 19 42 92 29.01 10 5
03 25 2022 19 41 93 29.01 13 5
03 25 2022 19 41 93 29.01 10 5
03 25 2022 20 39 96 29.01 9 5
03 25 2022 21 38 93 29.02 7 5
03 26 2022 07 36 97 28.91 0 4
03 26 2022 08 37 96 28.92 0 4
03 26 2022 09 38 93 28.91 5 4
03 26 2022 09 39 93 28.91 3 4
03 26 2022 10 42 82 28.90 0 4
03 26 2022 10 42 79 28.90 0 4
03 26 2022 11 44 76 28.90 0 4
03 26 2022 12 42 79 28.90 9 5
03 26 2022 12 41 86 28.90 6 6
03 26 2022 12 41 82 28.90 5 5
03 26 2022 13 43 80 28.89 6 4
03 26 2022 13 43 76 28.89 8 5
03 26 2022 13 42 82 28.89 8 5
03 26 2022 14 42 79 28.89 8 4
03 26 2022 14 43 76 28.88 8 4
03 26 2022 15 45 74 28.87 18 4
03 26 2022 15 43 76 28.87 15 5
03 26 2022 15 44 76 28.87 13 5
03 26 2022 16 45 71 28.86 18 3
03 26 2022 17 43 74 28.87 15 5
03 26 2022 18 44 68 28.89 16 3
03 26 2022 19 43 70 28.91 14 4
03 26 2022 19 42 70 28.91 14 4
03 26 2022 19 41 73 28.92 13 4
03 26 2022 20 39 79 28.92 5 4
03 26 2022 21 39 82 28.94 7 4
03 26 2022 21 40 79 28.95 7 4
03 27 2022 07 32 88 29.04 14 8
03 27 2022 08 32 88 29.06 12 8
03 27 2022 08 32 88 29.06 15 8
03 27 2022 08 31 92 29.06 16 10
03 27 2022 09 31 92 29.07 13 8
03 27 2022 09 32 88 29.07 13 8
03 27 2022 09 31 89 29.07 14 8
03 27 2022 09 31 92 29.07 14 10
03 27 2022 09 31 92 29.08 14 10
03 27 2022 09 30 96 29.08 18 10
03 27 2022 10 31 89 29.08 14 8
03 27 2022 10 30 93 29.08 15 8
03 27 2022 10 31 89 29.08 16 8
03 27 2022 10 31 89 29.08 18 8
03 27 2022 10 31 89 29.09 14 8
03 27 2022 10 31 89 29.09 17 8
03 27 2022 11 31 89 29.09 15 10
03 27 2022 11 31 89 29.09 17 8
03 27 2022 11 30 93 29.10 16 8
03 27 2022 11 31 89 29.10 16 8
03 27 2022 11 30 92 29.10 17 10
03 27 2022 12 30 88 29.10 14 8
03 27 2022 12 30 88 29.10 15 8
03 27 2022 12 31 85 29.11 16 8
03 27 2022 12 31 82 29.11 17 8
03 27 2022 13 30 80 29.11 20 8
03 27 2022 13 30 85 29.11 23 8
03 27 2022 13 30 88 29.11 15 10
03 27 2022 13 30 92 29.11 16 10
03 27 2022 13 30 88 29.11 14 8
03 27 2022 13 30 92 29.11 12 8
03 27 2022 14 31 82 29.11 17 8
03 27 2022 14 30 80 29.11 21 8
03 27 2022 14 31 76 29.11 20 4
03 27 2022 15 31 76 29.12 21 8
03 27 2022 15 31 72 29.13 21 8
03 27 2022 15 31 79 29.13 18 8
03 27 2022 15 29 78 29.14 22 8
03 27 2022 15 29 75 29.14 18 8
03 27 2022 16 29 75 29.15 18 8
03 27 2022 16 28 78 29.16 23 8
03 27 2022 16 27 85 29.16 18 10
03 27 2022 16 28 72 29.17 22 8
03 27 2022 16 28 72 29.17 21 8
03 27 2022 17 26 71 29.18 24 8
03 27 2022 17 27 66 29.18 24 8
03 27 2022 18 25 74 29.21 23 8
03 27 2022 18 25 75 29.21 22 8
03 27 2022 18 24 75 29.22 22 8
03 27 2022 19 23 72 29.24 23 8
03 27 2022 19 23 78 29.25 20 8
03 27 2022 19 23 78 29.25 14 8
03 27 2022 20 22 82 29.26 17 8
03 27 2022 20 22 85 29.26 20 8
03 27 2022 20 21 86 29.27 16 8
03 27 2022 20 22 85 29.26 15 8
03 27 2022 20 22 82 29.28 16 8
03 27 2022 21 22 82 29.28 14 8
03 27 2022 21 21 85 29.29 15 8
03 27 2022 21 21 85 29.29 14 8
03 27 2022 21 21 81 29.29 22 8
03 28 2022 07 14 84 29.33 8 8
03 28 2022 07 13 81 29.34 7 4
03 28 2022 07 12 80 29.34 6 2
03 28 2022 08 11 77 29.35 5 0
03 28 2022 09 16 71 29.35 13 0
03 28 2022 10 18 60 29.35 24 10
03 28 2022 10 18 57 29.35 23 10
03 28 2022 10 17 59 29.35 28 10
03 28 2022 11 19 50 29.35 23 10
03 28 2022 11 18 50 29.35 23 10
03 28 2022 11 18 54 29.36 30 10
03 28 2022 11 19 52 29.36 22 10
03 28 2022 11 18 54 29.36 28 10
03 28 2022 11 19 52 29.36 22 10
03 28 2022 12 19 52 29.37 21 10
03 28 2022 13 17 68 29.38 25 8
03 28 2022 13 18 60 29.38 22 8
03 28 2022 13 19 54 29.37 23 10
03 28 2022 14 19 57 29.37 24 10
03 28 2022 15 19 74 29.39 22 8
03 28 2022 15 18 68 29.39 16 8
03 28 2022 16 19 65 29.39 21 8
03 28 2022 16 20 57 29.40 20 8
03 28 2022 16 18 74 29.40 21 8
03 28 2022 16 20 65 29.40 16 4
03 28 2022 16 19 71 29.40 23 8
03 28 2022 16 19 71 29.40 16 8
03 28 2022 17 18 79 29.41 20 8
03 28 2022 17 18 74 29.41 15 8
03 28 2022 17 18 74 29.41 17 8
03 28 2022 17 19 68 29.42 20 10
03 28 2022 17 19 71 29.43 22 8
03 28 2022 18 19 71 29.43 17 8
03 28 2022 19 18 68 29.47 20 4
03 28 2022 20 18 74 29.49 14 8
03 28 2022 20 18 78 29.49 12 8
03 28 2022 21 18 78 29.52 10 4
03 29 2022 07 16 65 29.64 9 0
03 29 2022 08 17 65 29.66 8 0
03 29 2022 09 21 57 29.66 10 0
03 29 2022 10 23 53 29.65 20 0
03 29 2022 11 26 47 29.65 21 2
03 29 2022 12 27 47 29.63 22 3
03 29 2022 13 29 41 29.63 22 0
03 29 2022 14 29 43 29.62 17 0
03 29 2022 15 29 43 29.62 20 0
03 29 2022 16 31 46 29.62 21 0
03 29 2022 17 31 46 29.62 18 0
03 29 2022 18 30 41 29.62 18 0
03 29 2022 19 29 45 29.63 15 0
03 29 2022 20 28 47 29.63 10 0
03 29 2022 21 27 49 29.65 7 0
03 30 2022 07 17 84 29.70 0 0
03 30 2022 08 20 85 29.70 0 0
03 30 2022 09 24 77 29.68 5 0
03 30 2022 10 28 69 29.68 3 0
03 30 2022 11 30 54 29.67 3 0
03 30 2022 12 32 42 29.65 5 0
03 30 2022 13 35 40 29.61 7 0
03 30 2022 13 35 40 29.61 8 0
03 30 2022 14 37 34 29.57 10 2
03 30 2022 15 39 34 29.51 10 4
03 30 2022 16 39 38 29.47 10 4
03 30 2022 17 39 41 29.43 9 4
03 30 2022 18 37 52 29.38 10 4
03 30 2022 19 38 48 29.34 13 4
03 30 2022 20 39 39 29.33 12 4
03 30 2022 21 38 43 29.35 12 2
03 31 2022 07 39 70 29.07 9 0
03 31 2022 08 45 65 29.06 12 0
03 31 2022 09 47 68 29.05 14 3
03 31 2022 10 48 68 29.03 5 3
03 31 2022 10 48 74 29.03 10 4
03 31 2022 11 49 74 29.00 10 4
03 31 2022 12 51 77 28.97 7 3
03 31 2022 13 53 80 28.92 13 4
03 31 2022 13 54 80 28.91 10 4
03 31 2022 14 59 75 28.89 12 3
03 31 2022 15 65 65 28.85 10 4
03 31 2022 16 67 68 28.84 15 4
03 31 2022 17 64 78 28.84 10 5
03 31 2022 18 59 93 28.81 13 2
03 31 2022 19 55 96 28.82 7 2
03 31 2022 19 57 87 28.84 10 4
03 31 2022 20 55 89 28.85 9 5
03 31 2022 20 54 86 28.87 14 5
03 31 2022 21 50 89 28.90 15 5
04 01 2022 07 42 76 29.01 3 4
04 01 2022 08 43 74 29.02 7 4
04 01 2022 09 43 74 29.03 9 4
04 01 2022 09 43 74 29.02 10 4
04 01 2022 10 41 86 29.03 15 5
04 01 2022 10 41 89 29.03 12 5
04 01 2022 11 41 82 29.04 15 4
04 01 2022 12 40 79 29.05 14 4
04 01 2022 13 39 86 29.07 15 5
04 01 2022 14 38 86 29.09 20 5
04 01 2022 15 40 79 29.10 23 5
04 01 2022 15 38 86 29.11 17 5
04 01 2022 15 39 82 29.11 15 5
04 01 2022 16 38 86 29.13 18 4
04 01 2022 16 38 86 29.13 17 5
04 01 2022 16 38 83 29.14 23 8
04 01 2022 16 39 79 29.15 22 8
04 01 2022 17 38 79 29.16 21 10
04 01 2022 17 37 79 29.18 22 8
04 01 2022 18 37 70 29.20 21 10
04 01 2022 18 37 73 29.20 22 10
04 01 2022 19 36 64 29.24 26 10
04 01 2022 20 35 64 29.27 20 4
04 01 2022 21 35 64 29.31 20 4
04 02 2022 07 32 59 29.54 14 4
04 02 2022 08 33 56 29.56 16 4
04 02 2022 09 36 52 29.57 15 2
04 02 2022 10 37 52 29.57 14 2
04 02 2022 11 39 46 29.57 14 0
04 02 2022 12 41 41 29.56 13 0
04 02 2022 13 42 40 29.54 12 0
04 02 2022 14 43 42 29.51 7 0
04 02 2022 15 44 38 29.48 8 0
04 02 2022 16 44 37 29.46 10 0
04 02 2022 16 45 37 29.46 12 0
04 02 2022 17 46 37 29.45 9 0
04 02 2022 18 44 37 29.43 7 0
04 02 2022 19 43 37 29.43 9 0
04 02 2022 20 39 50 29.45 7 0
04 02 2022 21 38 55 29.46 3 0
04 03 2022 07 34 70 29.30 5 4
04 03 2022 08 36 64 29.29 6 4
04 03 2022 08 37 59 29.28 8 4
04 03 2022 09 38 60 29.27 10 8
04 03 2022 10 36 76 29.28 10 8
04 03 2022 10 35 82 29.28 8 8
04 03 2022 10 34 85 29.28 6 8
04 03 2022 10 34 89 29.28 7 8
04 03 2022 11 33 100 29.27 0 10
04 03 2022 12 34 100 29.26 0 8
04 03 2022 12 35 96 29.26 0 8
04 03 2022 13 35 100 29.26 5 8
04 03 2022 13 36 97 29.26 5 10
04 03 2022 14 37 96 29.26 5 5
04 03 2022 14 37 96 29.26 0 5
04 03 2022 15 37 96 29.25 3 10
04 03 2022 15 37 96 29.25 0 5
04 03 2022 16 38 93 29.26 5 5
04 03 2022 17 38 93 29.27 7 5
04 03 2022 18 37 93 29.28 12 5
04 03 2022 19 36 97 29.30 8 5
04 03 2022 19 36 97 29.31 9 4
04 03 2022 20 36 93 29.32 13 4
04 03 2022 20 36 97 29.32 13 4
04 03 2022 20 36 97 29.33 13 4
04 03 2022 20 36 93 29.35 13 4
04 03 2022 21 36 93 29.36 13 4
04 03 2022 21 36 93 29.36 10 10
04 04 2022 07 34 96 29.46 6 4
04 04 2022 07 34 96 29.46 7 2
04 04 2022 08 35 96 29.46 8 0
04 04 2022 09 38 86 29.45 7 0
04 04 2022 10 39 82 29.47 3 3
04 04 2022 11 43 74 29.48 8 4
04 04 2022 12 42 76 29.48 10 4
04 04 2022 12 42 73 29.48 8 3
04 04 2022 13 44 68 29.48 10 4
04 04 2022 14 43 68 29.48 13 4
04 04 2022 15 44 65 29.47 9 4
04 04 2022 16 44 65 29.45 9 4
04 04 2022 17 45 63 29.45 9 4
04 04 2022 18 45 60 29.45 9 3
04 04 2022 19 43 62 29.44 7 0
04 04 2022 20 42 65 29.44 3 0
04 04 2022 21 39 73 29.46 0 0
04 05 2022 07 32 92 29.49 6 4
04 05 2022 08 36 86 29.50 5 3
04 05 2022 09 40 77 29.50 7 4
04 05 2022 10 43 68 29.49 8 4
04 05 2022 11 50 54 29.48 6 0
04 05 2022 12 52 45 29.46 8 2
04 05 2022 13 55 43 29.43 5 0
04 05 2022 14 58 39 29.41 7 3
04 05 2022 15 59 39 29.39 7 4
04 05 2022 16 62 37 29.39 7 4
04 05 2022 16 61 36 29.39 5 4
04 05 2022 16 61 38 29.38 9 4
04 05 2022 17 60 39 29.38 12 3
04 05 2022 18 59 41 29.35 10 3
04 05 2022 19 56 47 29.36 8 3
04 05 2022 20 54 49 29.36 8 0
04 05 2022 21 53 48 29.36 9 0
04 06 2022 07 45 65 29.32 13 2
04 06 2022 07 45 68 29.31 12 3
04 06 2022 08 47 71 29.31 8 2
04 06 2022 09 47 71 29.32 10 4
04 06 2022 10 51 59 29.33 10 4
04 06 2022 11 53 59 29.33 17 2
04 06 2022 12 56 57 29.33 13 4
04 06 2022 13 58 53 29.32 16 3
04 06 2022 14 61 50 29.30 12 3
04 06 2022 15 60 51 29.29 17 0
04 06 2022 16 61 50 29.26 16 0
04 06 2022 17 59 51 29.26 14 0
04 06 2022 18 60 47 29.26 16 0
04 06 2022 19 58 51 29.28 14 3
04 06 2022 20 56 57 29.28 13 4
04 06 2022 21 55 59 29.27 12 4
04 07 2022 07 47 93 29.19 16 5
04 07 2022 07 46 93 29.19 13 7
04 07 2022 07 46 93 29.18 18 5
04 07 2022 08 45 97 29.19 9 5
04 07 2022 09 45 93 29.20 13 4
04 07 2022 10 45 97 29.21 8 7
04 07 2022 10 45 97 29.22 7 6
04 07 2022 11 45 97 29.24 6 5
04 07 2022 11 45 100 29.23 9 7
04 07 2022 11 45 97 29.23 9 7
04 07 2022 11 45 97 29.23 8 6
04 07 2022 11 45 97 29.23 10 6
04 07 2022 11 46 96 29.22 9 5
04 07 2022 12 46 93 29.22 10 6
04 07 2022 12 46 96 29.21 12 6
04 07 2022 12 46 96 29.21 9 7
04 07 2022 12 46 96 29.21 9 6
04 07 2022 13 47 97 29.21 8 6
04 07 2022 13 46 100 29.21 10 5
04 07 2022 13 47 97 29.21 9 5
04 07 2022 13 47 97 29.18 10 5
04 07 2022 14 48 93 29.17 10 5
04 07 2022 14 48 96 29.17 8 5
04 07 2022 15 48 96 29.17 8 5
04 07 2022 16 48 93 29.15 8 7
04 07 2022 16 48 93 29.16 8 6
04 07 2022 16 48 96 29.15 7 6
04 07 2022 17 48 93 29.16 6 6
04 07 2022 17 48 96 29.16 3 6
04 07 2022 17 48 96 29.16 5 6
04 07 2022 18 48 96 29.16 3 5
04 07 2022 18 48 96 29.16 0 6
04 07 2022 18 47 100 29.16 0 6
04 07 2022 18 47 100 29.15 0 6
04 07 2022 19 46 100 29.16 3 7
04 07 2022 19 47 97 29.16 3 6
04 07 2022 19 47 97 29.13 0 6
04 07 2022 19 47 97 29.12 3 6
04 07 2022 20 47 97 29.14 3 6
04 07 2022 20 47 97 29.14 3 6
04 07 2022 20 47 97 29.14 3 6
04 07 2022 20 47 97 29.13 0 5
04 07 2022 21 46 96 29.13 3 5
04 07 2022 21 46 96 29.13 5 5
04 07 2022 21 46 89 29.12 6 6
04 08 2022 07 43 97 29.05 8 4
04 08 2022 08 43 100 29.06 7 4
04 08 2022 09 44 96 29.06 6 4
04 08 2022 09 45 93 29.07 8 4
04 08 2022 10 46 86 29.07 12 4
04 08 2022 10 46 86 29.08 12 4
04 08 2022 11 47 74 29.08 15 4
04 08 2022 11 47 74 29.08 12 4
04 08 2022 12 49 71 29.08 8 4
04 08 2022 13 50 66 29.08 14 3
04 08 2022 13 51 61 29.07 13 0
04 08 2022 14 53 47 29.07 16 0
04 08 2022 15 55 43 29.06 14 2
04 08 2022 16 54 43 29.06 8 4
04 08 2022 17 55 45 29.06 5 2
04 08 2022 18 53 45 29.07 7 3
04 08 2022 19 51 56 29.08 8 4
04 08 2022 20 48 63 29.09 3 3
04 08 2022 21 44 79 29.11 7 2
04 09 2022 07 40 93 29.08 0 4
04 09 2022 08 41 89 29.08 0 4
04 09 2022 09 42 92 29.09 0 5
04 09 2022 10 43 93 29.09 3 6
04 09 2022 10 43 93 29.08 3 5
04 09 2022 10 43 93 29.08 3 5
04 09 2022 10 43 97 29.08 6 5
04 09 2022 11 43 86 29.08 7 5
04 09 2022 11 45 82 29.08 7 5
04 09 2022 12 44 82 29.08 10 5
04 09 2022 13 45 80 29.08 15 5
04 09 2022 13 45 86 29.07 8 5
04 09 2022 13 46 83 29.07 8 4
04 09 2022 13 45 80 29.07 12 5
04 09 2022 14 47 74 29.07 15 3
04 09 2022 14 48 77 29.07 12 3
04 09 2022 15 48 66 29.07 15 3
04 09 2022 16 51 54 29.06 12 3
04 09 2022 17 49 54 29.07 17 3
04 09 2022 18 49 48 29.08 15 0
04 09 2022 19 47 54 29.10 14 0
04 09 2022 20 44 63 29.12 12 0
04 09 2022 21 39 76 29.15 6 0
04 10 2022 07 37 76 29.22 10 4
04 10 2022 08 35 89 29.24 10 8
04 10 2022 08 35 89 29.24 14 8
04 10 2022 08 33 96 29.24 13 8
04 10 2022 08 33 96 29.24 7 10
04 10 2022 08 33 100 29.24 7 8
04 10 2022 08 33 100 29.24 7 8
04 10 2022 09 35 92 29.25 12 8
04 10 2022 09 36 93 29.25 13 4
04 10 2022 10 37 89 29.26 13 4
04 10 2022 10 37 86 29.26 16 4
04 10 2022 11 40 83 29.26 18 4
04 10 2022 11 39 82 29.26 14 4
04 10 2022 11 39 79 29.26 16 4
04 10 2022 12 40 73 29.26 14 5
04 10 2022 12 41 79 29.26 13 4
04 10 2022 12 41 79 29.25 13 3
04 10 2022 12 40 79 29.26 16 5
04 10 2022 12 42 73 29.25 14 4
04 10 2022 13 44 63 29.25 21 3
04 10 2022 14 42 65 29.25 20 3
04 10 2022 15 41 76 29.26 14 5
04 10 2022 15 42 73 29.27 16 3
04 10 2022 15 38 86 29.27 12 7
04 10 2022 15 39 86 29.27 10 5
04 10 2022 16 38 86 29.28 17 5
04 10 2022 16 40 83 29.28 18 4
04 10 2022 16 39 86 29.28 16 5
04 10 2022 16 40 77 29.28 20 4
04 10 2022 17 40 70 29.30 20 4
04 10 2022 18 39 70 29.33 16 4
04 10 2022 19 39 67 29.35 17 4
04 10 2022 20 39 67 29.37 12 4
04 10 2022 21 39 67 29.41 8 4
04 11 2022 07 28 96 29.58 0 0
04 11 2022 08 32 92 29.58 3 0
04 11 2022 09 38 79 29.55 6 0
04 11 2022 10 42 65 29.55 6 0
04 11 2022 11 45 52 29.55 6 0
04 11 2022 12 49 44 29.53 7 0
04 11 2022 13 52 43 29.50 8 0
04 11 2022 14 57 37 29.47 0 0
04 11 2022 15 60 32 29.43 6 0
04 11 2022 16 63 28 29.38 10 0
04 11 2022 17 63 29 29.35 8 0
04 11 2022 18 61 35 29.35 5 4
04 11 2022 19 61 34 29.36 6 4
04 11 2022 20 62 31 29.36 9 4
04 11 2022 21 59 41 29.36 6 4
04 12 2022 07 50 100 29.41 3 5
04 12 2022 07 50 100 29.43 5 5
04 12 2022 07 50 96 29.43 6 5
04 12 2022 08 51 96 29.44 5 5
04 12 2022 08 51 96 29.45 8 4
04 12 2022 09 51 96 29.44 5 4
04 12 2022 09 52 97 29.44 6 4
04 12 2022 09 51 96 29.45 8 4
04 12 2022 10 51 92 29.46 10 4
04 12 2022 10 51 92 29.48 13 4
04 12 2022 10 53 86 29.48 13 3
04 12 2022 10 53 86 29.48 10 3
04 12 2022 11 55 80 29.50 12 3
04 12 2022 12 55 74 29.51 12 3
04 12 2022 12 57 69 29.51 15 3
04 12 2022 12 57 69 29.51 12 3
04 12 2022 12 57 69 29.51 12 2
04 12 2022 13 59 58 29.51 14 0
04 12 2022 14 60 51 29.51 17 3
04 12 2022 15 62 39 29.51 15 0
04 12 2022 16 62 29 29.51 15 0
04 12 2022 17 62 25 29.51 16 0
04 12 2022 18 60 24 29.53 14 0
04 12 2022 19 58 21 29.54 12 0
04 12 2022 20 54 23 29.54 6 0
04 12 2022 21 46 42 29.55 0 0
04 13 2022 07 37 76 29.52 3 0
04 13 2022 08 44 55 29.51 8 4
04 13 2022 09 48 50 29.48 6 4
04 13 2022 10 52 45 29.43 8 4
04 13 2022 11 56 42 29.41 7 4
04 13 2022 12 60 42 29.38 13 4
04 13 2022 13 59 49 29.34 9 5
04 13 2022 14 67 40 29.30 13 3
04 13 2022 15 71 41 29.28 10 4
04 13 2022 16 71 42 29.26 5 4
04 13 2022 17 73 42 29.23 8 2
04 13 2022 18 74 52 29.23 9 2
04 13 2022 19 71 59 29.24 0 0
04 13 2022 20 65 75 29.23 3 0
04 13 2022 21 62 80 29.23 0 2
04 14 2022 07 65 73 29.10 7 4
04 14 2022 08 65 73 29.10 8 4
04 14 2022 09 65 78 29.10 6 4
04 14 2022 10 73 57 29.11 5 3
04 14 2022 11 77 43 29.11 15 3
04 14 2022 11 76 43 29.12 15 3
04 14 2022 12 77 42 29.11 12 2
04 14 2022 13 74 48 29.10 8 5
04 14 2022 14 66 75 29.16 15 7
04 14 2022 14 62 93 29.18 17 7
04 14 2022 14 62 90 29.19 21 6
04 14 2022 14 59 90 29.21 23 5
04 14 2022 15 55 93 29.26 18 6
04 14 2022 16 52 93 29.29 16 5
04 14 2022 17 51 89 29.32 13 5
04 14 2022 17 51 89 29.34 12 5
04 14 2022 17 50 93 29.34 13 4
04 14 2022 17 50 89 29.35 10 4
04 14 2022 18 50 89 29.36 12 4
04 14 2022 18 50 89 29.36 6 4
04 14 2022 19 50 86 29.38 6 3
04 14 2022 20 49 90 29.38 0 0
04 14 2022 21 45 100 29.41 0 0
04 14 2022 21 42 100 29.41 5 1
04 14 2022 21 44 96 29.42 0 0
04 15 2022 07 34 92 29.52 0 3
04 15 2022 08 40 93 29.52 3 0
04 15 2022 09 49 59 29.51 3 0
04 15 2022 09 52 45 29.50 9 0
04 15 2022 10 53 38 29.50 8 0
04 15 2022 10 54 34 29.49 8 0
04 15 2022 11 57 28 29.48 15 0
04 15 2022 11 58 28 29.48 15 2
04 15 2022 12 58 28 29.45 8 3
04 15 2022 13 59 27 29.43 15 3
04 15 2022 14 61 26 29.39 10 2
04 15 2022 15 59 31 29.41 14 4
04 15 2022 16 59 35 29.39 12 4
04 15 2022 17 56 40 29.37 3 4
04 15 2022 18 56 44 29.38 6 4
04 15 2022 19 55 49 29.35 3 0
04 15 2022 20 51 59 29.36 6 4
04 15 2022 21 52 54 29.35 0 3
04 16 2022 07 42 85 29.42 9 5
04 16 2022 07 41 89 29.42 8 5
04 16 2022 07 41 89 29.44 10 5
04 16 2022 08 40 93 29.44 10 5
04 16 2022 08 40 93 29.45 8 5
04 16 2022 08 39 96 29.45 9 5
04 16 2022 08 39 93 29.45 8 5
04 16 2022 09 39 93 29.45 7 5
04 16 2022 09 39 93 29.44 6 5
04 16 2022 09 38 93 29.44 5 5
04 16 2022 10 38 97 29.44 5 5
04 16 2022 10 38 93 29.45 7 5
04 16 2022 10 38 93 29.44 7 5
04 16 2022 11 38 93 29.45 7 5
04 16 2022 11 38 97 29.45 8 5
04 16 2022 11 39 93 29.44 7 5
04 16 2022 12 39 89 29.43 7 5
04 16 2022 12 38 93 29.42 5 5
04 16 2022 13 38 93 29.41 0 5
04 16 2022 13 38 93 29.40 3 5
04 16 2022 13 39 89 29.39 0 5
04 16 2022 14 39 89 29.39 0 4
04 16 2022 14 39 89 29.40 3 4
04 16 2022 14 39 89 29.39 6 4
04 16 2022 14 39 89 29.38 3 4
04 16 2022 15 39 89 29.37 3 4
04 16 2022 16 39 89 29.36 5 4
04 16 2022 16 39 89 29.36 5 4
04 16 2022 16 40 89 29.35 5 4
04 16 2022 17 41 86 29.35 5 3
04 16 2022 17 42 82 29.36 5 3
04 16 2022 17 42 82 29.35 5 3
04 16 2022 17 42 82 29.35 3 3
04 16 2022 18 42 79 29.36 8 3
04 16 2022 18 42 76 29.36 7 3
04 16 2022 19 42 76 29.35 3 3
04 16 2022 20 42 79 29.36 5 4
04 16 2022 21 41 82 29.38 7 4
04 17 2022 07 32 73 29.51 9 4
04 17 2022 07 33 72 29.51 12 4
04 17 2022 08 32 79 29.53 13 8
04 17 2022 08 32 85 29.54 15 8
04 17 2022 08 31 92 29.54 9 10
04 17 2022 08 31 92 29.55 10 10
04 17 2022 09 31 96 29.57 10 10
04 17 2022 09 31 96 29.58 9 8
04 17 2022 09 31 96 29.58 9 8
04 17 2022 09 32 92 29.59 7 8
04 17 2022 09 32 96 29.60 12 8
04 17 2022 10 32 93 29.61 12 8
04 17 2022 10 33 92 29.61 12 8
04 17 2022 10 34 92 29.62 13 8
04 17 2022 11 34 92 29.62 12 8
04 17 2022 11 36 93 29.62 14 8
04 17 2022 11 36 93 29.62 12 4
04 17 2022 12 39 73 29.63 16 3
04 17 2022 12 39 70 29.63 18 4
04 17 2022 13 40 58 29.64 20 3
04 17 2022 14 39 70 29.65 12 8
04 17 2022 15 42 51 29.64 16 3
04 17 2022 16 44 51 29.66 20 3
04 17 2022 17 45 46 29.67 18 0
04 17 2022 18 44 45 29.69 15 0
04 17 2022 19 43 45 29.71 14 0
04 17 2022 20 38 55 29.73 8 0
04 17 2022 21 38 55 29.77 7 0
04 18 2022 07 25 92 29.82 7 0
04 18 2022 08 33 78 29.80 7 0
04 18 2022 09 38 70 29.78 8 0
04 18 2022 10 42 60 29.76 6 0
04 18 2022 11 49 43 29.73 15 0
04 18 2022 12 52 35 29.69 18 0
04 18 2022 13 52 37 29.66 18 0
04 18 2022 14 55 33 29.62 20 0
04 18 2022 15 55 30 29.58 16 0
04 18 2022 16 55 28 29.54 18 0
04 18 2022 17 54 25 29.51 22 0
04 18 2022 18 52 30 29.51 16 3
04 18 2022 19 52 30 29.49 18 4
04 18 2022 20 46 50 29.51 18 4
04 18 2022 21 41 79 29.51 15 5
04 18 2022 21 40 83 29.51 16 6
04 19 2022 07 32 100 29.14 5 10
04 19 2022 08 33 100 29.11 7 8
04 19 2022 09 33 100 29.10 10 8
04 19 2022 09 33 100 29.10 10 8
04 19 2022 10 33 96 29.09 8 8
04 19 2022 10 33 96 29.09 8 8
04 19 2022 10 33 96 29.09 10 8
04 19 2022 10 34 92 29.09 10 8
04 19 2022 11 34 96 29.09 10 8
04 19 2022 11 34 96 29.09 8 8
04 19 2022 11 34 96 29.09 13 8
04 19 2022 11 34 96 29.09 13 8
04 19 2022 12 34 96 29.10 9 8
04 19 2022 12 35 92 29.10 10 8
04 19 2022 13 35 92 29.11 10 10
04 19 2022 14 36 89 29.12 13 5
04 19 2022 14 36 89 29.13 8 10
04 19 2022 14 36 89 29.13 8 10
04 19 2022 15 37 86 29.14 6 8
04 19 2022 16 38 79 29.14 13 4
04 19 2022 16 39 76 29.14 13 4
04 19 2022 17 37 86 29.15 7 5
04 19 2022 18 37 86 29.17 13 5
04 19 2022 18 35 92 29.17 13 8
04 19 2022 18 34 96 29.17 7 8
04 19 2022 18 34 100 29.18 6 8
04 19 2022 18 34 100 29.18 7 8
04 19 2022 19 34 96 29.19 8 8
04 19 2022 19 34 96 29.20 7 8
04 19 2022 19 33 100 29.20 5 10
04 19 2022 19 33 100 29.21 5 8
04 19 2022 20 33 100 29.21 3 8
04 19 2022 20 34 100 29.22 3 8
04 19 2022 20 33 100 29.22 0 8
04 19 2022 20 33 100 29.24 5 8
04 19 2022 21 33 100 29.24 5 8
04 19 2022 21 33 100 29.24 7 8
04 19 2022 21 35 92 29.25 8 5
04 20 2022 07 36 86 29.64 15 3
04 20 2022 07 36 86 29.64 13 3
04 20 2022 08 37 76 29.68 16 4
04 20 2022 09 37 79 29.72 14 4
04 20 2022 09 36 82 29.73 9 4
04 20 2022 10 37 73 29.74 15 4
04 20 2022 10 38 70 29.75 12 4
04 20 2022 11 40 58 29.77 18 3
04 20 2022 12 42 58 29.78 10 0
04 20 2022 13 45 56 29.80 12 3
04 20 2022 14 46 56 29.81 13 3
04 20 2022 15 46 51 29.82 10 3
04 20 2022 16 48 50 29.83 12 2
04 20 2022 17 48 44 29.84 12 0
04 20 2022 18 48 42 29.86 12 0
04 20 2022 19 46 46 29.87 10 0
04 20 2022 20 42 53 29.88 3 0
04 20 2022 21 36 76 29.89 3 0
04 21 2022 07 38 68 29.81 7 4
04 21 2022 08 42 58 29.80 10 4
04 21 2022 09 45 53 29.77 13 3
04 21 2022 10 51 46 29.74 15 0
04 21 2022 11 54 43 29.72 12 3
04 21 2022 12 54 43 29.70 10 5
04 21 2022 13 53 48 29.65 13 5
04 21 2022 14 51 63 29.63 9 6
04 21 2022 15 50 74 29.62 5 5
04 21 2022 16 51 77 29.62 10 5
04 21 2022 17 51 80 29.62 7 4
04 21 2022 17 52 77 29.63 8 4
04 21 2022 18 53 77 29.62 9 4
04 21 2022 19 54 75 29.62 7 4
04 21 2022 20 54 75 29.64 12 3
04 21 2022 21 53 77 29.66 5 4
04 22 2022 07 41 76 29.85 10 0
04 22 2022 08 43 74 29.88 16 2
04 22 2022 09 44 73 29.90 13 3
04 22 2022 10 45 71 29.92 14 4
04 22 2022 11 47 68 29.93 14 4
04 22 2022 12 48 66 29.93 12 4
04 22 2022 13 51 56 29.92 12 3
04 22 2022 14 53 52 29.90 12 3
04 22 2022 15 54 49 29.88 12 0
04 22 2022 16 57 44 29.87 15 0
04 22 2022 17 57 44 29.86 14 0
04 22 2022 18 55 45 29.87 13 0
04 22 2022 19 53 47 29.87 12 0
04 22 2022 20 48 61 29.90 9 0
04 22 2022 21 47 63 29.91 8 0
04 23 2022 07 31 96 29.88 3 0
04 23 2022 08 34 92 29.90 3 0
04 23 2022 09 41 82 29.90 0 0
04 23 2022 10 49 61 29.87 7 0
04 23 2022 11 52 47 29.85 0 3
04 23 2022 12 53 47 29.83 5 4
04 23 2022 13 55 42 29.79 8 4
04 23 2022 14 54 33 29.78 6 4
04 23 2022 15 54 38 29.76 6 4
04 23 2022 16 54 43 29.72 9 4
04 23 2022 16 54 43 29.71 9 5
04 23 2022 17 52 47 29.71 5 5
04 23 2022 18 48 77 29.70 5 5
04 23 2022 19 49 54 29.72 0 5
04 23 2022 20 45 82 29.71 5 5
04 23 2022 21 44 89 29.72 3 6
04 24 2022 07 43 65 29.67 10 0
04 24 2022 08 47 50 29.67 12 0
04 24 2022 09 51 46 29.66 13 0
04 24 2022 10 54 43 29.65 15 0
04 24 2022 11 57 44 29.64 12 0
04 24 2022 12 61 42 29.60 13 0
04 24 2022 13 66 38 29.58 13 0
04 24 2022 14 69 38 29.56 10 0
04 24 2022 15 71 36 29.53 12 0
04 24 2022 16 72 35 29.52 10 0
04 24 2022 17 73 35 29.51 13 0
04 24 2022 18 72 35 29.51 13 0
04 24 2022 19 70 36 29.50 13 0
04 24 2022 20 65 42 29.51 13 0
04 24 2022 21 63 43 29.51 12 0
04 25 2022 07 49 64 29.57 9 0
04 25 2022 08 51 59 29.58 12 0
04 25 2022 09 54 55 29.57 14 0
04 25 2022 10 58 51 29.56 14 0
04 25 2022 11 62 48 29.55 14 0
04 25 2022 12 65 47 29.54 10 0
04 25 2022 13 69 40 29.52 12 0
04 25 2022 14 72 38 29.51 13 2
04 25 2022 15 74 34 29.49 17 0
04 25 2022 16 75 32 29.48 14 0
04 25 2022 17 75 32 29.45 15 0
04 25 2022 18 75 34 29.43 15 0
04 25 2022 19 72 40 29.43 18 0
04 25 2022 20 67 45 29.43 16 0
04 25 2022 21 64 54 29.47 9 0
04 26 2022 07 52 97 29.52 5 4
04 26 2022 07 52 97 29.53 6 1
04 26 2022 07 52 97 29.53 6 1
04 26 2022 07 52 100 29.53 5 1
04 26 2022 08 52 97 29.53 5 1
04 26 2022 08 52 97 29.53 5 4
04 26 2022 08 52 97 29.52 3 4
04 26 2022 08 52 97 29.53 6 4
04 26 2022 08 52 97 29.53 6 4
04 26 2022 09 52 97 29.52 3 4
04 26 2022 09 53 93 29.52 0 4
04 26 2022 09 53 93 29.52 0 4
04 26 2022 09 53 93 29.51 0 4
04 26 2022 10 54 90 29.52 0 4
04 26 2022 10 54 86 29.52 0 4
04 26 2022 11 55 83 29.51 5 4
04 26 2022 11 55 83 0.00 0 10
04 26 2022 12 54 90 29.51 5 4
04 26 2022 12 54 90 29.51 3 4
04 26 2022 12 54 90 29.51 5 4
04 26 2022 13 54 86 29.51 15 4
04 26 2022 13 52 89 29.51 14 5
04 26 2022 13 51 89 29.51 9 1
04 26 2022 14 51 89 29.51 8 4
04 26 2022 14 52 83 29.51 7 4
04 26 2022 14 52 80 29.51 8 4
04 26 2022 14 52 71 29.51 10 5
04 26 2022 15 52 71 29.50 8 4
04 26 2022 16 52 63 29.49 9 4
04 26 2022 17 52 63 29.48 8 4
04 26 2022 18 52 63 29.48 7 4
04 26 2022 19 50 63 29.48 14 4
04 26 2022 20 47 74 29.50 10 4
04 26 2022 21 48 68 29.50 6 4
04 27 2022 07 39 89 29.44 10 4
04 27 2022 07 38 89 29.45 18 4
04 27 2022 08 38 86 29.45 16 4
04 27 2022 08 38 79 29.46 14 4
04 27 2022 08 38 79 29.46 18 4
04 27 2022 09 38 76 29.47 16 4
04 27 2022 10 42 67 29.47 18 4
04 27 2022 10 41 65 29.47 15 4
04 27 2022 11 42 55 29.47 20 4
04 27 2022 12 45 48 29.46 18 3
04 27 2022 13 43 49 29.46 18 4
04 27 2022 14 42 49 29.47 20 4
04 27 2022 15 41 51 29.48 23 3
04 27 2022 16 40 49 29.49 21 3
04 27 2022 17 39 50 29.49 22 10
04 27 2022 18 39 55 29.49 20 4
04 27 2022 19 38 60 29.50 18 4
04 27 2022 20 37 67 29.51 16 4
04 27 2022 20 37 70 29.51 16 4
04 27 2022 21 36 79 29.52 15 8
04 27 2022 21 36 79 29.52 13 4
04 28 2022 07 32 66 29.58 13 0
04 28 2022 08 35 54 29.59 15 0
04 28 2022 09 37 48 29.60 18 0
04 28 2022 10 41 40 29.60 21 0
04 28 2022 11 44 32 29.59 20 0
04 28 2022 12 47 27 29.58 17 0
04 28 2022 13 48 24 29.56 26 0
04 28 2022 14 49 24 29.56 18 0
04 28 2022 15 48 30 29.56 17 0
04 28 2022 16 49 28 29.56 21 0
04 28 2022 17 48 28 29.56 21 0
04 28 2022 18 47 27 29.56 21 0
04 28 2022 19 46 29 29.57 20 0
04 28 2022 20 42 35 29.58 12 0
04 28 2022 21 40 45 29.59 12 0
04 29 2022 07 29 67 29.66 3 0
04 29 2022 08 35 61 29.67 3 0
04 29 2022 09 40 41 29.66 8 0
04 29 2022 10 44 32 29.65 8 0
04 29 2022 11 48 24 29.64 14 0
04 29 2022 12 53 19 29.62 15 0
04 29 2022 13 54 16 29.60 17 0
04 29 2022 14 55 17 29.59 17 0
04 29 2022 15 57 15 29.57 14 0
04 29 2022 16 55 27 29.56 17 0
04 29 2022 17 54 26 29.56 17 0
04 29 2022 18 53 27 29.57 17 0
04 29 2022 19 51 29 29.59 20 0
04 29 2022 20 46 35 29.62 16 0
04 29 2022 21 42 41 29.64 12 0
04 30 2022 07 28 81 29.67 0 0
04 30 2022 08 33 75 29.67 0 0
04 30 2022 09 40 63 29.66 5 0
04 30 2022 10 47 44 29.65 6 0
04 30 2022 11 52 32 29.64 5 0
04 30 2022 12 57 25 29.62 7 0
04 30 2022 13 58 23 29.60 7 0
04 30 2022 14 59 25 29.59 9 0
04 30 2022 15 61 22 29.56 8 0
04 30 2022 16 63 18 29.55 6 0
04 30 2022 17 62 20 29.54 7 0
04 30 2022 18 59 29 29.54 13 0
04 30 2022 19 57 29 29.54 9 0
04 30 2022 20 54 33 29.57 9 0
04 30 2022 21 49 41 29.59 3 0
04 30 2022 21 48 42 29.59 5 0
05 01 2022 07 34 82 29.62 3 0
05 01 2022 08 42 67 29.61 7 0
05 01 2022 09 50 48 29.61 6 0
05 01 2022 10 56 40 29.58 6 0
05 01 2022 11 61 30 29.57 14 0
05 01 2022 12 64 26 29.55 13 0
05 01 2022 13 66 23 29.53 14 0
05 01 2022 14 67 24 29.51 5 0
05 01 2022 15 68 24 29.50 7 0
05 01 2022 16 71 24 29.47 9 0
05 01 2022 17 71 24 29.45 6 0
05 01 2022 18 69 26 29.44 8 0
05 01 2022 19 67 28 29.44 9 0
05 01 2022 20 63 33 29.44 7 0
05 01 2022 21 59 38 29.44 7 0
05 02 2022 07 53 83 29.46 7 4
05 02 2022 08 54 80 29.47 10 4
05 02 2022 09 55 80 29.47 8 4
05 02 2022 09 55 77 29.47 9 4
05 02 2022 09 56 77 29.48 9 4
05 02 2022 09 56 77 29.48 9 4
05 02 2022 10 56 77 29.48 9 4
05 02 2022 10 56 77 29.47 9 4
05 02 2022 11 59 72 29.47 12 4
05 02 2022 11 60 72 29.46 12 3
05 02 2022 11 61 67 29.46 10 3
05 02 2022 12 60 69 29.46 12 4
05 02 2022 12 60 69 29.46 13 4
05 02 2022 13 59 72 29.46 9 4
05 02 2022 14 59 75 29.45 10 4
05 02 2022 15 59 75 29.45 10 4
05 02 2022 15 58 78 29.45 8 4
05 02 2022 16 55 93 29.48 9 5
05 02 2022 17 53 96 29.50 9 5
05 02 2022 17 53 93 29.50 9 5
05 02 2022 18 53 96 29.51 6 5
05 02 2022 18 53 96 29.51 5 5
05 02 2022 18 53 96 29.51 5 5
05 02 2022 19 53 93 29.52 0 5
05 02 2022 20 52 100 29.54 5 5
05 02 2022 20 52 100 29.54 0 5
05 02 2022 20 52 97 29.54 3 5
05 02 2022 21 52 97 29.55 0 4
05 02 2022 21 52 97 29.56 0 4
05 02 2022 21 52 97 29.56 0 4
05 02 2022 21 52 97 29.56 0 4
05 03 2022 07 49 97 29.59 6 4
05 03 2022 07 49 97 29.59 7 4
05 03 2022 07 50 93 29.59 8 4
05 03 2022 08 51 92 29.60 7 4
05 03 2022 08 51 92 29.60 8 4
05 03 2022 08 51 92 29.61 8 4
05 03 2022 08 52 89 29.61 7 4
05 03 2022 09 52 93 29.62 5 4
05 03 2022 10 54 90 29.61 6 4
05 03 2022 10 56 84 29.60 7 4
05 03 2022 11 57 77 29.59 3 4
05 03 2022 11 59 77 29.59 6 4
05 03 2022 11 58 72 29.59 0 4
05 03 2022 12 61 62 29.57 9 4
05 03 2022 13 64 54 29.53 5 2
05 03 2022 14 66 52 29.52 7 0
05 03 2022 15 67 51 29.51 6 0
05 03 2022 16 66 54 29.50 5 3
05 03 2022 17 66 56 29.51 7 3
05 03 2022 18 66 56 29.48 10 2
05 03 2022 19 65 56 29.43 10 3
05 03 2022 20 63 60 29.39 9 3
05 03 2022 21 62 60 29.40 10 4
05 04 2022 07 52 93 29.40 7 5
05 04 2022 07 52 93 29.40 6 5
05 04 2022 08 52 93 29.40 7 5
05 04 2022 09 52 93 29.40 6 4
05 04 2022 10 52 97 29.39 7 4
05 04 2022 10 52 97 29.39 7 4
05 04 2022 10 53 93 29.39 7 4
05 04 2022 11 54 94 29.39 7 4
05 04 2022 11 53 96 29.39 6 5
05 04 2022 11 53 96 29.39 6 5
05 04 2022 12 53 93 29.40 6 6
05 04 2022 12 53 96 29.40 5 7
05 04 2022 12 53 96 29.40 6 7
05 04 2022 12 53 96 29.41 6 7
05 04 2022 12 53 96 29.41 3 6
05 04 2022 13 53 96 29.40 5 6
05 04 2022 13 53 96 29.40 6 6
05 04 2022 13 53 96 29.40 8 6
05 04 2022 14 54 97 29.40 7 5
05 04 2022 14 54 97 29.40 5 6
05 04 2022 14 55 93 29.40 5 5
05 04 2022 15 55 89 29.41 0 4
05 04 2022 15 55 89 29.42 0 6
05 04 2022 16 55 93 29.42 0 5
05 04 2022 16 55 93 29.43 0 5
05 04 2022 17 56 93 29.44 3 4
05 04 2022 17 55 96 29.44 5 5
05 04 2022 17 55 96 29.45 5 5
05 04 2022 18 55 94 29.46 7 4
05 04 2022 18 55 96 29.46 7 4
05 04 2022 19 55 88 29.48 12 4
05 04 2022 19 55 89 29.48 9 4
05 04 2022 20 55 89 29.49 5 4
05 04 2022 20 55 89 29.49 3 4
05 04 2022 21 53 89 29.51 6 3
05 05 2022 07 40 97 29.62 3 0
05 05 2022 08 47 80 29.65 6 0
05 05 2022 09 50 63 29.64 6 0
05 05 2022 10 54 53 29.63 8 0
05 05 2022 11 58 46 29.62 6 0
05 05 2022 12 59 46 29.62 6 0
05 05 2022 13 62 39 29.59 7 0
05 05 2022 14 64 34 29.58 7 0
05 05 2022 15 65 36 29.55 5 0
05 05 2022 16 65 34 29.53 10 0
05 05 2022 17 64 37 29.53 10 0
05 05 2022 18 63 40 29.52 9 0
05 05 2022 19 61 42 29.52 7 0
05 05 2022 20 58 47 29.52 5 0
05 05 2022 21 53 59 29.52 5 0
05 06 2022 07 43 89 29.46 0 0
05 06 2022 08 47 74 29.48 3 0
05 06 2022 09 52 63 29.45 6 0
05 06 2022 10 58 49 29.43 5 0
05 06 2022 11 60 46 29.43 7 0
05 06 2022 12 62 38 29.42 7 0
05 06 2022 13 63 35 29.40 9 0
05 06 2022 14 64 34 29.38 0 0
05 06 2022 15 65 34 29.35 8 0
05 06 2022 16 64 37 29.34 9 0
05 06 2022 17 63 40 29.32 6 0
05 06 2022 18 63 41 29.31 6 0
05 06 2022 19 62 41 29.30 3 0
05 06 2022 20 58 49 29.30 5 0
05 06 2022 21 55 57 29.32 3 0
05 07 2022 07 39 73 29.36 3 0
05 07 2022 08 48 39 29.37 6 0
05 07 2022 09 51 32 29.39 7 0
05 07 2022 10 53 26 29.41 10 0
05 07 2022 11 56 25 29.42 10 0
05 07 2022 12 57 23 29.42 8 0
05 07 2022 13 59 22 29.41 13 0
05 07 2022 14 60 20 29.41 8 0
05 07 2022 15 62 21 29.41 8 0
05 07 2022 16 62 21 29.40 10 0
05 07 2022 17 59 31 29.41 10 0
05 07 2022 17 59 29 29.42 13 0
05 07 2022 18 58 32 29.43 13 0
05 07 2022 19 58 31 29.45 10 0
05 07 2022 20 56 34 29.47 8 0
05 07 2022 21 48 50 29.49 3 0
05 08 2022 07 33 89 29.64 0 0
05 08 2022 08 43 58 29.65 0 0
05 08 2022 09 53 37 29.66 8 0
05 08 2022 10 56 30 29.67 13 0
05 08 2022 11 59 26 29.66 9 0
05 08 2022 12 61 23 29.64 6 0
05 08 2022 13 64 23 29.63 7 0
05 08 2022 14 65 20 29.61 3 0
05 08 2022 15 65 21 29.59 10 0
05 08 2022 16 67 21 29.58 8 0
05 08 2022 17 67 21 29.56 8 0
05 08 2022 18 67 21 29.56 9 0
05 08 2022 19 63 24 29.58 10 0
05 08 2022 20 60 28 29.60 3 0
05 08 2022 21 57 29 29.62 0 0
05 09 2022 07 39 76 29.77 3 0
05 09 2022 08 48 56 29.78 0 0
05 09 2022 09 53 43 29.78 5 0
05 09 2022 10 58 35 29.78 5 0
05 09 2022 11 63 29 29.77 8 0
05 09 2022 12 66 27 29.76 5 0
05 09 2022 13 70 22 29.74 3 0
05 09 2022 14 70 21 29.72 3 0
05 09 2022 15 73 20 29.71 6 0
05 09 2022 16 74 18 29.70 5 0
05 09 2022 17 75 18 29.69 10 0
05 09 2022 18 74 20 29.71 14 0
05 09 2022 19 72 21 29.73 9 0
05 09 2022 20 66 24 29.73 6 0
05 09 2022 21 64 25 29.75 6 0
05 10 2022 07 45 53 29.89 3 0
05 10 2022 08 53 35 29.92 6 0
05 10 2022 09 57 29 29.94 3 0
05 10 2022 10 61 25 29.92 6 0
05 10 2022 11 64 23 29.89 8 0
05 10 2022 12 68 22 29.87 6 0
05 10 2022 13 70 24 29.84 12 0
05 10 2022 14 72 24 29.82 13 0
05 10 2022 14 72 23 29.82 10 0
05 10 2022 15 74 23 29.79 9 0
05 10 2022 16 76 23 29.78 10 0
05 10 2022 17 77 23 29.76 10 0
05 10 2022 18 76 23 29.76 7 0
05 10 2022 19 74 24 29.76 10 0
05 10 2022 20 69 30 29.76 6 0
05 10 2022 21 64 35 29.78 6 0
05 11 2022 07 45 71 29.82 9 0
05 11 2022 08 55 47 29.83 7 0
05 11 2022 09 60 36 29.84 5 0
05 11 2022 10 66 30 29.83 3 0
05 11 2022 11 67 30 29.82 0 0
05 11 2022 12 70 29 29.80 5 0
05 11 2022 12 71 29 29.79 7 0
05 11 2022 13 75 25 29.75 8 0
05 11 2022 14 77 24 29.74 3 0
05 11 2022 15 80 19 29.73 7 0
05 11 2022 15 79 20 29.73 0 0
05 11 2022 16 81 20 29.71 3 0
05 11 2022 17 82 20 29.70 5 0
05 11 2022 18 82 18 29.69 5 0
05 11 2022 19 80 24 29.69 3 0
05 11 2022 20 72 35 29.70 6 0
05 11 2022 21 67 42 29.70 0 0
05 12 2022 07 48 80 29.79 5 0
05 12 2022 08 57 57 29.78 8 0
05 12 2022 09 64 45 29.78 8 0
05 12 2022 10 71 38 29.77 7 0
05 12 2022 11 75 26 29.77 3 0
05 12 2022 12 79 23 29.76 6 0
05 12 2022 13 82 22 29.75 5 0
05 12 2022 14 85 17 29.72 13 0
05 12 2022 15 85 17 29.70 15 0
05 12 2022 16 86 17 29.70 12 0
05 12 2022 17 85 17 29.68 10 0
05 12 2022 18 83 20 29.66 8 0
05 12 2022 19 81 27 29.66 8 0
05 12 2022 20 77 32 29.66 6 0
05 12 2022 21 75 38 29.66 8 0
05 13 2022 07 58 87 29.74 3 0
05 13 2022 08 64 78 29.76 3 0
05 13 2022 09 70 65 29.75 3 0
05 13 2022 10 72 64 29.75 8 0
05 13 2022 11 75 60 29.73 9 0
05 13 2022 12 77 56 29.72 9 0
05 13 2022 13 79 52 29.68 9 0
05 13 2022 14 82 47 29.65 3 0
05 13 2022 15 84 43 29.62 10 3
05 13 2022 16 84 46 29.60 10 3
05 13 2022 17 84 41 29.57 8 0
05 13 2022 18 84 43 29.57 12 0
05 13 2022 19 83 44 29.55 7 0
05 13 2022 20 80 48 29.55 6 0
05 13 2022 21 72 66 29.55 5 0
05 14 2022 07 64 87 29.57 5 0
05 14 2022 08 68 78 29.56 5 0
05 14 2022 09 71 73 29.55 5 0
05 14 2022 10 74 64 29.54 0 0
05 14 2022 11 77 58 29.52 0 0
05 14 2022 12 77 56 29.51 5 3
05 14 2022 13 81 50 29.46 0 0
05 14 2022 14 82 45 29.44 5 0
05 14 2022 15 85 43 29.42 5 0
05 14 2022 16 85 41 29.38 7 0
05 14 2022 17 84 41 29.35 5 0
05 14 2022 18 83 41 29.33 5 0
05 14 2022 19 78 54 29.33 14 4
05 14 2022 19 75 62 29.35 12 10
05 14 2022 20 74 64 29.34 9 4
05 14 2022 20 74 64 29.35 9 5
05 14 2022 21 71 75 29.36 10 6
05 15 2022 07 63 93 29.31 5 0
05 15 2022 08 67 87 29.32 5 0
05 15 2022 09 69 84 29.31 5 2
05 15 2022 10 72 73 29.32 0 3
05 15 2022 11 73 76 29.31 5 4
05 15 2022 11 73 73 29.31 5 4
05 15 2022 11 75 66 29.30 3 4
05 15 2022 12 76 62 29.29 0 2
05 15 2022 13 76 67 29.27 9 4
05 15 2022 14 78 58 29.26 12 10
05 15 2022 14 78 64 29.26 9 10
05 15 2022 14 76 69 29.26 7 3
05 15 2022 15 77 62 29.23 6 2
05 15 2022 16 78 58 29.21 5 4
05 15 2022 17 78 56 29.21 6 2
05 15 2022 18 80 50 29.20 9 3
05 15 2022 19 79 52 29.20 8 0
05 15 2022 20 74 62 29.21 9 0
05 15 2022 21 71 68 29.23 5 0
05 16 2022 07 61 90 29.17 7 0
05 16 2022 08 65 87 29.16 7 0
05 16 2022 09 69 78 29.13 8 0
05 16 2022 10 71 73 29.12 6 3
05 16 2022 11 73 68 29.09 6 4
05 16 2022 12 76 67 29.05 9 3
05 16 2022 13 76 67 29.01 6 3
05 16 2022 14 74 71 28.97 9 5
05 16 2022 15 65 75 29.01 23 10
05 16 2022 15 62 90 29.00 14 10
05 16 2022 15 62 90 29.01 10 5
05 16 2022 15 62 90 29.02 10 10
05 16 2022 15 62 93 29.02 5 10
05 16 2022 16 62 93 29.03 5 10
05 16 2022 16 61 97 29.00 0 7
05 16 2022 16 62 90 29.00 5 10
05 16 2022 16 62 93 28.99 6 5
05 16 2022 16 63 90 29.00 9 5
05 16 2022 16 63 90 28.99 12 4
05 16 2022 17 64 87 28.99 9 3
05 16 2022 17 64 84 28.99 8 3
05 16 2022 17 63 84 28.97 8 3
05 16 2022 17 64 84 28.97 6 4
05 16 2022 18 63 84 28.97 10 4
05 16 2022 18 62 90 28.98 12 7
05 16 2022 18 62 90 28.99 16 6
05 16 2022 18 61 90 29.00 21 7
05 16 2022 18 59 90 29.01 21 5
05 16 2022 18 59 90 29.01 14 5
05 16 2022 19 58 93 29.03 15 5
05 16 2022 19 58 90 29.03 15 4
05 16 2022 19 58 87 29.05 15 5
05 16 2022 19 57 89 29.06 16 4
05 16 2022 20 57 87 29.06 17 4
05 16 2022 20 57 87 29.07 20 4
05 16 2022 20 55 89 29.08 18 4
05 16 2022 21 54 90 29.10 14 5
05 17 2022 07 50 93 29.16 0 4
05 17 2022 07 51 92 29.16 0 4
05 17 2022 08 52 89 29.17 6 5
05 17 2022 08 53 89 29.18 10 4
05 17 2022 09 54 82 29.19 10 4
05 17 2022 09 53 86 29.19 10 4
05 17 2022 09 53 86 29.19 8 4
05 17 2022 10 55 80 29.19 10 4
05 17 2022 10 57 67 29.19 18 3
05 17 2022 10 56 67 29.19 14 3
05 17 2022 10 57 64 29.19 13 3
05 17 2022 11 58 58 29.20 18 3
05 17 2022 12 57 59 29.22 12 4
05 17 2022 13 59 62 29.23 17 3
05 17 2022 14 59 60 29.24 16 3
05 17 2022 16 60 53 29.27 18 4
05 17 2022 17 59 53 29.28 16 4
05 17 2022 18 56 64 29.31 16 5
05 17 2022 19 56 62 29.32 14 4
05 17 2022 20 56 62 29.34 14 3
05 17 2022 21 54 66 29.36 9 4
05 18 2022 07 43 89 29.47 5 0
05 18 2022 08 48 71 29.49 3 0
05 18 2022 09 50 61 29.51 6 0
05 18 2022 10 53 48 29.52 0 0
05 18 2022 11 57 36 29.51 7 0
05 18 2022 12 59 32 29.50 5 0
05 18 2022 13 60 38 29.47 7 0
05 18 2022 13 61 36 29.46 12 0
05 18 2022 14 63 33 29.45 7 0
05 18 2022 15 63 33 29.43 10 0
05 18 2022 16 61 32 29.42 12 0
05 18 2022 17 61 30 29.41 9 0
05 18 2022 18 60 28 29.39 6 0
05 18 2022 19 58 41 29.36 6 0
05 18 2022 20 56 49 29.33 3 0
05 18 2022 21 51 63 29.33 0 0
05 19 2022 07 50 93 29.19 8 4
05 19 2022 08 51 89 29.18 10 4
05 19 2022 09 51 92 29.16 10 4
05 19 2022 10 51 89 29.14 12 5
05 19 2022 11 52 89 29.13 10 4
05 19 2022 12 53 93 29.12 6 5
05 19 2022 12 54 93 29.11 7 5
05 19 2022 12 54 93 29.11 6 5
05 19 2022 13 54 93 29.11 5 6
05 19 2022 13 54 93 29.11 6 5
05 19 2022 13 55 93 29.10 6 5
05 19 2022 13 55 93 29.11 3 5
05 19 2022 14 55 93 29.11 0 7
05 19 2022 14 55 96 29.11 0 6
05 19 2022 14 56 93 29.11 0 5
05 19 2022 14 56 93 29.11 0 7
05 19 2022 14 56 93 29.11 0 6
05 19 2022 15 57 93 29.12 0 4
05 19 2022 15 58 93 29.12 6 5
05 19 2022 15 58 90 29.12 6 5
05 19 2022 16 58 90 29.14 14 4
05 19 2022 16 58 87 29.14 15 4
05 19 2022 17 58 87 29.16 14 4
05 19 2022 17 58 84 29.16 12 4
05 19 2022 18 57 83 29.19 16 4
05 19 2022 19 57 77 29.21 10 4
05 19 2022 20 56 80 29.23 8 4
05 19 2022 21 53 86 29.26 0 3
05 19 2022 21 53 86 29.26 3 2
05 20 2022 07 54 86 29.33 8 4
05 20 2022 08 57 81 29.33 9 0
05 20 2022 09 62 72 29.33 10 0
05 20 2022 10 66 68 29.32 10 0
05 20 2022 11 70 63 29.31 13 0
05 20 2022 12 74 59 29.28 12 0
05 20 2022 13 75 60 29.28 7 3
05 20 2022 14 77 50 29.28 14 3
05 20 2022 14 77 52 29.28 15 4
05 20 2022 15 78 54 29.26 5 3
05 20 2022 16 81 45 29.23 17 3
05 20 2022 17 81 49 29.22 6 0
05 20 2022 18 83 42 29.21 12 3
05 20 2022 19 79 52 29.23 16 2
05 20 2022 20 75 62 29.25 8 3
05 20 2022 21 73 66 29.27 9 0
05 21 2022 07 68 84 29.37 9 0
05 21 2022 08 72 76 29.39 9 0
05 21 2022 09 75 73 29.40 7 0
05 21 2022 10 80 67 29.40 5 0
05 21 2022 11 83 60 29.39 0 0
05 21 2022 12 87 53 29.39 9 3
05 21 2022 13 87 51 29.38 5 0
05 21 2022 14 87 51 29.38 5 3
05 21 2022 15 91 45 29.40 9 0
05 21 2022 16 90 43 29.39 13 0
05 21 2022 17 88 45 29.38 9 3
05 21 2022 18 82 62 29.40 6 0
05 21 2022 19 82 62 29.40 3 0
05 21 2022 20 80 69 29.39 0 0
05 21 2022 21 78 68 29.41 0 0
05 22 2022 07 63 90 29.47 5 0
05 22 2022 08 68 81 29.47 0 0
05 22 2022 09 72 71 29.45 3 0
05 22 2022 10 75 64 29.45 0 0
05 22 2022 11 78 58 29.45 7 0
05 22 2022 12 79 54 29.43 7 0
05 22 2022 13 81 54 29.42 6 0
05 22 2022 14 79 58 29.42 7 4
05 22 2022 15 80 54 29.41 9 4
05 22 2022 16 72 78 29.44 17 6
05 22 2022 16 71 84 29.45 17 6
05 22 2022 16 70 87 29.46 14 10
05 22 2022 16 69 90 29.47 15 10
05 22 2022 16 68 93 29.46 12 10
05 22 2022 16 68 93 29.46 13 7
05 22 2022 16 69 90 29.47 14 5
05 22 2022 17 66 88 29.49 18 4
05 22 2022 17 67 87 29.49 15 4
05 22 2022 17 65 87 29.51 17 4
05 22 2022 18 65 84 29.51 14 4
05 22 2022 18 64 83 29.52 14 3
05 22 2022 18 64 84 29.52 15 3
05 22 2022 19 62 84 29.53 10 4
05 22 2022 19 62 84 29.54 12 4
05 22 2022 20 59 81 29.57 16 4
05 22 2022 21 56 87 29.60 16 4
05 22 2022 21 56 87 29.61 12 4
05 22 2022 21 56 87 29.62 9 4
05 22 2022 21 55 86 29.64 9 4
05 23 2022 07 50 93 29.73 3 4
05 23 2022 07 51 89 29.74 0 4
05 23 2022 07 51 89 29.74 0 4
05 23 2022 08 53 80 29.75 0 2
05 23 2022 09 55 72 29.75 3 0
05 23 2022 09 56 72 29.75 6 3
05 23 2022 10 56 69 29.75 5 2
05 23 2022 10 57 67 29.75 8 0
05 23 2022 11 60 57 29.74 7 0
05 23 2022 12 62 52 29.73 5 2
05 23 2022 13 64 48 29.73 10 3
05 23 2022 14 66 42 29.71 7 3
05 23 2022 15 64 50 29.70 9 3
05 23 2022 16 65 47 29.69 9 0
05 23 2022 17 65 47 29.69 10 0
05 23 2022 18 64 48 29.69 9 0
05 23 2022 19 63 46 29.69 6 0
05 23 2022 20 60 49 29.72 3 0
05 23 2022 21 55 72 29.72 5 0
05 24 2022 07 52 66 29.77 5 3
05 24 2022 07 52 63 29.78 3 3
05 24 2022 08 56 55 29.78 6 3
05 24 2022 09 58 56 29.79 9 4
05 24 2022 10 61 48 29.78 7 3
05 24 2022 11 64 43 29.76 8 0
05 24 2022 12 66 43 29.75 8 2
05 24 2022 13 68 42 29.72 10 0
05 24 2022 14 70 44 29.71 5 0
05 24 2022 15 72 41 29.70 3 0
05 24 2022 16 71 42 29.69 5 0
05 24 2022 17 71 44 29.68 5 3
05 24 2022 18 71 42 29.66 3 2
05 24 2022 19 69 51 29.67 3 0
05 24 2022 20 68 52 29.69 3 3
05 24 2022 21 65 58 29.70 6 3
05 25 2022 07 51 89 29.79 0 0
05 25 2022 08 58 78 29.81 5 0
05 25 2022 09 63 67 29.81 0 0
05 25 2022 10 66 60 29.81 0 0
05 25 2022 11 69 61 29.80 5 0
05 25 2022 12 70 55 29.79 0 0
05 25 2022 13 72 51 29.77 5 0
05 25 2022 14 73 51 29.76 6 0
05 25 2022 15 73 48 29.74 7 0
05 25 2022 15 73 49 29.73 10 0
05 25 2022 16 75 46 29.72 10 2
05 25 2022 17 75 44 29.69 9 0
05 25 2022 18 75 41 29.68 10 0
05 25 2022 19 74 43 29.68 7 0
05 25 2022 20 70 55 29.68 5 0
05 25 2022 21 68 56 29.67 6 0
05 26 2022 07 61 58 29.65 8 0
05 26 2022 08 63 52 29.64 10 0
05 26 2022 09 64 48 29.62 12 2
05 26 2022 10 69 42 29.60 10 0
05 26 2022 11 72 38 29.58 17 0
05 26 2022 12 74 40 29.56 12 3
05 26 2022 13 75 43 29.53 8 3
05 26 2022 14 76 46 29.51 10 4
05 26 2022 15 77 46 29.49 13 2
05 26 2022 16 81 45 29.46 12 0
05 26 2022 17 80 48 29.44 14 0
05 26 2022 18 79 50 29.44 10 0
05 26 2022 19 77 52 29.43 15 2
05 26 2022 20 74 57 29.43 15 0
05 26 2022 21 71 61 29.45 16 4
05 27 2022 07 67 87 29.33 7 5
05 27 2022 08 68 87 29.33 5 5
05 27 2022 09 70 84 29.32 6 3
05 27 2022 10 72 76 29.30 8 0
05 27 2022 11 73 71 29.30 9 4
05 27 2022 12 75 69 29.27 9 3
05 27 2022 13 78 64 29.25 6 3
05 27 2022 14 76 64 29.24 7 4
05 27 2022 15 75 69 29.21 7 5
05 27 2022 16 75 71 29.18 9 5
05 27 2022 17 74 79 29.15 0 4
05 27 2022 18 73 76 29.13 12 4
05 27 2022 19 73 71 29.12 10 4
05 27 2022 20 70 81 29.13 17 7
05 27 2022 20 69 84 29.13 10 7
05 27 2022 20 68 90 29.13 9 6
05 27 2022 20 68 90 29.13 12 5
05 27 2022 20 68 90 29.14 12 5
05 27 2022 21 67 93 29.16 10 5
05 27 2022 21 66 90 29.17 14 4
05 27 2022 21 65 90 29.17 9 4
05 28 2022 07 59 96 29.16 0 1
05 28 2022 07 59 96 29.16 0 1
05 28 2022 07 60 96 29.17 0 1
05 28 2022 07 60 96 29.18 0 1
05 28 2022 07 60 96 29.18 0 4
05 28 2022 08 60 100 29.20 0 4
05 28 2022 08 61 93 29.20 6 4
05 28 2022 08 61 93 29.20 5 4
05 28 2022 09 61 93 29.20 0 4
05 28 2022 09 61 97 29.20 3 4
05 28 2022 10 64 90 29.20 6 4
05 28 2022 11 63 90 29.22 8 5
05 28 2022 12 63 90 29.22 12 6
05 28 2022 13 61 90 29.24 5 5
05 28 2022 13 61 90 29.25 3 6
05 28 2022 13 61 90 29.25 0 5
05 28 2022 14 68 76 29.24 8 4
05 28 2022 15 72 61 29.23 8 3
05 28 2022 16 70 57 29.24 16 2
05 28 2022 17 70 55 29.25 17 3
05 28 2022 18 70 55 29.27 14 3
05 28 2022 19 67 59 29.30 17 2
05 28 2022 20 65 63 29.34 7 3
05 28 2022 21 59 78 29.38 6 0
05 29 2022 07 52 93 29.51 0 0
05 29 2022 08 58 84 29.53 3 0
05 29 2022 09 60 80 29.55 3 0
05 29 2022 10 64 67 29.54 0 0
05 29 2022 11 66 68 29.54 0 0
05 29 2022 12 71 57 29.53 6 0
05 29 2022 13 74 46 29.51 5 0
05 29 2022 14 75 41 29.51 3 0
05 29 2022 15 76 38 29.51 0 0
05 29 2022 16 77 39 29.50 3 3
05 29 2022 17 78 40 29.48 0 2
05 29 2022 18 78 40 29.47 0 0
05 29 2022 19 76 42 29.47 5 0
05 29 2022 20 73 48 29.49 8 0
05 29 2022 21 68 59 29.51 6 0
05 30 2022 07 58 84 29.56 3 0
05 30 2022 08 60 83 29.56 3 0
05 30 2022 09 66 70 29.55 5 0
05 30 2022 10 69 65 29.54 0 0
05 30 2022 11 72 61 29.54 0 0
05 30 2022 12 77 56 29.52 7 0
05 30 2022 13 81 50 29.51 6 0
05 30 2022 14 83 47 29.51 10 0
05 30 2022 15 83 47 29.48 5 0
05 30 2022 16 84 46 29.46 8 0
05 30 2022 17 84 46 29.46 9 0
05 30 2022 18 85 43 29.45 8 0
05 30 2022 19 84 46 29.45 8 0
05 30 2022 20 81 52 29.45 0 0
05 30 2022 21 73 73 29.45 5 0
05 31 2022 07 65 87 29.49 0 0
05 31 2022 08 69 81 29.49 0 0
05 31 2022 09 75 66 29.48 8 0
05 31 2022 10 78 62 29.46 8 2
05 31 2022 11 82 58 29.45 10 0
05 31 2022 12 84 53 29.43 6 0
05 31 2022 13 87 48 29.43 13 0
05 31 2022 14 87 43 29.42 15 0
05 31 2022 15 86 46 29.40 15 0
05 31 2022 16 87 44 29.39 13 0
05 31 2022 17 87 39 29.38 14 0
05 31 2022 18 85 41 29.37 13 0
05 31 2022 19 84 46 29.38 8 0
05 31 2022 20 80 58 29.38 3 0
05 31 2022 21 76 64 29.39 0 2
03 01 2023 07 19 96 29.56 3 0
03 01 2023 07 19 92 29.55 5 0
03 01 2023 08 23 96 29.57 6 0
03 01 2023 09 27 92 29.57 5 0
03 01 2023 10 30 82 29.55 5 0
03 01 2023 11 33 72 29.51 9 2
03 01 2023 12 34 70 29.51 9 2
03 01 2023 13 34 67 29.48 13 4
03 01 2023 14 34 70 29.47 10 8
03 01 2023 14 34 75 29.46 12 8
03 01 2023 14 33 75 29.46 13 8
03 01 2023 14 33 78 29.44 10 8
03 01 2023 14 32 82 29.43 12 8
03 01 2023 15 32 82 29.43 13 8
03 01 2023 15 32 82 29.41 14 8
03 01 2023 15 32 82 29.42 12 10
03 01 2023 16 33 82 29.40 17 4
03 01 2023 17 33 82 29.39 14 4
03 01 2023 18 33 82 29.38 10 4
03 01 2023 19 33 78 29.36 13 4
03 01 2023 20 34 75 29.35 10 4
03 01 2023 21 34 75 29.34 10 4
03 02 2023 07 34 92 29.09 9 4
03 02 2023 07 34 100 29.12 0 4
03 02 2023 07 34 96 29.12 0 4
03 02 2023 07 34 96 29.13 0 4
03 02 2023 08 34 92 29.13 0 4
03 02 2023 08 34 96 29.13 3 4
03 02 2023 09 35 92 29.14 10 4
03 02 2023 10 34 92 29.15 12 4
03 02 2023 11 34 89 29.17 15 4
03 02 2023 12 34 92 29.18 13 4
03 02 2023 13 34 92 29.18 10 4
03 02 2023 13 33 96 29.19 9 8
03 02 2023 14 33 96 29.20 9 8
03 02 2023 14 33 96 29.20 9 8
03 02 2023 14 33 96 29.20 9 8
03 02 2023 15 33 92 29.21 10 8
03 02 2023 15 33 92 29.22 10 8
03 02 2023 15 33 92 29.22 10 8
03 02 2023 15 33 92 29.23 10 8
03 02 2023 16 33 92 29.25 13 4
03 02 2023 17 33 92 29.28 14 4
03 02 2023 17 33 92 29.28 10 4
03 02 2023 17 33 92 29.30 12 4
03 02 2023 18 33 92 29.32 10 4
03 02 2023 19 33 92 29.36 8 4
03 02 2023 19 33 92 29.36 8 4
03 02 2023 20 33 89 29.36 8 4
03 02 2023 21 33 85 29.40 8 4
03 03 2023 07 18 100 29.53 0 0
03 03 2023 08 20 96 29.53 0 0
03 03 2023 09 25 88 29.55 0 0
03 03 2023 10 30 64 29.55 3 0
03 03 2023 11 31 61 29.54 3 0
03 03 2023 12 33 59 29.52 6 0
03 03 2023 13 36 43 29.51 10 0
03 03 2023 14 37 44 29.48 12 0
03 03 2023 15 37 39 29.42 16 0
03 03 2023 16 37 44 29.37 12 0
03 03 2023 17 36 43 29.33 13 0
03 03 2023 18 36 43 29.33 14 4
03 03 2023 19 35 46 29.29 10 4
03 03 2023 20 35 59 29.26 21 8
03 03 2023 20 34 64 29.26 16 8
03 03 2023 20 32 79 29.26 18 8
03 03 2023 21 30 92 29.23 13 8
03 03 2023 21 30 96 29.23 13 10
03 04 2023 07 32 85 28.92 7 8
03 04 2023 08 32 88 28.95 10 8
03 04 2023 08 32 88 28.96 9 8
03 04 2023 09 32 92 28.97 8 8
03 04 2023 10 33 92 28.99 7 8
03 04 2023 10 33 92 28.99 8 8
03 04 2023 10 34 89 29.00 6 8
03 04 2023 10 34 89 29.01 7 8
03 04 2023 11 34 89 29.03 7 8
03 04 2023 11 34 89 29.03 6 8
03 04 2023 11 34 92 29.05 3 8
03 04 2023 12 33 96 29.07 3 8
03 04 2023 12 34 100 29.07 0 8
03 04 2023 12 33 100 29.08 0 8
03 04 2023 13 34 92 29.11 5 10
03 04 2023 13 34 92 29.13 5 8
03 04 2023 13 34 92 29.15 6 5
03 04 2023 14 34 96 29.16 6 4
03 04 2023 14 34 96 29.18 6 10
03 04 2023 15 35 92 29.20 5 5
03 04 2023 15 36 89 29.22 9 4
03 04 2023 15 36 89 29.22 7 4
03 04 2023 16 36 89 29.26 9 4
03 04 2023 16 36 93 29.27 14 5
03 04 2023 16 36 89 29.27 13 5
03 04 2023 16 36 86 29.28 15 4
03 04 2023 16 35 85 29.29 14 4
03 04 2023 17 34 89 29.30 16 4
03 04 2023 17 34 89 29.32 15 4
03 04 2023 17 33 92 29.32 13 8
03 04 2023 18 32 85 29.36 16 4
03 04 2023 19 32 85 29.39 10 4
03 04 2023 20 32 82 29.42 9 4
03 04 2023 21 31 89 29.47 9 4
03 04 2023 21 31 92 29.47 8 8
03 05 2023 07 31 96 29.54 0 4
03 05 2023 08 32 92 29.54 0 4
03 05 2023 09 33 89 29.55 0 8
03 05 2023 10 33 89 29.56 0 4
03 05 2023 10 33 89 29.56 0 8
03 05 2023 11 33 89 29.57 0 8
03 05 2023 11 33 89 29.57 3 4
03 05 2023 11 34 89 29.58 5 8
03 05 2023 12 34 89 29.58 5 4
03 05 2023 12 34 89 29.58 5 4
03 05 2023 13 36 86 29.58 8 4
03 05 2023 13 37 82 29.58 12 4
03 05 2023 14 38 76 29.58 10 4
03 05 2023 14 38 73 29.59 14 4
03 05 2023 15 38 76 29.60 13 4
03 05 2023 16 38 79 29.61 9 4
03 05 2023 16 37 82 29.61 9 4
03 05 2023 17 36 89 29.63 8 4
03 05 2023 17 36 89 29.63 7 4
03 05 2023 17 36 89 29.63 8 4
03 05 2023 17 36 89 29.64 8 4
03 05 2023 18 36 93 29.64 6 5
03 05 2023 18 35 92 29.65 7 5
03 05 2023 19 36 89 29.65 8 4
03 05 2023 19 36 86 29.66 8 4
03 05 2023 20 36 86 29.67 10 4
03 05 2023 21 35 89 29.68 8 4
03 05 2023 21 35 89 29.68 8 4
03 06 2023 07 29 100 29.68 6 4
03 06 2023 08 29 100 29.69 5 4
03 06 2023 08 30 92 29.68 3 3
03 06 2023 08 30 92 29.68 0 2
03 06 2023 09 31 89 29.68 5 2
03 06 2023 10 34 73 29.67 5 0
03 06 2023 11 37 57 29.65 7 0
03 06 2023 12 37 52 29.64 6 0
03 06 2023 13 37 54 29.61 10 0
03 06 2023 14 39 50 29.57 10 0
03 06 2023 15 41 29 29.54 12 0
03 06 2023 16 40 29 29.52 7 0
03 06 2023 17 39 30 29.51 7 0
03 06 2023 18 36 36 29.49 8 0
03 06 2023 19 35 37 29.47 3 0
03 06 2023 20 34 42 29.47 6 0
03 06 2023 21 32 59 29.47 6 0
03 07 2023 07 24 60 29.39 10 0
03 07 2023 07 24 60 29.40 12 0
03 07 2023 08 24 62 29.40 13 0
03 07 2023 09 26 60 29.40 14 0
03 07 2023 10 28 58 29.40 15 0
03 07 2023 11 29 58 29.39 18 0
03 07 2023 12 30 59 29.40 21 3
03 07 2023 13 30 59 29.42 22 10
03 07 2023 14 30 59 29.43 29 10
03 07 2023 15 30 61 29.46 18 4
03 07 2023 16 30 64 29.49 18 4
03 07 2023 17 30 59 29.51 15 4
03 07 2023 18 28 63 29.55 23 10
03 07 2023 19 27 63 29.58 17 4
03 07 2023 20 26 69 29.61 18 4
03 07 2023 21 25 75 29.63 14 4
03 07 2023 21 26 69 29.64 20 4
03 08 2023 07 24 75 29.76 10 4
03 08 2023 07 24 75 29.76 10 4
03 08 2023 08 25 72 29.77 14 4
03 08 2023 09 25 72 29.77 12 4
03 08 2023 10 27 72 29.78 10 4
03 08 2023 11 27 72 29.79 14 4
03 08 2023 12 30 66 29.79 9 4
03 08 2023 13 30 64 29.78 17 4
03 08 2023 13 30 66 29.78 16 4
03 08 2023 14 33 59 29.76 12 4
03 08 2023 15 32 61 29.76 13 2
03 08 2023 16 32 61 29.77 12 4
03 08 2023 17 31 64 29.78 16 4
03 08 2023 18 30 66 29.79 10 4
03 08 2023 19 29 69 29.80 7 4
03 08 2023 20 29 69 29.80 12 4
03 08 2023 21 28 78 29.80 13 4
03 09 2023 07 26 75 29.74 8 4
03 09 2023 08 26 75 29.74 9 4
03 09 2023 08 26 75 29.74 8 4
03 09 2023 08 26 75 29.74 8 4
03 09 2023 08 27 72 29.75 9 4
03 09 2023 09 27 72 29.75 8 4
03 09 2023 10 29 69 29.75 6 4
03 09 2023 11 31 64 29.74 6 4
03 09 2023 11 33 61 29.74 5 4
03 09 2023 12 33 61 29.74 6 4
03 09 2023 13 33 64 29.74 8 4
03 09 2023 14 35 61 29.73 9 4
03 09 2023 15 34 64 29.73 10 4
03 09 2023 16 34 64 29.71 10 0
03 09 2023 17 33 64 29.72 10 3
03 09 2023 18 32 69 29.73 9 4
03 09 2023 18 30 72 29.74 7 4
03 09 2023 19 30 72 29.74 6 2
03 09 2023 19 29 75 29.75 3 0
03 09 2023 20 26 78 29.75 3 0
03 09 2023 21 27 78 29.75 0 0
03 10 2023 07 19 88 29.57 0 0
03 10 2023 08 21 88 29.57 3 0
03 10 2023 09 24 88 29.55 0 0
03 10 2023 10 27 78 29.51 6 0
03 10 2023 11 31 67 29.48 3 0
03 10 2023 12 34 61 29.44 3 0
03 10 2023 13 37 62 29.39 5 0
03 10 2023 14 38 57 29.34 7 3
03 10 2023 15 41 51 29.30 8 2
03 10 2023 16 40 51 29.26 8 4
03 10 2023 17 39 53 29.25 7 4
03 10 2023 18 35 76 29.26 15 8
03 10 2023 18 34 87 29.26 8 8
03 10 2023 18 33 89 29.26 10 8
03 10 2023 18 33 92 29.26 8 8
03 10 2023 19 32 96 29.25 7 8
03 10 2023 19 32 96 29.25 7 8
03 10 2023 20 32 96 29.25 7 8
03 10 2023 20 32 96 29.24 8 8
03 10 2023 20 32 96 29.24 7 8
03 10 2023 21 32 96 29.23 6 8
03 10 2023 21 32 96 29.23 3 8
03 10 2023 21 33 92 29.22 6 8
03 10 2023 21 33 92 29.22 6 8
03 11 2023 07 27 92 29.29 0 8
03 11 2023 07 26 92 29.30 5 8
03 11 2023 08 26 88 29.32 3 8
03 11 2023 08 26 88 29.33 0 8
03 11 2023 09 26 88 29.35 5 8
03 11 2023 10 26 88 29.37 7 8
03 11 2023 10 27 85 29.37 8 8
03 11 2023 10 27 85 29.37 8 8
03 11 2023 11 28 88 29.38 7 8
03 11 2023 11 28 88 29.38 6 8
03 11 2023 12 29 89 29.38 0 8
03 11 2023 12 30 88 29.39 3 8
03 11 2023 12 30 88 29.39 5 4
03 11 2023 13 31 92 29.39 7 4
03 11 2023 13 30 96 29.38 10 4
03 11 2023 14 30 92 29.39 9 4
03 11 2023 14 30 92 29.39 10 4
03 11 2023 15 30 88 29.40 14 4
03 11 2023 15 30 88 29.40 9 4
03 11 2023 16 31 82 29.41 10 4
03 11 2023 16 31 85 29.41 9 4
03 11 2023 17 31 82 29.41 8 3
03 11 2023 17 31 82 29.42 7 0
03 11 2023 18 30 82 29.45 6 0
03 11 2023 19 28 88 29.47 3 0
03 11 2023 20 26 92 29.49 0 0
03 11 2023 21 24 96 29.50 5 0
03 13 2023 07 34 79 29.38 9 4
03 13 2023 08 34 82 29.39 8 8
03 13 2023 09 34 85 29.39 7 8
03 13 2023 10 34 89 29.40 9 8
03 13 2023 11 34 92 29.39 9 10
03 13 2023 12 35 89 29.38 9 10
03 13 2023 13 36 86 29.37 12 4
03 13 2023 14 37 82 29.34 9 10
03 13 2023 15 37 87 29.32 9 10
03 13 2023 15 37 86 29.32 9 5
03 13 2023 15 37 82 29.32 13 5
03 13 2023 16 37 86 29.31 9 5
03 13 2023 17 36 93 29.30 5 5
03 13 2023 17 36 89 29.30 5 5
03 13 2023 18 36 93 29.30 3 5
03 13 2023 19 35 96 29.30 5 5
03 13 2023 20 35 96 29.30 3 5
03 13 2023 21 35 92 29.30 0 5
03 14 2023 07 31 96 29.14 9 8
03 14 2023 07 31 96 29.14 9 8
03 14 2023 08 31 96 29.14 8 8
03 14 2023 08 31 96 29.14 8 8
03 14 2023 09 31 96 29.13 9 8
03 14 2023 09 31 96 29.13 9 8
03 14 2023 09 31 96 29.12 12 8
03 14 2023 09 31 96 29.12 10 8
03 14 2023 10 31 96 29.12 8 8
03 14 2023 10 32 92 29.12 8 8
03 14 2023 10 32 92 29.12 8 8
03 14 2023 10 32 92 29.11 10 8
03 14 2023 10 32 92 29.11 10 8
03 14 2023 11 32 96 29.11 12 10
03 14 2023 11 32 96 29.10 12 8
03 14 2023 12 32 100 29.10 8 8
03 14 2023 12 32 96 29.10 8 10
03 14 2023 13 32 96 29.10 10 10
03 14 2023 13 32 96 29.10 8 10
03 14 2023 13 32 96 29.10 9 10
03 14 2023 14 32 96 29.09 13 8
03 14 2023 14 32 96 29.09 14 8
03 14 2023 15 32 92 29.09 15 8
03 14 2023 15 32 92 29.09 16 8
03 14 2023 16 32 92 29.10 15 8
03 14 2023 16 32 92 29.11 13 8
03 14 2023 16 32 92 29.11 16 8
03 14 2023 17 32 92 29.12 14 8
03 14 2023 17 32 92 29.12 15 4
03 14 2023 18 32 88 29.14 17 8
03 14 2023 18 32 88 29.15 17 8
03 14 2023 18 32 88 29.16 17 8
03 14 2023 18 32 88 29.17 17 8
03 14 2023 19 32 88 29.18 16 8
03 14 2023 20 31 89 29.19 16 4
03 14 2023 21 30 88 29.21 16 8
03 15 2023 07 25 75 29.37 16 4
03 15 2023 07 25 75 29.37 16 4
03 15 2023 08 24 77 29.39 12 4
03 15 2023 08 24 75 29.41 14 4
03 15 2023 09 24 75 29.42 12 4
03 15 2023 09 24 75 29.42 15 4
03 15 2023 10 25 69 29.44 14 4
03 15 2023 10 25 72 29.44 17 4
03 15 2023 11 25 72 29.45 16 4
03 15 2023 12 27 69 29.45 16 2
03 15 2023 12 28 66 29.45 21 3
03 15 2023 12 29 69 29.46 17 4
03 15 2023 13 29 69 29.46 17 4
03 15 2023 14 31 67 29.46 18 3
03 15 2023 15 33 61 29.45 20 0
03 15 2023 16 34 56 29.46 18 0
03 15 2023 17 34 54 29.47 20 0
03 15 2023 18 35 48 29.48 22 0
03 15 2023 19 33 50 29.49 14 0
03 15 2023 20 31 59 29.51 12 0
03 15 2023 21 28 63 29.51 7 0
03 16 2023 07 27 85 29.51 0 4
03 16 2023 08 28 81 29.51 0 4
03 16 2023 09 29 78 29.51 0 0
03 16 2023 10 32 66 29.50 0 3
03 16 2023 11 36 57 29.49 5 4
03 16 2023 12 39 49 29.47 0 0
03 16 2023 13 42 43 29.44 12 2
03 16 2023 14 43 43 29.43 10 4
03 16 2023 15 44 42 29.41 10 4
03 16 2023 16 46 40 29.39 9 2
03 16 2023 17 45 40 29.39 10 4
03 16 2023 18 45 40 29.38 7 0
03 16 2023 19 43 47 29.37 3 0
03 16 2023 20 36 67 29.37 5 0
03 16 2023 21 33 75 29.36 0 0
03 17 2023 07 34 79 29.20 7 5
03 17 2023 08 34 85 29.17 6 4
03 17 2023 09 37 79 29.14 7 4
03 17 2023 10 41 73 29.12 9 4
03 17 2023 11 41 82 29.09 8 5
03 17 2023 12 41 89 29.04 8 5
03 17 2023 13 41 93 29.02 7 6
03 17 2023 13 41 96 29.03 7 6
03 17 2023 13 41 96 29.02 8 6
03 17 2023 13 41 96 29.02 8 6
03 17 2023 14 42 96 29.00 7 6
03 17 2023 14 42 92 28.99 6 6
03 17 2023 15 43 93 28.97 8 6
03 17 2023 15 43 93 28.97 8 6
03 17 2023 16 43 93 28.98 5 6
03 17 2023 17 44 89 28.96 6 5
03 17 2023 18 43 93 28.95 7 5
03 17 2023 19 43 93 28.95 6 5
03 17 2023 20 43 93 28.97 6 4
03 17 2023 20 43 93 28.97 0 5
03 17 2023 21 45 93 29.00 8 5
03 17 2023 21 44 93 29.00 10 5
03 18 2023 07 33 66 29.21 12 4
03 18 2023 08 33 61 29.23 12 4
03 18 2023 09 33 66 29.22 13 4
03 18 2023 10 34 61 29.23 5 4
03 18 2023 11 35 61 29.22 8 3
03 18 2023 12 37 54 29.21 10 3
03 18 2023 13 38 55 29.20 8 4
03 18 2023 14 38 55 29.18 10 3
03 18 2023 15 37 57 29.17 20 4
03 18 2023 16 34 73 29.17 9 4
03 18 2023 17 34 70 29.16 16 3
03 18 2023 17 34 73 29.17 9 3
03 18 2023 18 36 55 29.18 15 4
03 18 2023 19 32 75 29.21 6 4
03 18 2023 20 32 69 29.20 0 4
03 18 2023 20 32 73 29.22 14 8
03 18 2023 21 30 85 29.22 9 8
03 18 2023 21 29 92 29.22 6 8
03 18 2023 21 29 92 29.22 6 8
03 18 2023 21 29 89 29.22 5 8
03 18 2023 21 29 92 29.22 5 8
03 19 2023 07 22 63 29.31 15 4
03 19 2023 08 23 60 29.33 17 4
03 19 2023 08 22 68 29.35 21 8
03 19 2023 09 22 72 29.35 18 8
03 19 2023 09 22 75 29.35 21 8
03 19 2023 09 21 85 29.36 13 10
03 19 2023 09 21 85 29.36 15 10
03 19 2023 09 21 85 29.36 17 9
03 19 2023 10 21 88 29.37 13 10
03 19 2023 10 21 88 29.38 13 9
03 19 2023 10 20 89 29.38 22 9
03 19 2023 10 21 88 29.38 14 10
03 19 2023 11 21 85 29.40 16 8
03 19 2023 11 22 82 29.40 20 8
03 19 2023 11 22 82 29.40 16 10
03 19 2023 12 22 89 29.41 12 8
03 19 2023 12 23 85 29.42 13 8
03 19 2023 12 22 85 29.42 20 9
03 19 2023 13 22 85 29.42 16 8
03 19 2023 13 22 89 29.42 14 9
03 19 2023 13 22 89 29.43 17 9
03 19 2023 13 23 81 29.43 18 8
03 19 2023 13 24 75 29.43 21 8
03 19 2023 13 24 75 29.44 21 8
03 19 2023 14 24 75 29.44 26 8
03 19 2023 14 25 74 29.44 28 8
03 19 2023 14 25 72 29.44 24 8
03 19 2023 14 25 81 29.44 18 8
03 19 2023 14 24 84 29.44 18 8
03 19 2023 15 25 72 29.43 20 8
03 19 2023 15 26 60 29.44 20 10
03 19 2023 16 27 58 29.44 26 10
03 19 2023 16 27 58 29.44 24 10
03 19 2023 16 27 61 29.45 24 10
03 19 2023 16 26 78 29.46 16 8
03 19 2023 17 27 80 29.47 14 8
03 19 2023 17 27 81 29.47 16 8
03 19 2023 17 27 78 29.47 15 8
03 19 2023 18 28 72 29.48 14 4
03 19 2023 19 29 61 29.50 15 4
03 19 2023 20 29 58 29.52 15 4
03 19 2023 21 29 61 29.54 9 4
03 20 2023 07 16 81 29.62 0 0
03 20 2023 08 15 84 29.63 0 0
03 20 2023 09 26 60 29.64 0 0
03 20 2023 10 30 56 29.64 3 0
03 20 2023 11 34 52 29.64 10 0
03 20 2023 12 36 50 29.64 13 0
03 20 2023 13 37 48 29.63 9 0
03 20 2023 14 40 45 29.63 8 0
03 20 2023 15 42 38 29.60 10 0
03 20 2023 16 43 35 29.59 8 0
03 20 2023 17 45 33 29.58 12 0
03 20 2023 18 45 29 29.58 8 0
03 20 2023 19 42 35 29.59 6 0
03 20 2023 20 34 50 29.60 0 0
03 20 2023 21 31 64 29.62 3 0
03 21 2023 07 29 75 29.72 0 4
03 21 2023 08 30 79 29.73 5 3
03 21 2023 09 35 72 29.74 8 4
03 21 2023 10 40 63 29.74 3 2
03 21 2023 11 43 51 29.75 0 3
03 21 2023 12 48 39 29.75 13 4
03 21 2023 13 48 41 29.75 15 0
03 21 2023 14 50 39 29.74 17 4
03 21 2023 15 51 41 29.73 14 3
03 21 2023 16 52 38 29.73 14 0
03 21 2023 17 50 44 29.74 17 3
03 21 2023 18 47 48 29.75 10 0
03 21 2023 19 42 58 29.78 10 0
03 21 2023 20 42 53 29.79 0 3
03 21 2023 21 36 70 29.80 0 2
03 22 2023 07 31 82 29.80 9 0
03 22 2023 08 33 78 29.78 8 0
03 22 2023 09 35 76 29.78 9 0
03 22 2023 10 41 62 29.77 12 0
03 22 2023 11 44 60 29.76 9 0
03 22 2023 12 47 50 29.73 10 0
03 22 2023 13 51 43 29.70 9 0
03 22 2023 14 54 40 29.65 9 0
03 22 2023 15 54 40 29.62 10 0
03 22 2023 16 54 41 29.60 12 3
03 22 2023 17 54 38 29.58 8 3
03 22 2023 18 50 46 29.57 6 4
03 22 2023 19 49 46 29.56 3 4
03 22 2023 20 46 54 29.56 6 4
03 22 2023 21 46 56 29.55 6 4
03 23 2023 07 44 71 29.37 8 4
03 23 2023 07 44 71 29.37 8 5
03 23 2023 07 44 71 29.37 6 4
03 23 2023 08 43 86 29.36 3 4
03 23 2023 09 44 85 29.35 9 4
03 23 2023 09 44 85 29.34 5 5
03 23 2023 09 44 85 29.34 5 5
03 23 2023 09 44 89 29.34 0 5
03 23 2023 10 44 93 29.30 7 4
03 23 2023 10 45 90 29.28 7 4
03 23 2023 10 45 90 29.28 8 4
03 23 2023 11 45 90 29.27 8 4
03 23 2023 11 45 90 29.26 6 4
03 23 2023 12 46 86 29.24 6 5
03 23 2023 13 46 93 29.23 0 6
03 23 2023 14 48 93 29.20 5 5
03 23 2023 15 49 90 29.17 0 4
03 23 2023 15 50 89 29.15 3 4
03 23 2023 16 49 93 29.15 6 5
03 23 2023 16 49 97 29.15 6 5
03 23 2023 16 48 96 29.17 14 6
03 23 2023 17 48 93 29.18 14 6
03 23 2023 17 48 93 29.19 12 6
03 23 2023 17 48 93 29.20 10 5
03 23 2023 18 47 93 29.20 10 5
03 23 2023 18 47 93 29.21 10 5
03 23 2023 18 46 96 29.22 8 5
03 23 2023 18 46 96 29.22 9 5
03 23 2023 18 46 93 29.22 8 5
03 23 2023 18 45 97 29.22 13 6
03 23 2023 18 45 93 29.23 12 5
03 23 2023 19 45 93 29.24 13 5
03 23 2023 19 45 93 29.25 12 5
03 23 2023 20 44 93 29.26 12 5
03 23 2023 20 43 93 29.27 12 4
03 23 2023 20 43 89 29.27 15 4
03 23 2023 21 42 92 29.28 13 4
03 23 2023 21 42 89 29.28 16 3
03 23 2023 21 42 89 29.29 15 4
03 24 2023 07 32 85 29.45 9 4
03 24 2023 07 32 85 29.46 7 4
03 24 2023 08 32 88 29.47 9 3
03 24 2023 09 32 88 29.47 10 3
03 24 2023 10 35 82 29.50 10 2
03 24 2023 10 35 78 29.50 10 3
03 24 2023 11 37 76 29.50 10 3
03 24 2023 11 38 70 29.50 14 2
03 24 2023 12 38 68 29.50 13 3
03 24 2023 13 39 62 29.50 9 3
03 24 2023 14 42 55 29.49 12 2
03 24 2023 14 41 57 29.49 10 2
03 24 2023 15 43 53 29.49 12 0
03 24 2023 16 44 51 29.50 12 0
03 24 2023 17 44 49 29.49 12 0
03 24 2023 18 42 49 29.51 9 0
03 24 2023 19 40 53 29.53 9 0
03 24 2023 20 36 57 29.55 6 0
03 24 2023 21 35 59 29.55 5 0
03 25 2023 07 31 76 29.49 8 0
03 25 2023 08 33 66 29.44 9 2
03 25 2023 09 35 64 29.45 14 4
03 25 2023 10 35 64 29.44 22 10
03 25 2023 11 36 67 29.34 13 4
03 25 2023 12 34 79 29.34 15 5
03 25 2023 13 34 85 29.29 16 6
03 25 2023 13 34 89 29.27 18 5
03 25 2023 14 35 85 29.26 22 10
03 25 2023 14 35 85 29.25 15 5
03 25 2023 15 35 85 29.23 21 10
03 25 2023 15 35 85 29.22 18 5
03 25 2023 16 36 86 29.17 21 10
03 25 2023 17 36 86 29.15 20 4
03 25 2023 18 37 86 29.15 22 10
03 25 2023 18 37 82 29.14 17 4
03 25 2023 18 37 82 29.14 14 5
03 25 2023 19 37 82 29.16 18 4
03 25 2023 19 36 86 29.15 12 5
03 25 2023 20 37 86 29.13 15 4
03 25 2023 20 37 86 29.14 15 4
03 25 2023 21 37 86 29.09 14 2
03 26 2023 07 38 68 29.23 16 4
03 26 2023 08 38 68 29.25 14 4
03 26 2023 09 37 76 29.29 12 4
03 26 2023 10 38 70 29.30 16 4
03 26 2023 11 40 65 29.32 14 4
03 26 2023 12 41 62 29.33 16 3
03 26 2023 13 45 53 29.32 18 3
03 26 2023 14 47 46 29.33 26 0
03 26 2023 15 48 44 29.34 22 0
03 26 2023 16 48 39 29.37 23 0
03 26 2023 17 48 37 29.39 22 0
03 26 2023 18 47 36 29.41 17 0
03 26 2023 19 45 37 29.43 10 0
03 26 2023 20 40 45 29.46 6 0
03 26 2023 21 34 59 29.49 0 0
03 27 2023 07 25 88 29.52 3 0
03 27 2023 08 29 85 29.53 3 0
03 27 2023 09 35 72 29.53 0 0
03 27 2023 10 39 65 29.52 3 0
03 27 2023 11 43 56 29.50 3 4
03 27 2023 12 45 49 29.50 3 4
03 27 2023 13 46 46 29.50 0 4
03 27 2023 14 44 51 29.51 7 5
03 27 2023 14 41 67 29.51 7 5
03 27 2023 15 39 82 29.49 6 5
03 27 2023 15 39 82 29.49 7 5
03 27 2023 16 39 86 29.47 8 5
03 27 2023 16 38 89 29.47 7 5
03 27 2023 17 38 86 29.47 7 5
03 27 2023 17 38 86 29.47 8 5
03 27 2023 18 37 89 29.48 5 6
03 27 2023 18 36 93 29.49 3 6
03 27 2023 19 34 96 29.50 0 7
03 27 2023 20 34 96 29.50 0 6
03 27 2023 21 33 96 29.51 0 6
03 27 2023 21 33 96 29.51 0 10
03 28 2023 07 32 85 29.57 9 3
03 28 2023 07 32 85 29.57 6 3
03 28 2023 08 31 85 29.60 5 0
03 28 2023 08 32 85 29.61 3 3
03 28 2023 09 33 85 29.61 0 4
03 28 2023 10 34 85 29.61 3 3
03 28 2023 11 37 82 29.61 6 3
03 28 2023 11 38 83 29.62 8 3
03 28 2023 12 37 87 29.61 9 2
03 28 2023 12 39 79 29.61 7 2
03 28 2023 13 42 67 29.59 10 4
03 28 2023 14 44 58 29.59 16 4
03 28 2023 15 45 56 29.58 14 4
03 28 2023 16 43 58 29.57 10 4
03 28 2023 17 44 55 29.57 16 3
03 28 2023 18 42 51 29.57 12 0
03 28 2023 19 40 49 29.59 15 0
03 28 2023 20 38 57 29.60 9 0
03 28 2023 21 33 70 29.61 6 0
03 29 2023 07 23 92 29.61 0 0
03 29 2023 07 23 92 29.61 3 0
03 29 2023 08 26 92 29.62 0 0
03 29 2023 09 32 82 29.62 0 0
03 29 2023 10 37 73 29.59 6 0
03 29 2023 11 42 60 29.58 0 0
03 29 2023 12 47 50 29.54 8 3
03 29 2023 13 47 44 29.51 10 3
03 29 2023 14 50 41 29.48 9 0
03 29 2023 15 51 33 29.43 13 3
03 29 2023 16 50 32 29.39 12 4
03 29 2023 17 50 33 29.36 10 4
03 29 2023 18 50 32 29.34 12 4
03 29 2023 19 47 46 29.40 30 5
03 29 2023 19 44 60 29.39 25 5
03 29 2023 19 42 70 29.37 14 5
03 29 2023 20 37 81 29.42 28 5
03 29 2023 20 36 87 29.43 25 8
03 29 2023 20 35 89 29.43 28 8
03 29 2023 20 33 92 29.44 25 8
03 29 2023 20 32 96 29.46 18 8
03 29 2023 20 32 92 29.46 22 8
03 29 2023 21 31 92 29.47 26 8
03 29 2023 21 30 92 29.51 16 8
03 29 2023 21 30 92 29.51 17 8
03 29 2023 21 31 85 29.51 18 4
03 29 2023 21 31 79 29.52 21 10
03 30 2023 07 20 71 29.74 9 0
03 30 2023 08 22 66 29.77 8 0
03 30 2023 09 23 63 29.78 10 0
03 30 2023 10 25 53 29.78 8 0
03 30 2023 11 27 49 29.78 10 0
03 30 2023 12 30 49 29.77 14 0
03 30 2023 13 32 45 29.77 16 2
03 30 2023 14 34 44 29.76 15 3
03 30 2023 15 33 46 29.76 12 3
03 30 2023 16 34 44 29.75 17 2
03 30 2023 17 34 44 29.74 14 0
03 30 2023 18 33 43 29.75 17 0
03 30 2023 19 32 45 29.75 12 0
03 30 2023 20 29 54 29.76 8 0
03 30 2023 21 28 51 29.77 0 0
03 31 2023 07 25 69 29.73 8 0
03 31 2023 08 27 66 29.71 8 0
03 31 2023 09 30 61 29.70 6 0
03 31 2023 10 35 54 29.68 10 4
03 31 2023 11 38 48 29.62 10 4
03 31 2023 12 40 49 29.61 10 4
03 31 2023 13 40 49 29.58 7 4
03 31 2023 14 39 55 29.51 12 4
03 31 2023 15 39 67 29.46 14 6
03 31 2023 16 38 79 29.38 13 5
03 31 2023 17 37 86 29.37 7 5
03 31 2023 18 37 89 29.38 7 6
03 31 2023 18 37 87 29.39 9 6
03 31 2023 18 37 89 29.38 9 6
03 31 2023 18 37 93 29.38 10 5
03 31 2023 19 37 93 29.37 7 6
03 31 2023 19 37 93 29.37 8 6
03 31 2023 19 37 93 29.37 7 5
03 31 2023 19 37 93 29.36 9 5
03 31 2023 19 37 93 29.36 9 5
03 31 2023 19 37 96 29.36 10 10
03 31 2023 20 37 96 29.36 9 5
03 31 2023 21 38 97 29.35 13 5
04 01 2023 07 43 97 28.93 9 5
04 01 2023 07 43 97 28.93 10 5
04 01 2023 08 45 93 28.89 9 3
04 01 2023 08 46 96 28.89 10 3
04 01 2023 09 49 90 28.85 12 5
04 01 2023 10 52 86 28.87 6 3
04 01 2023 11 61 67 28.84 10 0
04 01 2023 12 63 52 28.83 13 3
04 01 2023 13 65 42 28.80 18 0
04 01 2023 14 66 33 28.77 17 0
04 01 2023 15 68 30 28.71 6 0
04 01 2023 16 66 29 28.69 9 0
04 01 2023 17 63 35 28.69 13 4
04 01 2023 17 61 41 28.75 17 5
04 01 2023 18 53 64 28.83 22 5
04 01 2023 19 48 86 28.86 8 5
04 01 2023 20 47 93 28.87 6 3
04 01 2023 20 47 93 28.87 6 3
04 01 2023 20 47 90 28.87 3 2
04 01 2023 21 47 86 28.87 5 4
04 02 2023 07 24 57 29.44 16 0
04 02 2023 08 24 55 29.48 14 0
04 02 2023 09 25 49 29.51 13 0
04 02 2023 10 28 39 29.52 10 0
04 02 2023 11 29 35 29.54 13 0
04 02 2023 12 31 38 29.54 6 0
04 02 2023 13 34 37 29.54 10 0
04 02 2023 14 35 34 29.53 10 0
04 02 2023 15 37 31 29.54 10 0
04 02 2023 16 38 25 29.53 9 0
04 02 2023 17 38 28 29.53 8 0
04 02 2023 18 39 30 29.53 6 0
04 02 2023 19 35 40 29.54 7 0
04 02 2023 20 32 45 29.56 8 0
04 02 2023 21 30 51 29.58 3 0
04 03 2023 07 30 56 29.51 8 4
04 03 2023 08 32 52 29.51 8 4
04 03 2023 09 36 44 29.50 10 2
04 03 2023 10 41 38 29.45 9 0
04 03 2023 11 46 31 29.43 12 0
04 03 2023 12 50 32 29.40 9 0
04 03 2023 13 56 32 29.34 12 0
04 03 2023 14 59 31 29.32 15 0
04 03 2023 15 60 31 29.27 15 3
04 03 2023 16 63 31 29.27 13 3
04 03 2023 17 63 31 29.27 14 4
04 03 2023 18 57 47 29.31 23 5
04 03 2023 19 51 54 29.39 9 5
04 03 2023 20 50 57 29.41 0 5
04 03 2023 21 50 57 29.42 7 4
04 04 2023 07 42 96 29.49 6 5
04 04 2023 08 43 93 29.51 5 5
04 04 2023 09 43 93 29.52 5 5
04 04 2023 10 43 93 29.52 7 5
04 04 2023 11 44 89 29.53 6 5
04 04 2023 12 46 79 29.52 13 4
04 04 2023 13 47 80 29.51 10 4
04 04 2023 14 51 68 29.51 6 4
04 04 2023 15 52 66 29.52 3 4
04 04 2023 16 54 62 29.53 6 4
04 04 2023 17 53 66 29.54 7 4
04 04 2023 17 52 71 29.55 8 4
04 04 2023 18 52 71 29.57 0 4
04 04 2023 19 51 71 29.58 0 4
04 04 2023 20 51 68 29.58 6 4
04 04 2023 21 50 68 29.61 0 4
04 05 2023 07 45 68 29.59 14 2
04 05 2023 07 46 66 29.59 15 3
04 05 2023 08 47 68 29.58 14 0
04 05 2023 09 49 69 29.57 18 4
04 05 2023 09 49 69 29.56 17 4
04 05 2023 10 49 69 29.55 18 4
04 05 2023 11 51 66 29.52 14 4
04 05 2023 12 50 68 29.50 21 2
04 05 2023 12 52 66 29.49 18 0
04 05 2023 13 56 62 29.46 15 4
04 05 2023 13 57 62 29.42 17 10
04 05 2023 14 58 62 29.44 13 4
04 05 2023 14 59 62 29.44 13 4
04 05 2023 15 62 62 29.41 13 4
04 05 2023 16 67 59 29.39 18 3
04 05 2023 17 66 63 29.36 9 2
04 05 2023 18 62 75 29.46 3 10
04 05 2023 18 60 86 29.45 7 7
04 05 2023 18 59 90 29.45 7 6
04 05 2023 19 56 90 29.45 16 7
04 05 2023 19 55 93 29.45 16 7
04 05 2023 19 55 93 29.45 16 6
04 05 2023 20 54 93 29.48 9 5
04 05 2023 20 54 97 29.50 8 7
04 05 2023 20 54 97 29.50 0 7
04 05 2023 21 54 93 29.50 13 6
04 05 2023 21 54 94 29.48 17 6
04 05 2023 21 54 93 29.48 15 5
04 05 2023 21 54 93 29.50 13 5
04 05 2023 21 53 96 29.49 13 4
04 06 2023 07 50 96 29.50 0 4
04 06 2023 08 51 100 29.51 3 5
04 06 2023 08 53 93 29.51 7 4
04 06 2023 09 52 97 29.52 7 4
04 06 2023 10 51 100 29.54 0 4
04 06 2023 10 52 93 29.56 5 4
04 06 2023 10 53 71 29.55 9 4
04 06 2023 11 52 71 29.59 10 4
04 06 2023 12 52 69 29.61 7 4
04 06 2023 13 51 63 29.61 13 4
04 06 2023 14 51 59 29.62 12 4
04 06 2023 15 51 63 29.61 8 4
04 06 2023 16 51 63 29.61 6 4
04 06 2023 17 51 61 29.61 6 4
04 06 2023 18 52 54 29.63 8 4
04 06 2023 19 48 63 29.65 8 0
04 06 2023 20 45 65 29.68 3 0
04 06 2023 21 41 79 29.68 0 0
04 07 2023 07 30 88 29.78 5 0
04 07 2023 08 36 76 29.80 12 0
04 07 2023 09 38 68 29.82 20 0
04 07 2023 10 37 65 29.84 25 10
04 07 2023 11 36 57 29.87 21 10
04 07 2023 12 39 50 29.87 25 2
04 07 2023 13 38 51 29.86 22 2
04 07 2023 14 41 47 29.86 20 0
04 07 2023 15 40 49 29.87 20 0
04 07 2023 16 40 49 29.85 21 0
04 07 2023 17 39 45 29.85 20 0
04 07 2023 18 38 44 29.86 20 0
04 07 2023 19 37 48 29.87 16 0
04 07 2023 20 33 59 29.87 8 0
04 07 2023 21 33 59 29.90 8 0
04 08 2023 07 23 88 29.99 3 0
04 08 2023 08 26 88 30.01 0 0
04 08 2023 09 31 61 30.02 3 0
04 08 2023 10 35 44 30.03 6 0
04 08 2023 11 39 32 30.02 8 0
04 08 2023 12 42 27 30.00 3 0
04 08 2023 13 42 27 29.97 0 0
04 08 2023 14 44 24 29.94 0 0
04 08 2023 15 46 23 29.92 6 0
04 08 2023 16 47 25 29.90 8 0
04 08 2023 17 47 25 29.88 12 0
04 08 2023 18 45 26 29.88 12 0
04 08 2023 19 44 25 29.88 9 3
04 08 2023 20 39 34 29.88 8 4
04 08 2023 21 36 39 29.90 6 0
04 09 2023 07 22 85 30.00 0 0
04 09 2023 08 26 84 30.02 0 0
04 09 2023 09 33 64 30.03 0 0
04 09 2023 10 37 50 30.03 3 0
04 09 2023 11 43 37 30.02 0 0
04 09 2023 12 46 28 30.01 5 0
04 09 2023 13 48 24 30.00 0 0
04 09 2023 14 50 23 29.98 6 0
04 09 2023 15 50 23 29.96 5 0
04 09 2023 16 52 25 29.94 7 0
04 09 2023 17 51 23 29.92 5 0
04 09 2023 17 52 23 29.92 9 0
04 09 2023 18 51 24 29.92 5 0
04 09 2023 19 50 28 29.91 10 0
04 09 2023 20 42 47 29.91 10 0
04 09 2023 21 39 46 29.92 6 0
04 10 2023 07 26 81 29.93 0 0
04 10 2023 08 30 79 29.94 5 0
04 10 2023 09 38 60 29.94 3 0
04 10 2023 10 43 47 29.93 3 0
04 10 2023 11 48 37 29.91 0 0
04 10 2023 12 52 37 29.90 5 0
04 10 2023 13 55 34 29.86 5 0
04 10 2023 14 58 32 29.84 6 0
04 10 2023 15 60 30 29.81 6 0
04 10 2023 16 62 26 29.79 3 0
04 10 2023 17 63 27 29.77 8 0
04 10 2023 18 63 29 29.76 6 0
04 10 2023 19 61 30 29.75 6 0
04 10 2023 20 53 41 29.74 0 0
04 10 2023 21 44 65 29.75 5 0
04 11 2023 07 32 88 29.62 0 0
04 11 2023 07 33 85 29.62 0 0
04 11 2023 08 34 85 29.63 0 0
04 11 2023 09 43 71 29.61 0 0
04 11 2023 10 52 43 29.58 3 0
04 11 2023 11 57 37 29.55 6 0
04 11 2023 12 64 29 29.52 20 0
04 11 2023 13 64 29 29.49 13 0
04 11 2023 14 68 27 29.44 18 0
04 11 2023 15 70 27 29.41 23 0
04 11 2023 16 70 28 29.37 24 0
04 11 2023 17 70 29 29.36 15 2
04 11 2023 18 64 46 29.37 14 5
04 11 2023 19 64 46 29.35 13 5
04 11 2023 20 65 40 29.34 15 3
04 11 2023 21 64 41 29.34 16 2
04 12 2023 07 51 59 29.36 8 4
04 12 2023 07 51 59 29.37 8 4
04 12 2023 08 52 57 29.39 6 3
04 12 2023 09 55 51 29.39 6 0
04 12 2023 10 57 40 29.39 6 2
04 12 2023 11 58 42 29.38 5 3
04 12 2023 12 62 31 29.36 7 0
04 12 2023 13 65 31 29.34 14 0
04 12 2023 14 69 32 29.30 14 0
04 12 2023 15 71 34 29.28 9 0
04 12 2023 16 74 34 29.26 13 0
04 12 2023 17 77 31 29.24 15 0
04 12 2023 18 75 34 29.25 21 0
04 12 2023 19 71 41 29.25 12 0
04 12 2023 20 66 47 29.25 5 0
04 12 2023 21 60 60 29.27 0 0
04 13 2023 07 45 90 29.32 0 0
04 13 2023 08 51 83 29.33 0 0
04 13 2023 09 61 64 29.33 0 0
04 13 2023 10 69 44 29.33 10 0
04 13 2023 11 72 40 29.32 5 0
04 13 2023 12 76 35 29.31 8 0
04 13 2023 13 79 31 29.30 15 0
04 13 2023 14 80 31 29.29 16 0
04 13 2023 15 82 30 29.27 14 0
04 13 2023 16 83 29 29.25 13 0
04 13 2023 17 83 31 29.25 16 0
04 13 2023 18 83 29 29.25 14 0
04 13 2023 19 81 31 29.25 8 0
04 13 2023 20 74 40 29.26 5 0
04 13 2023 21 71 44 29.28 5 0
04 14 2023 07 45 86 29.37 0 0
04 14 2023 08 50 83 29.38 0 0
04 14 2023 09 59 62 29.39 3 0
04 14 2023 10 65 50 29.39 3 0
04 14 2023 11 70 39 29.38 3 0
04 14 2023 12 74 35 29.38 0 0
04 14 2023 13 77 34 29.36 0 0
04 14 2023 14 81 28 29.34 5 0
04 14 2023 15 82 27 29.33 8 0
04 14 2023 16 83 21 29.31 6 0
04 14 2023 17 83 18 29.30 3 0
04 14 2023 18 82 22 29.29 5 0
04 14 2023 19 78 28 29.29 3 0
04 14 2023 20 69 40 29.28 0 0
04 14 2023 21 62 58 29.30 0 0
04 15 2023 07 60 62 29.32 9 0
04 15 2023 08 62 58 29.33 9 0
04 15 2023 09 67 51 29.33 9 0
04 15 2023 10 71 41 29.32 12 0
04 15 2023 11 75 40 29.32 10 0
04 15 2023 12 79 36 29.30 7 0
04 15 2023 13 81 34 29.28 10 0
04 15 2023 14 82 31 29.25 7 0
04 15 2023 15 82 29 29.24 0 0
04 15 2023 16 82 31 29.22 5 0
04 15 2023 17 83 28 29.21 0 0
04 15 2023 18 79 39 29.22 8 0
04 15 2023 19 77 43 29.23 8 0
04 15 2023 20 74 41 29.27 10 0
04 15 2023 21 70 53 29.29 0 2
04 16 2023 07 54 97 29.27 3 0
04 16 2023 08 60 90 29.29 7 0
04 16 2023 09 65 78 29.29 7 0
04 16 2023 10 68 68 29.29 10 0
04 16 2023 11 72 55 29.26 8 0
04 16 2023 12 74 53 29.25 7 0
04 16 2023 13 76 50 29.22 9 0
04 16 2023 14 78 46 29.20 5 2
04 16 2023 15 79 44 29.18 12 0
04 16 2023 16 80 42 29.16 12 0
04 16 2023 17 79 42 29.13 10 0
04 16 2023 18 78 43 29.11 15 0
04 16 2023 19 75 44 29.11 15 0
04 16 2023 20 72 49 29.10 10 3
04 16 2023 21 71 53 29.10 14 4
04 17 2023 07 47 93 29.14 10 5
04 17 2023 07 46 96 29.14 8 5
04 17 2023 07 46 96 29.14 13 6
04 17 2023 07 44 96 29.15 12 5
04 17 2023 08 45 90 29.14 9 5
04 17 2023 08 44 93 29.13 10 5
04 17 2023 09 45 90 29.13 6 4
04 17 2023 10 45 86 29.13 0 6
04 17 2023 11 46 86 29.12 6 5
04 17 2023 11 46 86 29.12 5 4
04 17 2023 12 46 86 29.11 3 5
04 17 2023 12 46 89 29.10 3 5
04 17 2023 12 46 86 29.10 3 5
04 17 2023 12 47 86 29.08 0 4
04 17 2023 13 48 86 29.07 5 4
04 17 2023 14 48 83 29.06 0 4
04 17 2023 14 48 86 29.06 3 4
04 17 2023 14 48 80 29.06 0 4
04 17 2023 14 49 77 29.06 0 4
04 17 2023 14 50 77 29.04 0 4
04 17 2023 15 50 71 29.03 3 4
04 17 2023 16 52 69 29.01 5 4
04 17 2023 17 52 69 29.00 5 4
04 17 2023 18 51 74 29.02 5 4
04 17 2023 19 50 77 29.03 5 4
04 17 2023 20 49 83 29.03 6 4
04 17 2023 21 45 86 29.10 16 5
04 17 2023 21 44 93 29.11 12 5
04 17 2023 21 42 89 29.12 21 5
04 18 2023 07 39 82 29.11 0 4
04 18 2023 07 39 82 29.11 0 4
04 18 2023 08 40 77 29.12 6 4
04 18 2023 09 41 70 29.13 9 4
04 18 2023 10 41 67 29.13 12 4
04 18 2023 11 42 65 29.15 13 5
04 18 2023 12 42 73 29.16 9 4
04 18 2023 13 41 76 29.17 14 5
04 18 2023 13 41 76 29.17 9 5
04 18 2023 13 41 79 29.17 8 4
04 18 2023 14 41 73 29.18 16 5
04 18 2023 15 43 68 29.20 16 5
04 18 2023 16 42 76 29.21 10 5
04 18 2023 16 43 74 29.21 13 4
04 18 2023 17 41 79 29.23 15 5
04 18 2023 17 40 83 29.25 21 5
04 18 2023 18 39 82 29.25 13 4
04 18 2023 18 40 83 29.25 8 4
04 18 2023 18 39 89 29.27 21 5
04 18 2023 19 36 89 29.28 16 6
04 18 2023 19 36 93 29.28 9 5
04 18 2023 19 37 93 29.28 8 10
04 18 2023 20 37 89 29.30 10 5
04 18 2023 21 37 86 29.33 7 4
04 19 2023 07 34 89 29.43 13 4
04 19 2023 07 34 89 29.43 10 4
04 19 2023 07 34 89 29.44 9 4
04 19 2023 08 34 92 29.45 8 4
04 19 2023 08 35 89 29.45 8 4
04 19 2023 08 35 92 29.45 10 4
04 19 2023 09 36 89 29.46 12 4
04 19 2023 09 36 86 29.47 13 4
04 19 2023 10 37 79 29.50 18 4
04 19 2023 10 37 79 29.50 17 4
04 19 2023 11 37 79 29.51 15 4
04 19 2023 11 38 79 29.51 17 5
04 19 2023 12 38 76 29.52 17 4
04 19 2023 12 38 76 29.52 18 5
04 19 2023 13 39 70 29.53 21 10
04 19 2023 13 39 73 29.53 15 5
04 19 2023 14 39 67 29.54 15 4
04 19 2023 15 38 68 29.55 16 4
04 19 2023 16 37 67 29.56 14 4
04 19 2023 16 37 70 29.56 10 4
04 19 2023 17 38 65 29.56 10 4
04 19 2023 18 40 60 29.58 15 3
04 19 2023 19 39 57 29.60 10 0
04 19 2023 20 36 64 29.61 7 0
04 19 2023 21 34 70 29.63 0 0
04 20 2023 07 32 88 29.71 0 0
04 20 2023 08 36 79 29.73 0 0
04 20 2023 09 40 58 29.75 3 3
04 20 2023 10 44 49 29.74 7 0
04 20 2023 11 45 49 29.72 6 0
04 20 2023 12 48 46 29.69 7 0
04 20 2023 13 51 44 29.65 5 0
04 20 2023 14 53 41 29.65 3 0
04 20 2023 15 55 38 29.63 0 0
04 20 2023 16 58 36 29.61 6 0
04 20 2023 17 60 35 29.60 7 0
04 20 2023 18 60 33 29.58 5 0
04 20 2023 19 59 35 29.57 0 0
04 20 2023 20 56 42 29.57 0 0
04 20 2023 21 52 61 29.59 3 3
04 21 2023 07 48 58 29.49 12 0
04 21 2023 08 50 54 29.49 12 0
04 21 2023 09 55 51 29.48 12 0
04 21 2023 10 59 49 29.46 13 0
04 21 2023 11 65 47 29.44 9 0
04 21 2023 12 70 44 29.40 14 0
04 21 2023 13 75 40 29.38 9 0
04 21 2023 14 77 37 29.35 12 0
04 21 2023 15 80 36 29.32 13 0
04 21 2023 16 82 34 29.29 8 0
04 21 2023 17 81 35 29.27 9 0
04 21 2023 18 77 37 29.27 8 3
04 21 2023 19 75 40 29.27 10 0
04 21 2023 20 73 39 29.27 12 3
04 21 2023 21 68 55 29.32 7 4
04 22 2023 07 51 80 29.33 12 0
04 22 2023 08 54 77 29.32 13 0
04 22 2023 09 56 75 29.31 15 0
04 22 2023 10 58 70 29.29 21 0
04 22 2023 11 61 64 29.28 17 0
04 22 2023 12 63 60 29.28 23 0
04 22 2023 13 65 58 29.24 17 0
04 22 2023 14 67 52 29.21 18 0
04 22 2023 15 68 49 29.19 16 0
04 22 2023 16 69 45 29.19 16 0
04 22 2023 17 69 45 29.18 16 0
04 22 2023 18 69 45 29.16 16 0
04 22 2023 19 61 68 29.24 16 4
04 22 2023 19 59 72 29.23 14 4
04 22 2023 19 58 75 29.21 12 10
04 22 2023 19 57 77 29.25 7 10
04 22 2023 19 55 89 29.26 7 10
04 22 2023 19 55 93 29.25 9 10
04 22 2023 20 54 100 29.27 0 10
04 22 2023 20 54 100 29.28 7 10
04 22 2023 20 54 97 29.29 8 10
04 22 2023 20 54 97 29.29 6 10
04 22 2023 20 54 97 29.30 7 6
04 22 2023 21 54 97 29.31 5 7
04 23 2023 07 46 96 29.36 0 5
04 23 2023 08 46 100 29.37 0 5
04 23 2023 09 47 97 29.37 3 4
04 23 2023 09 47 97 29.37 3 4
04 23 2023 10 48 89 29.39 6 4
04 23 2023 10 48 89 29.39 7 4
04 23 2023 10 49 83 29.39 8 4
04 23 2023 11 49 83 29.39 8 4
04 23 2023 12 51 74 29.40 9 4
04 23 2023 13 52 71 29.39 10 4
04 23 2023 14 54 62 29.38 10 3
04 23 2023 15 53 59 29.37 12 4
04 23 2023 16 55 55 29.36 12 3
04 23 2023 17 53 50 29.38 15 4
04 23 2023 18 49 54 29.41 18 4
04 23 2023 19 47 56 29.43 13 4
04 23 2023 20 44 63 29.47 14 5
04 23 2023 21 42 76 29.50 8 4
04 24 2023 07 40 83 29.51 6 4
04 24 2023 08 40 83 29.51 6 4
04 24 2023 09 41 82 29.51 5 4
04 24 2023 10 43 76 29.51 6 4
04 24 2023 11 44 73 29.51 3 4
04 24 2023 11 44 73 29.51 8 4
04 24 2023 11 46 71 29.51 3 4
04 24 2023 12 47 66 29.51 5 4
04 24 2023 13 43 76 29.51 7 5
04 24 2023 13 44 76 29.51 9 5
04 24 2023 13 44 71 29.51 9 5
04 24 2023 14 46 66 29.51 8 4
04 24 2023 15 47 63 29.51 13 3
04 24 2023 16 47 66 29.51 13 2
04 24 2023 17 49 56 29.51 5 3
04 24 2023 18 49 56 29.51 9 2
04 24 2023 19 48 58 29.52 9 2
04 24 2023 20 46 66 29.54 10 3
04 24 2023 21 41 67 29.56 8 0
04 25 2023 07 38 89 29.62 0 4
04 25 2023 07 38 89 29.63 3 4
04 25 2023 08 39 86 29.64 6 4
04 25 2023 08 39 86 29.64 5 4
04 25 2023 09 40 83 29.64 5 3
04 25 2023 10 43 74 29.65 6 3
04 25 2023 11 43 62 29.65 6 4
04 25 2023 12 46 58 29.65 6 4
04 25 2023 13 49 48 29.64 12 3
04 25 2023 14 45 65 29.66 12 4
04 25 2023 15 47 48 29.65 3 4
04 25 2023 16 49 50 29.64 0 3
04 25 2023 17 50 39 29.64 6 0
04 25 2023 18 49 50 29.65 10 3
04 25 2023 19 47 52 29.65 6 0
04 25 2023 20 43 60 29.65 0 0
04 25 2023 21 39 76 29.67 3 0
04 26 2023 07 36 79 29.66 6 4
04 26 2023 07 36 79 29.66 6 4
04 26 2023 08 38 76 29.67 9 4
04 26 2023 09 41 70 29.67 6 4
04 26 2023 10 45 63 29.65 7 4
04 26 2023 11 48 56 29.64 8 4
04 26 2023 12 48 61 29.63 5 5
04 26 2023 13 48 66 29.63 0 5
04 26 2023 13 47 68 29.64 10 5
04 26 2023 14 50 63 29.62 3 4
04 26 2023 15 50 59 29.62 6 4
04 26 2023 15 49 66 29.62 7 4
04 26 2023 16 46 83 29.64 15 6
04 26 2023 16 44 89 29.64 9 7
04 26 2023 16 44 89 29.64 8 5
04 26 2023 17 46 86 29.63 6 4
04 26 2023 18 47 80 29.63 0 0
04 26 2023 19 48 77 29.64 6 0
04 26 2023 20 45 80 29.65 3 3
04 26 2023 21 42 92 29.65 6 3
04 27 2023 07 32 96 29.69 7 1
04 27 2023 07 32 100 29.69 3 4
04 27 2023 07 33 96 29.70 0 4
04 27 2023 07 33 96 29.70 3 4
04 27 2023 08 35 100 29.71 0 2
04 27 2023 09 41 89 29.70 0 0
04 27 2023 10 45 80 29.70 0 0
04 27 2023 11 49 61 29.69 3 0
04 27 2023 12 52 47 29.67 0 0
04 27 2023 13 54 41 29.65 6 0
04 27 2023 14 55 38 29.64 6 0
04 27 2023 15 57 34 29.63 3 0
04 27 2023 16 58 35 29.61 6 0
04 27 2023 17 59 32 29.60 3 0
04 27 2023 18 59 27 29.60 0 0
04 27 2023 19 59 28 29.60 3 0
04 27 2023 20 54 37 29.59 3 0
04 27 2023 21 47 54 29.59 5 0
04 28 2023 07 44 76 29.62 6 0
04 28 2023 08 48 68 29.61 12 0
04 28 2023 09 50 68 29.61 7 0
04 28 2023 10 51 71 29.60 13 0
04 28 2023 11 57 62 29.59 9 0
04 28 2023 12 59 55 29.57 12 0
04 28 2023 13 62 46 29.56 17 0
04 28 2023 14 63 43 29.54 15 0
04 28 2023 15 63 40 29.52 10 0
04 28 2023 16 63 38 29.51 14 0
04 28 2023 17 62 41 29.51 12 0
04 28 2023 18 61 42 29.51 12 0
04 28 2023 19 59 44 29.51 12 0
04 28 2023 20 58 46 29.51 8 4
04 28 2023 21 57 42 29.51 12 4
04 29 2023 07 43 89 29.41 13 6
04 29 2023 08 44 85 29.41 13 7
04 29 2023 09 44 82 29.40 18 4
04 29 2023 10 46 76 29.39 22 10
04 29 2023 10 46 79 29.39 21 10
04 29 2023 11 47 77 29.40 21 10
04 29 2023 12 48 74 29.39 20 4
04 29 2023 13 50 68 29.36 22 10
04 29 2023 13 50 68 29.36 22 10
04 29 2023 14 50 68 29.35 17 4
04 29 2023 14 50 68 29.36 22 10
04 29 2023 15 50 71 29.34 18 4
04 29 2023 15 50 71 29.33 17 4
04 29 2023 16 51 68 29.31 22 10
04 29 2023 16 50 71 29.30 17 4
04 29 2023 17 50 71 29.29 16 4
04 29 2023 18 50 74 29.30 21 5
04 29 2023 19 49 80 29.30 15 5
04 29 2023 20 49 80 29.30 15 4
04 29 2023 21 50 77 29.31 13 4
04 30 2023 07 49 83 29.13 12 4
04 30 2023 07 48 86 29.13 8 5
04 30 2023 07 49 86 29.12 12 4
04 30 2023 08 48 87 29.12 12 4
04 30 2023 08 49 86 29.12 9 4
04 30 2023 09 50 86 29.11 13 5
04 30 2023 10 50 89 29.09 13 5
04 30 2023 10 50 89 29.09 12 5
04 30 2023 10 50 89 29.09 13 5
04 30 2023 11 50 93 29.08 13 6
04 30 2023 11 50 93 29.07 12 5
04 30 2023 12 51 89 29.03 15 5
04 30 2023 12 53 89 29.03 6 4
04 30 2023 13 53 86 29.02 13 5
04 30 2023 14 53 86 28.99 13 5
04 30 2023 15 53 93 28.95 7 5
04 30 2023 15 53 93 28.93 9 5
04 30 2023 16 53 93 28.92 13 5
04 30 2023 16 53 93 28.91 10 5
04 30 2023 16 53 93 28.90 12 5
04 30 2023 16 53 93 28.87 15 6
04 30 2023 17 53 89 28.85 14 6
04 30 2023 17 53 89 28.82 12 5
04 30 2023 18 53 89 28.80 15 5
04 30 2023 19 52 89 28.73 18 5
04 30 2023 20 53 86 28.70 14 6
04 30 2023 21 52 86 28.72 12 4
05 01 2023 07 44 89 28.62 9 4
05 01 2023 07 44 85 28.62 9 4
05 01 2023 08 43 89 28.64 9 5
05 01 2023 08 43 93 28.65 8 5
05 01 2023 08 43 93 28.65 8 5
05 01 2023 08 43 93 28.65 8 5
05 01 2023 08 44 89 28.64 10 5
05 01 2023 08 44 79 28.65 14 5
05 01 2023 09 44 85 28.65 6 4
05 01 2023 09 45 86 28.66 5 4
05 01 2023 10 47 80 28.66 9 4
05 01 2023 11 49 71 28.68 13 4
05 01 2023 12 47 74 28.69 5 4
05 01 2023 13 48 68 28.69 10 5
05 01 2023 14 49 69 28.68 5 3
05 01 2023 15 53 64 28.68 0 2
05 01 2023 16 54 53 28.70 12 3
05 01 2023 17 49 64 28.73 15 5
05 01 2023 18 48 68 28.77 15 4
05 01 2023 19 45 82 28.80 9 4
05 01 2023 20 45 80 28.80 0 4
05 01 2023 21 44 85 28.82 6 3
05 02 2023 07 43 86 28.79 6 4
05 02 2023 07 43 86 28.79 6 4
05 02 2023 08 45 80 28.80 7 4
05 02 2023 09 46 73 28.80 5 4
05 02 2023 10 46 73 28.80 7 5
05 02 2023 11 47 74 28.80 6 5
05 02 2023 12 50 63 28.80 5 4
05 02 2023 13 51 56 28.79 5 4
05 02 2023 14 51 56 28.80 7 4
05 02 2023 15 51 56 28.81 10 4
05 02 2023 16 50 57 28.83 12 4
05 02 2023 17 49 64 28.84 12 4
05 02 2023 18 49 66 28.86 7 3
05 02 2023 19 48 71 28.88 3 4
05 02 2023 20 47 74 28.90 0 4
05 02 2023 21 47 71 28.92 8 4
05 03 2023 07 40 97 28.93 0 4
05 03 2023 07 41 93 28.94 3 5
05 03 2023 08 41 93 28.95 3 5
05 03 2023 08 41 93 28.95 3 5
05 03 2023 08 41 93 28.95 3 5
05 03 2023 09 42 89 28.96 3 5
05 03 2023 09 42 89 28.96 0 5
05 03 2023 09 42 89 28.96 0 5
05 03 2023 09 42 85 28.97 0 5
05 03 2023 09 42 89 28.97 3 5
05 03 2023 10 43 82 28.97 0 5
05 03 2023 10 43 82 28.97 0 5
05 03 2023 11 43 93 28.98 7 5
05 03 2023 12 44 89 28.98 7 5
05 03 2023 12 44 85 28.98 7 5
05 03 2023 13 44 89 28.99 8 5
05 03 2023 13 44 89 28.99 7 5
05 03 2023 13 45 90 28.99 8 5
05 03 2023 14 45 86 29.00 8 5
05 03 2023 14 45 86 29.00 7 5
05 03 2023 15 46 83 29.00 8 4
05 03 2023 16 47 83 29.01 10 5
05 03 2023 17 47 83 29.02 7 4
05 03 2023 17 47 86 29.03 7 5
05 03 2023 18 47 86 29.04 9 4
05 03 2023 18 46 86 29.05 9 4
05 03 2023 19 45 90 29.06 7 4
05 03 2023 19 45 90 29.07 9 4
05 03 2023 19 45 90 29.07 9 4
05 03 2023 20 44 89 29.09 8 4
05 03 2023 20 44 89 29.09 7 4
05 03 2023 21 44 89 29.11 7 5
05 03 2023 21 43 93 29.12 7 5
05 04 2023 07 42 96 29.28 0 4
05 04 2023 08 44 93 29.31 0 4
05 04 2023 08 44 93 29.31 0 4
05 04 2023 09 44 93 29.34 0 4
05 04 2023 09 45 90 29.34 0 4
05 04 2023 10 45 90 29.34 0 4
05 04 2023 10 45 90 29.35 0 4
05 04 2023 11 49 77 29.37 3 4
05 04 2023 12 50 74 29.38 3 4
05 04 2023 12 50 71 29.38 0 4
05 04 2023 13 51 68 29.38 7 4
05 04 2023 14 52 69 29.39 6 4
05 04 2023 14 52 66 29.40 5 4
05 04 2023 15 54 62 29.40 0 2
05 04 2023 16 51 80 29.40 8 5
05 04 2023 16 50 77 29.41 7 6
05 04 2023 17 51 83 29.42 12 3
05 04 2023 18 51 77 29.44 8 4
05 04 2023 19 50 80 29.46 7 4
05 04 2023 20 49 90 29.49 5 4
05 04 2023 21 48 93 29.51 5 4
05 05 2023 07 46 96 29.64 0 4
05 05 2023 08 47 90 29.66 0 4
05 05 2023 08 47 90 29.66 0 4
05 05 2023 09 48 87 29.68 0 4
05 05 2023 09 48 89 29.68 3 4
05 05 2023 09 48 86 29.69 0 3
05 05 2023 10 50 80 29.70 5 0
05 05 2023 11 52 69 29.71 0 3
05 05 2023 11 52 69 29.71 0 3
05 05 2023 12 53 64 29.70 0 3
05 05 2023 12 54 64 29.70 0 0
05 05 2023 13 56 60 29.70 6 4
05 05 2023 14 57 55 29.69 5 3
05 05 2023 15 60 51 29.67 5 4
05 05 2023 16 60 53 29.67 7 4
05 05 2023 17 52 80 29.68 9 7
05 05 2023 18 56 72 29.68 6 3
05 05 2023 19 54 80 29.70 8 3
05 05 2023 20 53 80 29.70 7 3
05 05 2023 21 50 89 29.71 0 0
05 06 2023 07 37 100 29.77 0 1
05 06 2023 07 37 100 29.78 0 1
05 06 2023 07 37 100 29.78 0 1
05 06 2023 07 38 100 29.78 0 1
05 06 2023 07 38 100 29.79 0 4
05 06 2023 08 40 97 29.79 0 3
05 06 2023 08 40 97 29.79 0 3
05 06 2023 08 41 96 29.79 0 2
05 06 2023 09 48 83 29.78 5 0
05 06 2023 10 52 74 29.77 6 0
05 06 2023 11 56 69 29.76 0 0
05 06 2023 12 61 58 29.73 8 3
05 06 2023 13 63 52 29.70 7 2
05 06 2023 14 64 43 29.68 12 3
05 06 2023 15 65 40 29.67 9 4
05 06 2023 16 66 38 29.65 6 3
05 06 2023 17 68 36 29.63 12 4
05 06 2023 18 66 33 29.62 10 4
05 06 2023 19 64 33 29.61 12 0
05 06 2023 20 61 41 29.62 7 0
05 06 2023 21 55 53 29.64 6 0
05 07 2023 07 39 93 29.56 0 0
05 07 2023 08 47 80 29.55 3 0
05 07 2023 09 52 63 29.53 0 0
05 07 2023 10 57 53 29.52 0 0
05 07 2023 11 61 46 29.51 0 0
05 07 2023 12 65 39 29.47 5 0
05 07 2023 13 68 36 29.43 5 0
05 07 2023 14 71 32 29.40 0 0
05 07 2023 15 72 31 29.37 6 0
05 07 2023 16 71 28 29.33 0 0
05 07 2023 17 69 38 29.31 6 3
05 07 2023 18 68 37 29.29 6 3
05 07 2023 19 62 52 29.31 12 5
05 07 2023 20 56 77 29.33 5 5
05 07 2023 21 55 83 29.32 0 5
05 08 2023 07 47 97 29.33 7 4
05 08 2023 07 47 97 29.33 7 3
05 08 2023 07 47 97 29.33 6 4
05 08 2023 07 47 97 29.35 8 4
05 08 2023 08 48 93 29.36 8 4
05 08 2023 08 48 93 29.36 8 4
05 08 2023 09 50 89 29.34 6 4
05 08 2023 10 53 80 29.34 5 3
05 08 2023 10 54 83 29.35 7 3
05 08 2023 10 54 80 29.35 7 0
05 08 2023 11 58 72 29.34 9 0
05 08 2023 12 61 64 29.33 13 0
05 08 2023 13 64 45 29.31 14 0
05 08 2023 14 65 37 29.31 15 0
05 08 2023 15 65 40 29.31 14 0
05 08 2023 16 64 40 29.31 16 0
05 08 2023 17 62 38 29.32 18 0
05 08 2023 18 61 38 29.34 17 0
05 08 2023 19 59 41 29.35 12 0
05 08 2023 20 54 51 29.37 7 0
05 08 2023 21 51 54 29.39 3 0
05 09 2023 07 37 89 29.47 0 0
05 09 2023 07 37 89 29.47 0 0
05 09 2023 08 40 83 29.48 0 0
05 09 2023 09 46 66 29.50 0 0
05 09 2023 10 51 54 29.51 3 0
05 09 2023 11 56 37 29.51 8 0
05 09 2023 12 58 32 29.51 12 0
05 09 2023 13 61 30 29.51 9 0
05 09 2023 14 60 31 29.50 6 0
05 09 2023 15 61 31 29.50 13 0
05 09 2023 16 63 29 29.49 0 0
05 09 2023 17 63 28 29.49 13 0
05 09 2023 18 62 28 29.49 9 0
05 09 2023 19 60 31 29.51 9 0
05 09 2023 20 56 36 29.52 6 0
05 09 2023 21 48 52 29.55 7 0
05 10 2023 07 35 89 29.66 0 0
05 10 2023 07 36 86 29.66 0 0
05 10 2023 08 42 76 29.66 3 0
05 10 2023 09 47 63 29.67 0 0
05 10 2023 10 53 57 29.67 7 0
05 10 2023 11 57 47 29.65 8 0
05 10 2023 12 60 46 29.64 9 0
05 10 2023 13 62 43 29.61 10 0
05 10 2023 14 65 40 29.59 9 0
05 10 2023 15 67 33 29.57 14 0
05 10 2023 16 67 30 29.55 15 0
05 10 2023 17 67 32 29.55 10 0
05 10 2023 18 65 34 29.54 13 0
05 10 2023 19 62 38 29.55 9 0
05 10 2023 20 58 44 29.55 5 0
05 10 2023 21 52 59 29.56 0 0
05 11 2023 07 40 89 29.61 0 0
05 11 2023 08 46 79 29.62 0 0
05 11 2023 09 54 64 29.63 0 0
05 11 2023 10 59 53 29.61 8 0
05 11 2023 11 63 48 29.60 5 0
05 11 2023 12 66 43 29.58 3 0
05 11 2023 13 70 41 29.56 5 0
05 11 2023 14 73 39 29.54 10 0
05 11 2023 15 74 38 29.52 6 0
05 11 2023 16 73 41 29.51 16 3
05 11 2023 17 75 37 29.51 12 0
05 11 2023 18 75 34 29.51 14 0
05 11 2023 19 71 38 29.51 12 0
05 11 2023 20 66 47 29.50 5 0
05 11 2023 21 60 60 29.51 3 0
05 12 2023 07 51 86 29.54 0 3
05 12 2023 08 57 74 29.54 0 0
05 12 2023 09 63 63 29.53 7 0
05 12 2023 10 68 50 29.53 7 0
05 12 2023 11 71 44 29.53 12 0
05 12 2023 12 74 43 29.52 7 0
05 12 2023 13 76 42 29.51 13 2
05 12 2023 14 77 39 29.50 12 0
05 12 2023 15 79 35 29.48 17 0
05 12 2023 16 78 37 29.46 16 0
05 12 2023 17 78 37 29.46 16 0
05 12 2023 18 77 40 29.46 14 0
05 12 2023 19 74 40 29.46 9 0
05 12 2023 20 71 44 29.47 5 0
05 12 2023 21 65 54 29.47 0 0
05 13 2023 07 58 62 29.57 7 0
05 13 2023 08 60 55 29.58 9 0
05 13 2023 09 62 44 29.58 6 0
05 13 2023 10 65 37 29.58 8 0
05 13 2023 11 68 31 29.57 8 0
05 13 2023 12 69 30 29.55 10 0
05 13 2023 13 71 28 29.53 5 0
05 13 2023 14 73 27 29.51 12 0
05 13 2023 15 73 24 29.51 9 0
05 13 2023 16 73 24 29.51 15 0
05 13 2023 17 72 29 29.52 8 0
05 13 2023 18 71 30 29.52 9 0
05 13 2023 19 69 30 29.54 13 0
05 13 2023 20 63 41 29.57 13 0
05 13 2023 21 56 53 29.61 7 0
05 14 2023 07 42 79 29.76 5 0
05 14 2023 08 47 61 29.76 6 0
05 14 2023 09 49 54 29.77 9 0
05 14 2023 10 51 52 29.78 9 0
05 14 2023 11 53 50 29.77 3 0
05 14 2023 12 56 45 29.75 8 0
05 14 2023 13 58 42 29.75 5 0
05 14 2023 14 59 39 29.74 14 0
05 14 2023 15 61 36 29.74 13 0
05 14 2023 16 63 33 29.73 18 0
05 14 2023 17 62 30 29.72 9 0
05 14 2023 18 61 34 29.73 14 0
05 14 2023 19 60 32 29.73 9 0
05 14 2023 20 57 34 29.75 7 0
05 14 2023 21 50 59 29.78 7 0
05 15 2023 07 34 96 29.78 0 0
05 15 2023 08 40 89 29.77 0 0
05 15 2023 09 45 80 29.76 0 0
05 15 2023 10 51 63 29.74 8 0
05 15 2023 11 56 55 29.71 7 0
05 15 2023 12 62 41 29.68 10 0
05 15 2023 13 64 35 29.63 15 0
05 15 2023 14 66 30 29.59 15 0
05 15 2023 15 67 30 29.55 15 0
05 15 2023 16 68 24 29.52 16 0
05 15 2023 16 68 23 29.51 20 0
05 15 2023 17 69 25 29.50 15 0
05 15 2023 18 68 22 29.48 21 0
05 15 2023 19 66 28 29.45 13 0
05 15 2023 20 64 29 29.44 13 0
05 15 2023 21 57 40 29.43 7 0
05 16 2023 07 41 86 29.28 0 0
05 16 2023 07 42 82 29.28 0 0
05 16 2023 08 47 77 29.26 0 0
05 16 2023 09 54 62 29.23 0 0
05 16 2023 10 60 46 29.20 10 0
05 16 2023 11 65 39 29.16 8 0
05 16 2023 12 67 34 29.12 13 0
05 16 2023 13 69 30 29.08 13 0
05 16 2023 14 71 28 29.05 16 0
05 16 2023 15 73 24 29.02 18 0
05 16 2023 16 73 24 28.99 17 0
05 16 2023 17 73 23 28.98 16 2
05 16 2023 18 71 25 28.98 14 4
05 16 2023 19 68 32 28.98 18 4
05 16 2023 20 61 48 29.01 9 4
05 16 2023 21 54 64 29.05 12 4
05 17 2023 07 37 67 29.33 15 4
05 17 2023 07 37 67 29.33 12 4
05 17 2023 08 38 68 29.36 12 4
05 17 2023 09 37 65 29.38 12 4
05 17 2023 09 38 62 29.38 13 4
05 17 2023 10 43 56 29.40 14 3
05 17 2023 11 44 47 29.40 13 3
05 17 2023 12 47 44 29.41 17 2
05 17 2023 13 48 41 29.41 13 2
05 17 2023 14 49 38 29.41 10 2
05 17 2023 15 51 32 29.42 15 0
05 17 2023 16 51 31 29.44 14 0
05 17 2023 17 51 31 29.45 14 0
05 17 2023 18 49 31 29.47 9 0
05 17 2023 19 47 33 29.48 10 0
05 17 2023 20 44 49 29.51 12 0
05 17 2023 21 38 65 29.54 6 0
05 18 2023 07 30 88 29.72 6 0
05 18 2023 08 36 79 29.73 5 0
05 18 2023 09 41 65 29.75 0 0
05 18 2023 10 47 46 29.75 0 0
05 18 2023 11 51 35 29.75 3 0
05 18 2023 12 53 35 29.75 5 0
05 18 2023 13 55 29 29.74 5 0
05 18 2023 14 58 26 29.72 6 0
05 18 2023 15 61 26 29.69 6 0
05 18 2023 16 62 25 29.68 3 0
05 18 2023 17 63 25 29.66 7 0
05 18 2023 18 65 23 29.64 3 0
05 18 2023 19 64 24 29.64 6 0
05 18 2023 20 59 31 29.64 0 0
05 18 2023 21 51 50 29.65 0 0
05 19 2023 07 50 74 29.68 7 0
05 19 2023 08 54 69 29.69 8 0
05 19 2023 09 58 60 29.68 8 0
05 19 2023 10 61 54 29.67 12 0
05 19 2023 11 64 52 29.64 13 0
05 19 2023 12 68 50 29.62 13 0
05 19 2023 13 71 47 29.59 16 0
05 19 2023 14 72 46 29.58 14 0
05 19 2023 15 74 45 29.56 14 0
05 19 2023 16 72 44 29.54 12 4
05 19 2023 17 74 41 29.53 16 2
05 19 2023 18 73 42 29.53 14 4
05 19 2023 19 71 44 29.54 9 4
05 19 2023 20 70 46 29.54 10 4
05 19 2023 21 67 52 29.54 7 4
05 20 2023 07 59 67 29.51 10 4
05 20 2023 08 60 67 29.51 10 3
05 20 2023 09 61 64 29.51 13 3
05 20 2023 10 62 62 29.49 12 3
05 20 2023 11 67 57 29.48 10 3
05 20 2023 12 66 59 29.45 6 4
05 20 2023 13 70 55 29.41 12 3
05 20 2023 14 73 48 29.38 15 4
05 20 2023 15 72 51 29.37 13 4
05 20 2023 16 70 57 29.35 14 4
05 20 2023 17 68 65 29.34 7 5
05 20 2023 18 60 93 29.34 13 5
05 20 2023 18 59 93 29.35 10 5
05 20 2023 19 58 93 29.34 7 5
05 20 2023 19 58 93 29.35 5 5
05 20 2023 19 58 93 29.34 5 4
05 20 2023 20 57 96 29.33 3 4
05 20 2023 20 58 93 29.33 5 4
05 20 2023 21 57 100 29.34 7 4
05 20 2023 21 57 96 29.34 6 4
05 20 2023 21 57 96 29.34 5 4
05 20 2023 21 57 96 29.34 3 4
05 21 2023 07 52 83 29.38 10 4
05 21 2023 07 51 89 29.38 13 4
05 21 2023 08 51 89 29.38 12 4
05 21 2023 08 51 92 29.39 14 4
05 21 2023 08 51 92 29.39 10 4
05 21 2023 09 52 89 29.40 12 4
05 21 2023 10 53 86 29.42 14 4
05 21 2023 11 55 80 29.43 10 4
05 21 2023 11 55 80 29.44 15 4
05 21 2023 12 60 72 29.45 12 4
05 21 2023 12 61 72 29.45 14 3
05 21 2023 13 63 65 29.46 17 2
05 21 2023 14 66 60 29.45 14 0
05 21 2023 15 68 55 29.45 0 3
05 21 2023 16 70 49 29.45 9 3
05 21 2023 17 69 49 29.46 10 0
05 21 2023 18 68 52 29.47 9 0
05 21 2023 19 65 58 29.49 9 0
05 21 2023 20 63 58 29.51 3 0
05 21 2023 21 56 77 29.52 0 0
05 22 2023 07 46 93 29.64 0 0
05 22 2023 08 51 89 29.65 5 0
05 22 2023 09 55 77 29.67 0 3
05 22 2023 10 60 69 29.67 0 3
05 22 2023 11 63 60 29.67 0 0
05 22 2023 12 65 58 29.67 0 0
05 22 2023 13 69 51 29.66 0 0
05 22 2023 14 68 52 29.65 5 0
05 22 2023 15 70 51 29.65 3 2
05 22 2023 16 72 48 29.64 9 0
05 22 2023 17 71 47 29.63 10 0
05 22 2023 18 70 44 29.64 9 0
05 22 2023 19 69 42 29.65 9 0
05 22 2023 20 66 42 29.67 9 0
05 22 2023 21 60 53 29.69 3 0
05 23 2023 07 45 90 29.76 3 0
05 23 2023 07 45 90 29.76 3 0
05 23 2023 08 53 74 29.76 5 0
05 23 2023 09 58 70 29.77 5 2
05 23 2023 10 62 65 29.75 0 0
05 23 2023 11 65 61 29.74 5 0
05 23 2023 12 69 57 29.71 3 0
05 23 2023 13 71 55 29.69 3 0
05 23 2023 14 74 48 29.67 5 0
05 23 2023 15 76 42 29.65 3 2
05 23 2023 16 76 30 29.63 8 0
05 23 2023 17 76 29 29.61 9 0
05 23 2023 18 75 31 29.60 9 0
05 23 2023 19 72 41 29.58 6 0
05 23 2023 20 69 47 29.57 3 0
05 23 2023 21 62 62 29.58 5 0
05 24 2023 07 60 75 29.51 3 3
05 24 2023 07 60 78 29.51 3 3
05 24 2023 08 62 72 29.51 0 4
05 24 2023 09 64 67 29.50 0 3
05 24 2023 10 65 65 29.48 9 4
05 24 2023 11 66 63 29.48 14 3
05 24 2023 12 64 56 29.48 15 3
05 24 2023 12 63 56 29.49 15 4
05 24 2023 13 57 62 29.52 18 4
05 24 2023 14 53 80 29.56 8 5
05 24 2023 14 53 86 29.56 5 5
05 24 2023 15 53 83 29.55 0 5
05 24 2023 16 54 86 29.55 8 4
05 24 2023 16 54 86 29.55 7 4
05 24 2023 17 55 83 29.55 9 4
05 24 2023 17 55 86 29.55 9 4
05 24 2023 17 53 80 29.55 10 4
05 24 2023 18 51 77 29.56 20 4
05 24 2023 19 50 71 29.59 13 0
05 24 2023 19 49 74 29.60 10 3
05 24 2023 20 49 74 29.61 8 3
05 24 2023 20 48 77 29.61 7 2
05 24 2023 21 44 85 29.62 7 0
05 25 2023 07 40 79 29.71 5 0
05 25 2023 08 43 74 29.72 8 0
05 25 2023 09 45 74 29.73 8 0
05 25 2023 10 47 68 29.72 0 0
05 25 2023 11 51 59 29.71 3 0
05 25 2023 12 57 45 29.70 12 0
05 25 2023 13 58 44 29.69 10 0
05 25 2023 14 59 44 29.68 12 0
05 25 2023 15 61 41 29.67 8 0
05 25 2023 16 63 37 29.66 13 0
05 25 2023 17 62 39 29.65 6 0
05 25 2023 18 62 35 29.65 9 0
05 25 2023 19 60 38 29.65 10 0
05 25 2023 20 57 42 29.67 9 0
05 25 2023 21 54 47 29.68 7 0
05 26 2023 07 36 97 29.79 0 0
05 26 2023 08 43 82 29.81 0 0
05 26 2023 09 49 74 29.82 0 0
05 26 2023 10 53 64 29.82 0 0
05 26 2023 11 58 56 29.80 6 0
05 26 2023 11 58 56 29.80 3 0
05 26 2023 12 63 41 29.78 7 0
05 26 2023 13 66 38 29.76 8 0
05 26 2023 14 66 37 29.75 6 0
05 26 2023 15 68 33 29.73 0 0
05 26 2023 16 69 32 29.72 9 0
05 26 2023 17 69 32 29.72 14 0
05 26 2023 18 68 32 29.72 12 0
05 26 2023 19 66 37 29.72 12 0
05 26 2023 20 64 38 29.72 8 0
05 26 2023 21 58 51 29.74 3 0
05 27 2023 07 43 86 29.83 7 0
05 27 2023 08 49 74 29.83 5 0
05 27 2023 09 55 62 29.82 0 0
05 27 2023 10 60 51 29.81 0 0
05 27 2023 11 65 45 29.80 3 0
05 27 2023 12 71 38 29.78 5 0
05 27 2023 13 73 31 29.76 3 0
05 27 2023 14 75 31 29.74 3 0
05 27 2023 15 76 32 29.72 3 0
05 27 2023 16 76 33 29.70 6 0
05 27 2023 17 77 31 29.69 9 0
05 27 2023 18 76 30 29.69 12 0
05 27 2023 19 73 33 29.68 9 0
05 27 2023 20 69 40 29.68 6 0
05 27 2023 21 62 53 29.68 0 0
05 28 2023 07 49 83 29.66 5 0
05 28 2023 08 54 75 29.65 5 0
05 28 2023 09 60 62 29.63 0 0
05 28 2023 10 65 48 29.62 0 0
05 28 2023 11 70 41 29.61 5 0
05 28 2023 12 73 37 29.59 7 0
05 28 2023 13 76 31 29.57 9 0
05 28 2023 14 77 33 29.55 5 0
05 28 2023 15 79 31 29.51 9 0
05 28 2023 16 80 29 29.50 9 0
05 28 2023 17 80 27 29.47 13 0
05 28 2023 18 79 24 29.46 13 0
05 28 2023 19 77 25 29.46 13 0
05 28 2023 20 74 29 29.47 7 0
05 28 2023 21 69 32 29.47 6 0
05 29 2023 07 51 74 29.51 6 0
05 29 2023 08 56 67 29.52 0 0
05 29 2023 09 64 52 29.52 3 0
05 29 2023 10 70 39 29.52 3 0
05 29 2023 11 74 37 29.51 5 0
05 29 2023 12 79 32 29.50 5 0
05 29 2023 13 81 31 29.49 9 0
05 29 2023 14 83 28 29.47 6 0
05 29 2023 15 83 32 29.46 3 0
05 29 2023 16 85 30 29.45 3 0
05 29 2023 17 86 30 29.44 7 0
05 29 2023 18 85 32 29.44 5 0
05 29 2023 19 82 35 29.45 6 0
05 29 2023 20 79 36 29.46 7 0
05 29 2023 21 74 43 29.48 8 0
05 30 2023 07 58 65 29.64 7 0
05 30 2023 07 59 64 29.64 6 0
05 30 2023 08 62 58 29.65 6 0
05 30 2023 09 65 48 29.65 8 0
05 30 2023 10 68 43 29.65 5 0
05 30 2023 11 70 41 29.63 0 0
05 30 2023 12 74 37 29.62 0 0
05 30 2023 13 78 36 29.59 5 0
05 30 2023 14 79 34 29.57 0 0
05 30 2023 15 82 34 29.55 6 0
05 30 2023 16 83 32 29.54 0 0
05 30 2023 17 84 32 29.53 5 0
05 30 2023 18 84 32 29.52 3 0
05 30 2023 19 83 33 29.52 0 0
05 30 2023 20 80 40 29.53 7 0
05 30 2023 20 77 45 29.52 6 0
05 30 2023 21 73 48 29.54 7 0
05 31 2023 07 57 74 29.64 3 0
05 31 2023 07 59 69 29.65 6 0
05 31 2023 08 63 60 29.65 8 0
05 31 2023 09 67 52 29.65 7 0
05 31 2023 10 70 47 29.65 3 0
05 31 2023 11 74 41 29.63 5 0
05 31 2023 12 77 40 29.62 0 0
05 31 2023 13 81 38 29.61 5 0
05 31 2023 14 84 35 29.59 0 0
05 31 2023 15 85 33 29.57 0 0
05 31 2023 16 86 29 29.55 3 0
05 31 2023 17 86 28 29.54 3 0
05 31 2023 18 85 31 29.53 5 0
05 31 2023 19 83 34 29.52 6 0
05 31 2023 20 79 44 29.52 3 0
05 31 2023 21 72 55 29.53 0 0
03 01 2024 07 18 88 29.95 6 2
03 01 2024 08 21 81 29.97 6 0
03 01 2024 09 25 72 29.98 3 0
03 01 2024 10 29 67 29.98 0 0
03 01 2024 11 34 59 29.97 0 0
03 01 2024 12 38 53 29.96 0 0
03 01 2024 13 41 47 29.92 5 0
03 01 2024 14 43 38 29.90 3 0
03 01 2024 15 46 35 29.88 7 0
03 01 2024 16 46 34 29.88 5 0
03 01 2024 17 47 34 29.88 3 0
03 01 2024 18 42 43 29.86 6 0
03 01 2024 19 38 53 29.86 6 0
03 01 2024 20 39 49 29.84 7 0
03 01 2024 21 32 69 29.85 5 0
03 02 2024 07 36 97 29.78 8 10
03 02 2024 08 37 93 29.78 6 5
03 02 2024 09 38 97 29.77 5 5
03 02 2024 10 39 96 29.76 5 5
03 02 2024 11 40 93 29.75 7 4
03 02 2024 11 40 97 29.75 6 6
03 02 2024 11 40 93 29.75 7 6
03 02 2024 12 39 100 29.75 6 5
03 02 2024 12 40 97 29.74 6 5
03 02 2024 13 40 97 29.73 6 6
03 02 2024 13 39 100 29.72 7 6
03 02 2024 13 40 97 29.72 6 6
03 02 2024 13 41 93 29.71 6 5
03 02 2024 14 42 92 29.69 6 5
03 02 2024 14 42 92 29.68 9 5
03 02 2024 15 42 92 29.67 8 6
03 02 2024 15 42 92 29.67 7 6
03 02 2024 16 42 92 29.65 7 5
03 02 2024 16 42 92 29.65 8 5
03 02 2024 17 43 93 29.64 5 5
03 02 2024 17 41 96 29.64 6 5
03 02 2024 18 40 97 29.65 7 5
03 02 2024 18 40 97 29.65 7 5
03 02 2024 18 40 97 29.65 7 5
03 02 2024 19 41 93 29.65 7 4
03 02 2024 20 41 96 29.64 3 4
03 02 2024 21 41 96 29.63 3 4
03 02 2024 21 40 100 29.63 3 4
03 03 2024 07 40 100 29.68 0 1
03 03 2024 07 41 100 29.69 0 1
03 03 2024 08 41 100 29.69 0 1
03 03 2024 08 41 100 29.69 3 1
03 03 2024 09 41 100 29.70 5 10
03 03 2024 09 43 100 29.70 5 10
03 03 2024 09 42 100 29.70 5 10
03 03 2024 10 43 97 29.71 6 10
03 03 2024 10 43 97 29.71 6 4
03 03 2024 11 44 96 29.72 6 4
03 03 2024 11 44 96 29.72 5 4
03 03 2024 12 45 93 29.72 0 4
03 03 2024 13 47 90 29.71 5 4
03 03 2024 13 47 90 29.71 6 4
03 03 2024 14 47 90 29.70 3 4
03 03 2024 14 48 86 29.69 3 4
03 03 2024 15 47 90 29.69 3 4
03 03 2024 15 48 86 29.69 3 4
03 03 2024 15 48 86 29.69 3 4
03 03 2024 16 48 86 29.69 3 4
03 03 2024 17 47 90 29.69 0 4
03 03 2024 18 47 90 29.70 0 4
03 03 2024 19 45 97 29.72 3 4
03 03 2024 20 45 97 29.73 0 4
03 03 2024 21 44 96 29.74 0 4
03 03 2024 21 44 96 29.74 0 4
03 04 2024 07 45 90 29.75 8 4
03 04 2024 08 46 89 29.76 10 4
03 04 2024 09 49 80 29.77 13 0
03 04 2024 10 50 77 29.76 16 0
03 04 2024 11 53 74 29.75 15 0
03 04 2024 12 56 69 29.73 12 3
03 04 2024 13 62 62 29.70 13 4
03 04 2024 14 62 60 29.69 10 4
03 04 2024 15 63 58 29.68 14 0
03 04 2024 16 62 58 29.67 13 0
03 04 2024 17 60 62 29.68 10 0
03 04 2024 18 57 64 29.68 13 0
03 04 2024 19 53 74 29.69 9 0
03 04 2024 20 52 74 29.69 7 0
03 04 2024 21 50 77 29.70 8 0
03 05 2024 07 45 86 29.63 8 0
03 05 2024 07 45 86 29.63 9 0
03 05 2024 08 46 86 29.64 9 3
03 05 2024 09 48 80 29.62 13 0
03 05 2024 10 50 77 29.60 15 2
03 05 2024 10 49 77 29.59 15 4
03 05 2024 11 50 77 29.57 12 4
03 05 2024 12 49 80 29.55 14 4
03 05 2024 12 49 80 29.55 16 4
03 05 2024 13 50 80 29.51 13 4
03 05 2024 14 48 86 29.49 14 5
03 05 2024 15 48 89 29.48 9 5
03 05 2024 16 47 93 29.47 12 5
03 05 2024 17 46 93 29.46 6 4
03 05 2024 18 46 93 29.45 7 4
03 05 2024 19 45 93 29.44 8 4
03 05 2024 20 45 93 29.45 8 4
03 05 2024 21 45 93 29.44 7 4
03 05 2024 21 45 93 29.44 5 4
03 06 2024 07 46 93 29.45 7 4
03 06 2024 07 46 93 29.45 7 4
03 06 2024 08 46 93 29.46 7 5
03 06 2024 09 47 93 29.46 8 5
03 06 2024 09 47 97 29.48 6 5
03 06 2024 10 47 97 29.47 6 5
03 06 2024 10 48 93 29.47 5 5
03 06 2024 10 48 93 29.47 6 5
03 06 2024 11 48 93 29.47 6 6
03 06 2024 11 48 96 29.47 7 6
03 06 2024 12 49 97 29.46 7 5
03 06 2024 12 49 97 29.46 8 5
03 06 2024 12 49 93 29.46 7 5
03 06 2024 13 49 97 29.44 5 6
03 06 2024 13 49 93 29.44 6 5
03 06 2024 14 49 97 29.43 5 5
03 06 2024 14 50 93 29.43 3 5
03 06 2024 14 50 93 29.42 3 5
03 06 2024 15 50 93 29.42 5 5
03 06 2024 15 50 93 29.42 3 5
03 06 2024 16 50 93 29.41 5 5
03 06 2024 17 49 97 29.40 0 5
03 06 2024 18 49 97 29.41 0 6
03 06 2024 19 48 100 29.42 0 7
03 06 2024 19 48 100 29.42 0 7
03 06 2024 19 48 100 29.42 3 6
03 06 2024 19 48 96 29.42 5 6
03 06 2024 20 48 93 29.41 5 5
03 06 2024 20 47 97 29.42 3 5
03 06 2024 21 46 96 29.41 7 6
03 06 2024 21 46 93 29.41 7 5
03 06 2024 21 45 97 29.41 7 5
03 06 2024 21 45 93 29.41 8 5
03 07 2024 07 39 87 29.44 10 4
03 07 2024 07 39 89 29.44 12 4
03 07 2024 07 39 89 29.45 7 4
03 07 2024 07 39 89 29.45 6 4
03 07 2024 08 40 86 29.48 6 4
03 07 2024 09 42 82 29.50 6 4
03 07 2024 09 42 79 29.51 3 4
03 07 2024 10 43 80 29.51 7 4
03 07 2024 11 44 73 29.52 8 4
03 07 2024 12 47 71 29.54 12 3
03 07 2024 12 48 68 29.54 15 2
03 07 2024 13 50 63 29.53 10 2
03 07 2024 14 52 57 29.52 10 0
03 07 2024 15 54 49 29.53 13 0
03 07 2024 16 56 40 29.53 8 0
03 07 2024 17 55 34 29.54 12 0
03 07 2024 18 51 38 29.57 6 0
03 07 2024 19 47 46 29.60 7 0
03 07 2024 20 46 47 29.62 9 0
03 07 2024 21 43 56 29.64 8 0
03 08 2024 07 27 92 29.78 0 0
03 08 2024 08 32 85 29.79 6 0
03 08 2024 09 39 70 29.77 8 0
03 08 2024 10 43 60 29.76 7 0
03 08 2024 11 46 51 29.75 10 0
03 08 2024 12 50 43 29.74 14 0
03 08 2024 13 51 38 29.70 12 0
03 08 2024 14 53 37 29.69 13 0
03 08 2024 15 55 35 29.67 10 0
03 08 2024 16 55 33 29.63 9 0
03 08 2024 17 54 37 29.64 12 0
03 08 2024 18 49 38 29.64 8 0
03 08 2024 19 45 44 29.62 7 0
03 08 2024 20 42 49 29.62 7 0
03 08 2024 21 44 47 29.63 10 0
03 09 2024 07 40 60 29.51 12 3
03 09 2024 08 40 58 29.50 14 4
03 09 2024 09 40 58 29.48 16 4
03 09 2024 10 41 55 29.43 15 4
03 09 2024 11 42 58 29.41 18 5
03 09 2024 12 42 65 29.37 15 5
03 09 2024 13 40 79 29.34 16 6
03 09 2024 14 40 79 29.32 16 6
03 09 2024 15 38 93 29.30 14 7
03 09 2024 15 39 89 29.29 10 6
03 09 2024 16 39 89 29.28 12 5
03 09 2024 17 39 89 29.27 8 5
03 09 2024 17 38 93 29.27 10 5
03 09 2024 17 38 93 29.26 12 5
03 09 2024 18 38 93 29.23 12 5
03 09 2024 19 37 93 29.20 14 5
03 09 2024 19 37 96 29.20 14 6
03 09 2024 19 37 93 29.20 15 5
03 09 2024 19 37 93 29.19 15 5
03 09 2024 20 38 93 29.17 12 5
03 09 2024 20 38 93 29.16 10 6
03 09 2024 21 38 93 29.14 13 6
03 11 2024 07 30 82 29.10 17 8
03 11 2024 08 30 75 29.12 22 10
03 11 2024 09 30 72 29.15 26 10
03 11 2024 09 30 69 29.16 26 10
03 11 2024 10 30 64 29.17 32 10
03 11 2024 11 32 59 29.20 30 3
03 11 2024 12 35 54 29.22 31 0
03 11 2024 13 36 52 29.25 26 0
03 11 2024 14 39 49 29.25 29 0
03 11 2024 15 40 45 29.25 23 0
03 11 2024 16 40 43 29.26 26 0
03 11 2024 17 40 45 29.28 30 0
03 11 2024 18 38 51 29.29 24 0
03 11 2024 19 38 51 29.30 21 0
03 11 2024 20 38 53 29.30 20 4
03 11 2024 21 38 57 29.31 17 4
03 12 2024 07 25 88 29.30 0 0
03 12 2024 08 24 91 29.32 3 0
03 12 2024 09 32 92 29.33 5 0
03 12 2024 10 38 68 29.33 7 0
03 12 2024 11 42 51 29.33 9 0
03 12 2024 12 47 39 29.32 10 0
03 12 2024 13 50 38 29.31 13 0
03 12 2024 14 51 39 29.31 15 0
03 12 2024 15 53 38 29.29 13 0
03 12 2024 16 54 40 29.29 13 0
03 12 2024 17 54 40 29.28 17 0
03 12 2024 18 52 45 29.30 14 0
03 12 2024 19 48 52 29.30 10 0
03 12 2024 20 45 53 29.32 5 0
03 12 2024 21 39 67 29.33 0 0
03 13 2024 07 32 85 29.32 7 3
03 13 2024 07 32 85 29.32 7 3
03 13 2024 08 35 78 29.33 7 0
03 13 2024 09 41 67 29.34 9 0
03 13 2024 10 45 58 29.34 10 3
03 13 2024 11 48 50 29.34 7 4
03 13 2024 12 52 47 29.32 7 4
03 13 2024 13 57 44 29.31 6 2
03 13 2024 14 61 41 29.29 3 0
03 13 2024 15 62 41 29.28 0 0
03 13 2024 15 63 40 29.27 0 0
03 13 2024 16 66 40 29.26 5 0
03 13 2024 17 67 40 29.26 9 0
03 13 2024 18 65 43 29.26 7 0
03 13 2024 19 62 46 29.28 3 0
03 13 2024 20 53 64 29.32 6 0
03 13 2024 21 56 55 29.35 6 0
03 14 2024 07 34 92 29.51 3 0
03 14 2024 08 33 96 29.52 0 0
03 14 2024 09 37 93 29.53 0 0
03 14 2024 10 44 79 29.55 0 0
03 14 2024 11 48 71 29.57 5 0
03 14 2024 12 54 55 29.55 3 0
03 14 2024 13 57 47 29.52 5 0
03 14 2024 14 59 41 29.50 0 0
03 14 2024 15 61 38 29.49 5 0
03 14 2024 16 62 32 29.46 5 0
03 14 2024 17 62 28 29.44 3 0
03 14 2024 18 60 33 29.43 6 2
03 14 2024 19 57 39 29.45 0 4
03 14 2024 20 58 42 29.44 3 5
03 14 2024 21 55 51 29.36 8 4
03 15 2024 07 46 93 29.20 7 4
03 15 2024 07 46 93 29.19 6 4
03 15 2024 07 45 97 29.20 7 4
03 15 2024 08 45 97 29.21 6 4
03 15 2024 09 45 93 29.23 7 4
03 15 2024 09 44 96 29.23 6 4
03 15 2024 09 44 96 29.24 8 4
03 15 2024 10 45 93 29.25 5 4
03 15 2024 10 45 97 29.25 5 4
03 15 2024 10 45 97 29.25 6 4
03 15 2024 10 45 97 29.25 7 4
03 15 2024 11 45 97 29.26 6 4
03 15 2024 11 46 89 29.27 9 4
03 15 2024 11 46 83 29.27 7 4
03 15 2024 12 47 80 29.27 13 4
03 15 2024 13 50 71 29.27 3 2
03 15 2024 13 50 71 29.26 8 3
03 15 2024 13 50 68 29.26 7 3
03 15 2024 14 48 77 29.27 13 4
03 15 2024 14 48 77 29.27 9 4
03 15 2024 15 51 61 29.27 8 4
03 15 2024 16 50 66 29.26 7 4
03 15 2024 17 50 63 29.26 7 4
03 15 2024 18 50 61 29.27 7 4
03 15 2024 19 50 57 29.29 6 4
03 15 2024 20 44 76 29.30 3 0
03 15 2024 21 42 79 29.31 3 0
03 16 2024 07 38 89 29.31 8 4
03 16 2024 08 38 86 29.33 10 4
03 16 2024 09 38 86 29.32 8 4
03 16 2024 10 38 83 29.32 9 4
03 16 2024 11 38 83 29.32 8 4
03 16 2024 11 39 79 29.32 7 4
03 16 2024 12 42 76 29.31 9 4
03 16 2024 13 43 62 29.27 0 2
03 16 2024 13 43 65 29.27 8 3
03 16 2024 14 46 58 29.24 6 2
03 16 2024 15 47 56 29.21 5 3
03 16 2024 16 49 52 29.18 9 2
03 16 2024 17 49 46 29.16 0 0
03 16 2024 18 49 46 29.15 0 0
03 16 2024 19 47 54 29.13 5 3
03 16 2024 20 46 56 29.12 3 4
03 16 2024 21 46 56 29.12 3 4
03 17 2024 07 40 97 28.97 3 4
03 17 2024 08 42 85 28.99 12 4
03 17 2024 09 41 89 28.99 13 5
03 17 2024 09 42 82 29.00 13 4
03 17 2024 10 42 79 29.01 15 4
03 17 2024 11 41 76 29.03 12 4
03 17 2024 11 41 82 29.03 9 4
03 17 2024 12 41 82 29.03 12 4
03 17 2024 12 41 82 29.03 10 4
03 17 2024 13 43 58 29.05 12 4
03 17 2024 14 42 62 29.06 18 4
03 17 2024 15 45 53 29.05 21 3
03 17 2024 16 44 49 29.05 17 4
03 17 2024 17 43 49 29.06 15 3
03 17 2024 18 42 47 29.09 16 4
03 17 2024 19 41 51 29.10 12 4
03 17 2024 20 40 53 29.13 16 4
03 17 2024 21 39 55 29.15 15 4
03 18 2024 07 30 88 29.17 3 0
03 18 2024 08 31 79 29.18 12 4
03 18 2024 09 31 79 29.19 10 8
03 18 2024 10 31 76 29.20 14 4
03 18 2024 11 32 73 29.20 13 4
03 18 2024 12 32 73 29.20 14 4
03 18 2024 13 33 66 29.20 13 4
03 18 2024 14 34 64 29.19 12 4
03 18 2024 15 34 73 29.18 15 8
03 18 2024 16 34 70 29.17 13 4
03 18 2024 17 34 70 29.17 14 4
03 18 2024 18 34 67 29.17 14 4
03 18 2024 19 33 75 29.19 10 8
03 18 2024 20 32 85 29.19 9 8
03 18 2024 21 32 85 29.19 9 8
03 18 2024 21 31 92 29.19 8 8
03 18 2024 21 31 92 29.19 8 8
03 19 2024 07 26 71 29.22 13 0
03 19 2024 07 25 75 29.22 13 0
03 19 2024 08 25 75 29.22 6 2
03 19 2024 09 27 75 29.22 8 8
03 19 2024 09 27 81 29.22 6 8
03 19 2024 10 27 85 29.22 6 8
03 19 2024 10 26 92 29.22 5 8
03 19 2024 10 27 92 29.22 0 8
03 19 2024 10 27 92 29.21 0 8
03 19 2024 10 27 92 29.21 3 1
03 19 2024 10 28 92 29.21 3 8
03 19 2024 11 28 96 29.21 6 8
03 19 2024 11 29 89 29.21 5 8
03 19 2024 11 29 92 29.20 6 8
03 19 2024 12 30 85 29.19 7 8
03 19 2024 12 31 82 29.18 13 8
03 19 2024 12 32 79 29.17 13 8
03 19 2024 13 32 82 29.17 14 8
03 19 2024 13 34 75 29.16 16 4
03 19 2024 13 34 73 29.16 16 8
03 19 2024 14 34 79 29.15 16 8
03 19 2024 14 34 79 29.14 12 8
03 19 2024 14 36 73 29.13 14 4
03 19 2024 15 37 62 29.11 10 4
03 19 2024 16 35 67 29.09 7 4
03 19 2024 17 33 78 29.08 8 8
03 19 2024 17 33 82 29.08 5 8
03 19 2024 17 32 88 29.08 6 8
03 19 2024 17 32 92 29.08 3 8
03 19 2024 18 32 92 29.08 3 8
03 19 2024 18 32 92 29.08 0 4
03 19 2024 18 32 88 29.08 3 8
03 19 2024 18 32 88 29.08 0 8
03 19 2024 18 32 92 29.08 0 8
03 19 2024 18 32 92 29.08 0 1
03 19 2024 18 32 96 29.08 0 1
03 19 2024 19 32 96 29.09 0 1
03 19 2024 19 31 100 29.09 0 8
03 19 2024 19 32 96 29.09 0 8
03 19 2024 19 32 96 29.09 0 8
03 19 2024 19 31 96 29.10 3 8
03 19 2024 20 31 96 29.10 0 8
03 19 2024 20 32 96 29.11 0 8
03 19 2024 20 32 93 29.11 0 1
03 19 2024 20 32 96 29.11 0 1
03 19 2024 20 31 100 29.11 3 8
03 19 2024 20 31 100 29.11 0 8
03 19 2024 20 32 96 29.11 0 8
03 19 2024 21 32 96 29.11 0 8
03 19 2024 21 32 96 29.11 3 8
03 19 2024 21 32 96 29.11 3 8
03 20 2024 07 34 82 29.04 5 4
03 20 2024 07 34 82 29.04 5 4
03 20 2024 07 34 82 29.06 8 4
03 20 2024 08 32 92 29.06 5 4
03 20 2024 09 33 89 29.06 0 0
03 20 2024 09 33 89 29.06 0 0
03 20 2024 10 36 79 29.05 0 3
03 20 2024 11 37 76 29.04 0 3
03 20 2024 12 37 76 29.02 0 4
03 20 2024 13 38 70 29.02 8 4
03 20 2024 14 35 85 29.02 18 8
03 20 2024 14 34 85 29.02 18 8
03 20 2024 14 32 88 29.03 20 8
03 20 2024 14 31 92 29.03 16 1
03 20 2024 14 31 96 29.03 17 1
03 20 2024 14 31 92 29.05 17 1
03 20 2024 15 30 96 29.05 14 1
03 20 2024 15 31 92 29.05 12 8
03 20 2024 15 31 92 29.05 15 8
03 20 2024 15 31 89 29.06 16 8
03 20 2024 15 31 89 29.07 16 8
03 20 2024 15 31 89 29.07 17 8
03 20 2024 15 31 89 29.07 21 8
03 20 2024 16 31 89 29.07 23 8
03 20 2024 16 30 93 29.08 13 8
03 20 2024 16 31 89 29.08 13 8
03 20 2024 16 31 85 29.09 13 8
03 20 2024 16 31 85 29.10 20 8
03 20 2024 17 31 89 29.11 13 8
03 20 2024 17 32 82 29.11 17 3
03 20 2024 17 32 75 29.11 15 4
03 20 2024 18 32 64 29.14 17 4
03 20 2024 19 29 75 29.19 31 8
03 20 2024 19 27 86 29.19 23 1
03 20 2024 19 27 86 29.19 24 1
03 20 2024 19 28 81 29.19 18 10
03 20 2024 19 28 78 29.19 21 8
03 20 2024 20 27 81 29.22 16 8
03 20 2024 20 26 88 29.22 15 8
03 20 2024 20 27 85 29.22 18 8
03 20 2024 20 27 81 29.23 23 8
03 20 2024 20 27 72 29.23 17 4
03 20 2024 21 27 72 29.24 17 3
03 21 2024 07 20 71 29.48 18 10
03 21 2024 08 21 68 29.50 18 8
03 21 2024 09 21 78 29.52 13 8
03 21 2024 09 20 81 29.53 15 8
03 21 2024 09 20 78 29.54 17 8
03 21 2024 09 21 71 29.54 21 10
03 21 2024 10 21 68 29.55 24 8
03 21 2024 10 21 68 29.55 21 8
03 21 2024 10 21 68 29.56 20 8
03 21 2024 11 23 63 29.57 18 8
03 21 2024 12 24 62 29.58 23 3
03 21 2024 13 26 53 29.59 30 3
03 21 2024 14 25 58 29.60 17 4
03 21 2024 15 26 58 29.60 21 8
03 21 2024 16 26 55 29.60 24 10
03 21 2024 17 25 66 29.62 23 8
03 21 2024 18 26 53 29.64 17 4
03 21 2024 19 26 55 29.67 13 4
03 21 2024 20 25 51 29.69 25 3
03 21 2024 21 25 55 29.72 17 3
03 22 2024 07 14 64 29.86 0 0
03 22 2024 08 16 65 29.88 0 0
03 22 2024 09 19 57 29.86 3 0
03 22 2024 10 21 53 29.85 3 2
03 22 2024 11 23 46 29.86 6 4
03 22 2024 11 24 44 29.86 6 4
03 22 2024 12 24 40 29.86 0 4
03 22 2024 13 25 39 29.83 0 4
03 22 2024 14 26 47 29.82 6 4
03 22 2024 15 23 58 29.79 0 8
03 22 2024 15 23 68 29.80 6 8
03 22 2024 15 22 82 29.80 5 10
03 22 2024 15 22 82 29.79 3 10
03 22 2024 16 22 85 29.79 5 8
03 22 2024 16 22 82 29.80 5 8
03 22 2024 17 23 86 29.78 3 8
03 22 2024 17 23 81 29.78 6 8
03 22 2024 17 23 81 29.77 6 8
03 22 2024 17 23 81 29.76 7 8
03 22 2024 18 23 81 29.75 6 4
03 22 2024 18 24 75 29.75 6 4
03 22 2024 19 24 75 29.73 9 4
03 22 2024 20 24 77 29.72 6 4
03 22 2024 21 24 77 29.71 7 4
03 23 2024 07 26 92 29.50 9 8
03 23 2024 08 26 92 29.49 9 8
03 23 2024 08 27 89 29.49 9 8
03 23 2024 08 27 92 29.49 8 8
03 23 2024 08 27 92 29.48 8 8
03 23 2024 09 27 96 29.48 5 8
03 23 2024 09 27 96 29.48 5 8
03 23 2024 10 27 96 29.47 5 1
03 23 2024 10 27 96 29.47 3 1
03 23 2024 10 27 100 29.47 3 1
03 23 2024 11 28 96 29.48 3 1
03 23 2024 11 28 96 29.47 0 8
03 23 2024 11 29 96 29.47 0 8
03 23 2024 12 29 96 29.47 0 8
03 23 2024 12 29 96 29.47 0 8
03 23 2024 12 29 100 29.47 0 8
03 23 2024 12 29 100 29.46 0 8
03 23 2024 13 31 92 29.45 5 8
03 23 2024 13 31 92 29.45 7 8
03 23 2024 13 31 92 29.45 7 8
03 23 2024 14 31 96 29.45 6 8
03 23 2024 14 31 92 29.45 6 8
03 23 2024 14 31 92 29.45 6 8
03 23 2024 14 31 89 29.45 5 8
03 23 2024 15 30 92 29.45 6 8
03 23 2024 16 30 82 29.45 7 4
03 23 2024 16 30 75 29.44 10 4
03 23 2024 17 29 78 29.44 6 4
03 23 2024 18 28 78 29.46 9 4
03 23 2024 18 28 78 29.46 8 4
03 23 2024 19 27 78 29.46 7 4
03 23 2024 19 27 75 29.48 9 4
03 23 2024 20 25 75 29.51 9 4
03 23 2024 21 23 74 29.53 7 2
03 23 2024 21 22 78 29.54 6 0
03 24 2024 07 6 87 29.72 0 0
03 24 2024 08 6 95 29.74 0 0
03 24 2024 09 10 92 29.76 0 0
03 24 2024 10 17 100 29.78 0 0
03 24 2024 11 25 63 29.80 5 0
03 24 2024 12 27 53 29.81 3 0
03 24 2024 13 29 54 29.81 0 0
03 24 2024 14 31 50 29.82 8 0
03 24 2024 15 32 45 29.83 5 0
03 24 2024 16 32 42 29.82 9 0
03 24 2024 17 33 40 29.81 7 0
03 24 2024 18 33 42 29.82 9 0
03 24 2024 19 32 45 29.85 8 0
03 24 2024 20 30 51 29.87 0 0
03 24 2024 21 26 55 29.88 0 0
03 25 2024 07 21 74 29.91 8 0
03 25 2024 08 23 74 29.92 10 0
03 25 2024 09 26 69 29.93 10 0
03 25 2024 10 31 59 29.93 14 0
03 25 2024 11 34 52 29.93 15 0
03 25 2024 12 37 44 29.90 20 0
03 25 2024 13 38 41 29.89 17 0
03 25 2024 14 41 40 29.87 15 0
03 25 2024 15 42 40 29.86 13 0
03 25 2024 16 43 37 29.83 14 0
03 25 2024 17 43 40 29.79 14 0
03 25 2024 18 42 43 29.78 15 0
03 25 2024 19 41 47 29.79 18 0
03 25 2024 20 40 51 29.78 15 0
03 25 2024 21 39 55 29.79 10 0
03 26 2024 07 32 54 29.67 8 0
03 26 2024 07 32 54 29.67 8 0
03 26 2024 08 34 50 29.68 10 0
03 26 2024 09 36 48 29.67 12 0
03 26 2024 10 39 49 29.64 10 0
03 26 2024 11 40 63 29.65 10 0
03 26 2024 12 42 65 29.65 10 0
03 26 2024 13 48 61 29.62 10 0
03 26 2024 14 50 57 29.60 8 0
03 26 2024 15 50 59 29.56 14 0
03 26 2024 16 52 61 29.51 10 0
03 26 2024 17 52 59 29.48 9 0
03 26 2024 18 50 63 29.48 15 0
03 26 2024 19 49 64 29.46 20 0
03 26 2024 20 48 66 29.46 13 0
03 26 2024 21 47 68 29.47 0 3
03 27 2024 07 40 83 29.48 9 4
03 27 2024 08 40 83 29.49 9 0
03 27 2024 09 42 79 29.50 8 0
03 27 2024 10 44 76 29.50 12 0
03 27 2024 11 48 71 29.50 12 0
03 27 2024 12 50 68 29.48 10 0
03 27 2024 13 52 66 29.48 9 0
03 27 2024 14 50 66 29.45 15 3
03 27 2024 15 54 66 29.44 7 0
03 27 2024 16 55 67 29.42 12 0
03 27 2024 17 55 67 29.44 9 0
03 27 2024 18 56 67 29.46 9 0
03 27 2024 19 52 74 29.45 12 0
03 27 2024 20 48 80 29.46 6 0
03 27 2024 21 47 77 29.50 8 3
03 28 2024 07 39 73 29.53 9 4
03 28 2024 07 39 73 29.56 8 4
03 28 2024 08 39 70 29.56 8 4
03 28 2024 09 39 73 29.55 10 4
03 28 2024 10 40 73 29.56 10 4
03 28 2024 11 40 73 29.54 8 4
03 28 2024 12 41 73 29.54 7 4
03 28 2024 13 41 70 29.50 6 4
03 28 2024 13 42 65 29.51 7 4
03 28 2024 14 42 60 29.51 14 4
03 28 2024 15 44 55 29.41 12 2
03 28 2024 16 43 53 29.47 14 0
03 28 2024 17 42 58 29.44 13 0
03 28 2024 18 41 51 29.43 13 0
03 28 2024 19 40 51 29.44 10 0
03 28 2024 20 38 57 29.44 7 0
03 28 2024 21 35 67 29.43 6 0
03 29 2024 07 27 85 29.34 0 0
03 29 2024 08 26 88 29.34 3 0
03 29 2024 09 32 85 29.33 3 0
03 29 2024 10 39 60 29.31 6 0
03 29 2024 10 43 45 29.30 14 0
03 29 2024 11 43 43 29.29 18 2
03 29 2024 12 43 43 29.28 21 2
03 29 2024 13 41 49 29.28 18 4
03 29 2024 14 41 51 29.28 21 10
03 29 2024 15 38 55 29.28 22 10
03 29 2024 16 37 59 29.29 22 10
03 29 2024 17 39 53 29.28 20 4
03 29 2024 18 39 55 29.29 16 4
03 29 2024 19 38 57 29.30 17 4
03 29 2024 20 38 62 29.30 20 4
03 29 2024 21 37 62 29.31 22 10
03 30 2024 07 34 70 29.31 13 4
03 30 2024 08 35 67 29.32 18 4
03 30 2024 09 36 67 29.33 15 4
03 30 2024 10 37 62 29.33 21 10
03 30 2024 10 37 65 29.33 15 4
03 30 2024 11 39 60 29.32 18 3
03 30 2024 11 40 58 29.32 15 2
03 30 2024 12 41 55 29.30 15 0
03 30 2024 13 45 48 29.26 16 0
03 30 2024 14 46 42 29.25 18 0
03 30 2024 15 46 40 29.24 20 0
03 30 2024 16 46 40 29.22 14 0
03 30 2024 17 46 42 29.22 14 0
03 30 2024 18 44 45 29.22 12 0
03 30 2024 19 42 49 29.23 9 0
03 30 2024 20 39 53 29.23 5 0
03 30 2024 21 39 53 29.23 3 3
03 31 2024 07 38 79 29.32 8 4
03 31 2024 07 37 89 29.33 7 4
03 31 2024 07 37 93 29.34 8 4
03 31 2024 08 37 93 29.35 10 4
03 31 2024 09 38 86 29.37 8 4
03 31 2024 09 37 93 29.38 7 5
03 31 2024 09 37 93 29.38 10 5
03 31 2024 10 38 89 29.38 10 4
03 31 2024 10 39 86 29.38 15 4
03 31 2024 11 39 73 29.40 15 4
03 31 2024 12 40 73 29.41 15 4
03 31 2024 12 41 67 29.42 15 4
03 31 2024 13 41 67 29.41 15 4
03 31 2024 13 41 65 29.41 13 4
03 31 2024 13 43 62 29.41 14 4
03 31 2024 14 43 58 29.40 8 3
03 31 2024 15 47 52 29.40 12 2
03 31 2024 16 48 50 29.39 13 2
03 31 2024 17 49 48 29.40 16 0
03 31 2024 18 47 48 29.41 15 0
03 31 2024 19 45 49 29.43 13 0
03 31 2024 20 40 58 29.43 3 0
03 31 2024 21 37 67 29.44 0 0
04 01 2024 07 33 82 29.44 3 4
04 01 2024 08 34 82 29.44 5 4
04 01 2024 09 36 82 29.45 0 4
04 01 2024 10 42 67 29.42 5 4
04 01 2024 11 44 60 29.44 6 4
04 01 2024 12 48 54 29.42 8 4
04 01 2024 13 51 50 29.39 3 4
04 01 2024 14 54 49 29.38 10 3
04 01 2024 15 56 47 29.37 8 0
04 01 2024 16 57 44 29.35 7 0
04 01 2024 17 57 42 29.35 13 0
04 01 2024 18 56 40 29.36 16 0
04 01 2024 19 53 43 29.39 9 0
04 01 2024 20 50 44 29.43 8 0
04 01 2024 21 47 50 29.45 8 0
04 02 2024 07 38 70 29.46 5 4
04 02 2024 07 38 68 29.45 6 4
04 02 2024 08 38 68 29.45 7 4
04 02 2024 09 40 63 29.45 8 4
04 02 2024 10 41 55 29.45 9 4
04 02 2024 11 45 49 29.42 14 3
04 02 2024 12 46 50 29.40 12 4
04 02 2024 13 47 50 29.38 13 4
04 02 2024 14 48 52 29.36 17 4
04 02 2024 15 45 68 29.36 13 5
04 02 2024 16 44 79 29.31 17 5
04 02 2024 17 45 74 29.31 14 3
04 02 2024 17 45 71 29.34 18 4
04 02 2024 18 43 82 29.36 13 5
04 02 2024 18 42 85 29.35 9 5
04 02 2024 19 42 89 29.34 8 4
04 02 2024 20 42 89 29.36 9 5
04 02 2024 21 42 89 29.35 8 5
04 03 2024 07 41 86 29.16 20 5
04 03 2024 07 41 86 29.15 21 5
04 03 2024 08 41 87 29.13 22 5
04 03 2024 08 41 86 29.13 25 5
04 03 2024 08 41 86 29.15 26 5
04 03 2024 09 41 86 29.16 23 5
04 03 2024 10 39 79 29.19 23 10
04 03 2024 11 37 86 29.20 25 6
04 03 2024 12 36 89 29.17 23 6
04 03 2024 12 37 86 29.14 28 6
04 03 2024 13 37 86 29.06 31 5
04 03 2024 14 38 79 29.05 24 10
04 03 2024 14 39 76 29.05 29 10
04 03 2024 15 39 76 29.02 30 10
04 03 2024 16 39 76 28.99 23 10
04 03 2024 17 39 76 28.97 22 5
04 03 2024 18 38 86 29.03 13 6
04 03 2024 18 37 86 29.04 17 7
04 03 2024 18 36 89 29.03 12 5
04 03 2024 19 37 89 28.98 14 6
04 03 2024 20 37 89 28.97 13 5
04 03 2024 21 37 86 28.95 20 5
04 04 2024 07 33 96 28.93 6 8
04 04 2024 07 33 96 28.93 5 8
04 04 2024 07 33 92 28.92 7 8
04 04 2024 07 33 96 28.92 5 8
04 04 2024 07 33 92 28.93 7 8
04 04 2024 08 33 92 28.92 3 8
04 04 2024 08 33 92 28.93 3 8
04 04 2024 08 33 92 28.93 5 8
04 04 2024 09 33 92 28.93 3 8
04 04 2024 09 33 96 28.94 6 8
04 04 2024 09 33 92 28.94 7 8
04 04 2024 09 33 92 28.94 5 8
04 04 2024 09 33 92 28.94 5 8
04 04 2024 10 33 96 28.94 5 8
04 04 2024 10 33 92 28.94 5 8
04 04 2024 10 33 96 28.95 0 8
04 04 2024 11 33 96 28.96 0 8
04 04 2024 11 33 96 28.96 0 8
04 04 2024 12 33 100 28.97 0 8
04 04 2024 12 33 100 28.97 0 8
04 04 2024 12 35 89 28.97 6 8
04 04 2024 13 36 86 28.97 7 4
04 04 2024 13 36 86 28.97 10 4
04 04 2024 14 37 82 28.97 7 8
04 04 2024 15 38 79 28.97 9 4
04 04 2024 16 37 82 28.98 9 8
04 04 2024 17 39 70 28.98 6 4
04 04 2024 18 38 73 28.99 5 4
04 04 2024 19 36 82 29.00 5 4
04 04 2024 20 34 92 29.02 7 4
04 04 2024 21 35 89 29.03 3 4
04 05 2024 07 32 92 29.07 6 4
04 05 2024 07 32 92 29.07 6 4
04 05 2024 07 32 92 29.07 7 4
04 05 2024 08 32 92 29.08 10 4
04 05 2024 08 32 96 29.08 9 4
04 05 2024 08 33 92 29.08 12 4
04 05 2024 09 34 96 29.08 12 4
04 05 2024 10 36 86 29.09 15 4
04 05 2024 10 36 86 29.09 14 4
04 05 2024 11 37 82 29.10 17 4
04 05 2024 11 37 82 29.10 14 8
04 05 2024 11 38 79 29.10 12 4
04 05 2024 12 37 86 29.11 14 4
04 05 2024 12 37 86 29.11 15 10
04 05 2024 12 37 86 29.11 13 10
04 05 2024 13 38 79 29.11 16 4
04 05 2024 13 38 83 29.11 16 4
04 05 2024 13 39 79 29.12 16 5
04 05 2024 14 38 79 29.12 14 5
04 05 2024 14 39 82 29.12 20 5
04 05 2024 14 39 82 29.12 16 4
04 05 2024 14 37 86 29.12 16 5
04 05 2024 15 39 86 29.12 14 4
04 05 2024 15 40 79 29.13 14 5
04 05 2024 15 39 82 29.13 17 5
04 05 2024 15 40 79 29.13 16 4
04 05 2024 16 39 81 29.14 17 5
04 05 2024 16 40 77 29.14 16 5
04 05 2024 16 42 73 29.14 17 4
04 05 2024 17 41 70 29.15 21 10
04 05 2024 18 41 70 29.18 16 4
04 05 2024 19 39 81 29.20 13 5
04 05 2024 19 39 82 29.21 13 5
04 05 2024 20 38 83 29.22 12 4
04 05 2024 21 38 86 29.24 10 4
04 05 2024 21 37 89 29.24 10 4
04 06 2024 07 37 82 29.31 6 4
04 06 2024 08 37 82 29.33 10 4
04 06 2024 08 38 83 29.34 9 4
04 06 2024 08 39 79 29.35 6 4
04 06 2024 09 40 70 29.35 14 4
04 06 2024 10 39 79 29.37 13 5
04 06 2024 10 40 79 29.37 10 5
04 06 2024 11 43 62 29.37 13 4
04 06 2024 12 44 63 29.36 14 4
04 06 2024 13 47 54 29.35 16 3
04 06 2024 14 49 50 29.36 16 3
04 06 2024 15 47 54 29.37 17 4
04 06 2024 16 47 54 29.38 15 0
04 06 2024 17 45 56 29.41 12 4
04 06 2024 18 47 54 29.42 12 2
04 06 2024 19 44 49 29.45 9 0
04 06 2024 20 43 51 29.47 5 4
04 06 2024 21 42 58 29.48 5 4
04 07 2024 07 36 76 29.54 7 0
04 07 2024 08 38 76 29.57 5 0
04 07 2024 09 42 60 29.58 9 0
04 07 2024 10 46 51 29.58 8 0
04 07 2024 11 48 46 29.59 13 0
04 07 2024 12 50 46 29.59 9 0
04 07 2024 13 53 43 29.58 13 0
04 07 2024 14 56 34 29.57 10 0
04 07 2024 15 58 30 29.56 13 0
04 07 2024 16 59 28 29.54 12 0
04 07 2024 17 57 30 29.55 17 0
04 07 2024 18 57 30 29.55 13 0
04 07 2024 19 54 31 29.56 8 0
04 07 2024 20 49 39 29.58 7 0
04 07 2024 21 46 44 29.60 7 0
04 08 2024 07 28 81 29.64 3 0
04 08 2024 08 31 85 29.65 0 0
04 08 2024 09 40 63 29.64 6 0
04 08 2024 10 46 50 29.64 5 0
04 08 2024 11 51 35 29.64 0 0
04 08 2024 12 56 32 29.61 0 0
04 08 2024 13 59 28 29.59 0 0
04 08 2024 14 61 21 29.57 0 0
04 08 2024 15 61 22 29.54 0 0
04 08 2024 16 59 31 29.52 0 0
04 08 2024 17 60 28 29.52 5 0
04 08 2024 18 60 32 29.52 5 0
04 08 2024 19 59 28 29.51 0 0
04 08 2024 20 54 41 29.51 0 4
04 08 2024 21 51 52 29.51 0 4
04 09 2024 07 34 85 29.51 3 0
04 09 2024 07 34 85 29.52 3 0
04 09 2024 08 42 67 29.53 6 0
04 09 2024 09 49 54 29.52 5 0
04 09 2024 10 55 47 29.51 5 0
04 09 2024 11 59 42 29.51 0 0
04 09 2024 12 64 35 29.50 3 0
04 09 2024 13 68 36 29.48 3 0
04 09 2024 14 71 32 29.47 5 0
04 09 2024 15 72 28 29.44 8 0
04 09 2024 16 74 26 29.42 0 0
04 09 2024 17 74 24 29.40 5 0
04 09 2024 18 75 24 29.39 0 0
04 09 2024 19 73 25 29.38 0 0
04 09 2024 20 62 43 29.39 5 0
04 09 2024 21 61 42 29.38 8 0
04 10 2024 07 54 72 29.40 6 0
04 10 2024 07 54 72 29.40 7 0
04 10 2024 08 56 69 29.42 3 4
04 10 2024 09 56 67 29.42 5 2
04 10 2024 10 56 67 29.43 9 3
04 10 2024 11 59 62 29.45 6 2
04 10 2024 12 59 64 29.44 5 4
04 10 2024 13 59 69 29.43 9 5
04 10 2024 14 59 72 29.43 7 4
04 10 2024 15 63 70 29.42 8 3
04 10 2024 16 64 70 29.41 8 4
04 10 2024 17 61 83 29.42 5 6
04 10 2024 17 60 90 29.42 6 7
04 10 2024 17 59 93 29.42 5 5
04 10 2024 17 59 93 29.42 5 5
04 10 2024 18 59 93 29.42 6 4
04 10 2024 18 59 93 29.42 6 4
04 10 2024 19 59 90 29.43 8 4
04 10 2024 20 57 96 29.44 3 4
04 10 2024 21 57 93 29.46 6 5
04 10 2024 21 56 93 29.47 5 5
04 11 2024 07 51 92 29.38 7 5
04 11 2024 08 51 96 29.37 9 6
04 11 2024 08 52 93 29.37 8 6
04 11 2024 09 52 97 29.33 12 6
04 11 2024 09 52 97 29.34 10 6
04 11 2024 10 52 100 29.34 15 5
04 11 2024 10 53 93 29.34 14 5
04 11 2024 10 53 93 29.34 14 5
04 11 2024 11 53 93 29.33 14 4
04 11 2024 11 55 89 29.32 10 4
04 11 2024 12 55 89 29.30 10 4
04 11 2024 13 55 89 29.28 13 4
04 11 2024 13 56 90 29.25 14 4
04 11 2024 14 58 84 29.26 9 4
04 11 2024 15 59 83 29.24 12 3
04 11 2024 16 61 78 29.21 14 4
04 11 2024 17 64 72 29.18 15 3
04 11 2024 18 63 72 29.16 14 3
04 11 2024 19 61 75 29.14 15 4
04 11 2024 20 60 78 29.11 8 4
04 11 2024 21 60 78 29.09 14 4
04 12 2024 07 62 86 28.67 12 3
04 12 2024 08 63 84 28.65 16 5
04 12 2024 09 62 86 28.67 13 4
04 12 2024 10 64 72 28.67 16 4
04 12 2024 11 66 68 28.66 14 4
04 12 2024 12 66 68 28.63 12 4
04 12 2024 13 58 84 28.66 15 4
04 12 2024 13 59 78 28.66 16 4
04 12 2024 14 60 67 28.67 15 4
04 12 2024 15 57 74 28.67 7 5
04 12 2024 16 57 62 28.69 13 5
04 12 2024 17 56 64 28.70 8 4
04 12 2024 18 56 60 28.73 12 4
04 12 2024 19 55 62 28.74 10 4
04 12 2024 20 53 66 28.76 8 4
04 12 2024 21 52 66 28.79 8 4
04 13 2024 07 38 93 28.92 12 6
04 13 2024 07 39 89 28.92 13 5
04 13 2024 07 39 89 28.93 17 5
04 13 2024 07 38 93 28.93 14 5
04 13 2024 07 38 93 28.93 14 5
04 13 2024 08 39 86 28.94 14 5
04 13 2024 08 39 89 28.94 14 5
04 13 2024 08 39 86 28.95 16 4
04 13 2024 09 39 89 28.96 14 5
04 13 2024 09 39 89 28.96 14 4
04 13 2024 09 40 86 28.97 17 4
04 13 2024 09 40 86 28.97 17 4
04 13 2024 10 40 86 28.97 16 4
04 13 2024 11 40 86 29.00 16 5
04 13 2024 11 40 86 29.00 20 5
04 13 2024 11 40 86 29.02 18 6
04 13 2024 12 40 89 29.03 18 5
04 13 2024 12 40 89 29.03 16 5
04 13 2024 12 40 89 29.04 18 5
04 13 2024 13 41 86 29.04 23 5
04 13 2024 13 41 86 29.05 24 10
04 13 2024 14 40 89 29.07 21 5
04 13 2024 14 41 89 29.07 23 5
04 13 2024 15 41 89 29.09 23 5
04 13 2024 15 41 89 29.09 23 5
04 13 2024 16 42 85 29.10 23 5
04 13 2024 17 42 85 29.13 25 5
04 13 2024 18 43 82 29.15 22 5
04 13 2024 18 43 80 29.17 22 5
04 13 2024 19 43 74 29.18 18 4
04 13 2024 20 43 74 29.21 17 4
04 13 2024 21 44 71 29.24 15 4
04 14 2024 07 32 96 29.34 0 3
04 14 2024 08 35 96 29.35 0 2
04 14 2024 09 41 79 29.31 6 0
04 14 2024 10 44 79 29.30 3 5
04 14 2024 11 44 85 29.30 0 6
04 14 2024 12 46 93 29.24 7 4
04 14 2024 13 47 86 29.21 8 5
04 14 2024 14 48 86 29.17 8 4
04 14 2024 15 47 90 29.14 7 5
04 14 2024 16 47 90 29.13 7 4
04 14 2024 17 47 90 29.12 9 5
04 14 2024 18 47 90 29.11 8 5
04 14 2024 19 48 89 29.12 6 4
04 14 2024 20 45 97 29.13 0 0
04 14 2024 21 43 97 29.17 5 0
04 15 2024 07 38 100 29.26 0 4
04 15 2024 07 39 100 29.28 0 4
04 15 2024 08 41 93 29.29 0 4
04 15 2024 08 41 96 29.30 0 4
04 15 2024 08 43 97 29.30 3 4
04 15 2024 09 44 93 29.30 7 4
04 15 2024 09 44 93 29.31 8 4
04 15 2024 10 45 93 29.34 9 4
04 15 2024 11 47 90 29.36 13 4
04 15 2024 11 47 90 29.37 14 4
04 15 2024 12 49 83 29.37 16 3
04 15 2024 12 49 77 29.38 15 4
04 15 2024 12 49 77 29.37 13 3
04 15 2024 13 50 77 29.38 13 5
04 15 2024 13 51 68 29.38 14 3
04 15 2024 14 52 59 29.39 14 4
04 15 2024 15 54 57 29.38 9 3
04 15 2024 16 54 55 29.38 10 2
04 15 2024 17 56 42 29.39 14 0
04 15 2024 18 56 36 29.40 13 0
04 15 2024 19 54 38 29.41 9 0
04 15 2024 20 49 43 29.44 8 0
04 15 2024 21 45 58 29.46 3 0
04 16 2024 07 30 96 29.59 0 0
04 16 2024 07 31 96 29.59 0 0
04 16 2024 08 35 92 29.61 0 0
04 16 2024 09 43 76 29.62 5 0
04 16 2024 10 48 68 29.63 7 0
04 16 2024 11 51 61 29.63 7 0
04 16 2024 12 56 51 29.62 9 0
04 16 2024 13 58 46 29.62 8 2
04 16 2024 14 61 35 29.61 21 3
04 16 2024 15 62 30 29.61 17 0
04 16 2024 16 61 30 29.62 21 0
04 16 2024 17 60 30 29.61 17 0
04 16 2024 18 58 31 29.62 15 0
04 16 2024 19 56 32 29.62 9 0
04 16 2024 20 52 35 29.62 5 0
04 16 2024 21 43 65 29.63 0 0
04 17 2024 07 40 73 29.65 7 0
04 17 2024 07 40 73 29.65 7 0
04 17 2024 08 44 68 29.64 9 0
04 17 2024 09 47 61 29.62 9 0
04 17 2024 10 52 53 29.61 8 0
04 17 2024 11 55 47 29.58 10 2
04 17 2024 12 59 41 29.56 9 2
04 17 2024 13 61 39 29.54 7 3
04 17 2024 14 61 36 29.52 8 4
04 17 2024 15 61 39 29.51 7 4
04 17 2024 16 57 55 29.49 8 5
04 17 2024 17 54 69 29.44 10 5
04 17 2024 18 54 72 29.44 8 4
04 17 2024 19 54 64 29.44 9 4
04 17 2024 20 52 71 29.44 13 5
04 17 2024 21 52 74 29.47 8 4
04 18 2024 07 47 93 29.42 12 5
04 18 2024 07 47 93 29.43 10 5
04 18 2024 07 47 93 29.43 10 5
04 18 2024 07 46 96 29.44 10 5
04 18 2024 08 46 96 29.45 10 5
04 18 2024 08 46 96 29.45 13 5
04 18 2024 08 46 96 29.46 10 5
04 18 2024 09 46 93 29.46 16 5
04 18 2024 09 46 93 29.46 13 5
04 18 2024 10 46 89 29.49 14 5
04 18 2024 11 45 90 29.51 15 4
04 18 2024 11 45 90 29.51 17 5
04 18 2024 12 45 93 29.51 10 4
04 18 2024 12 45 93 29.51 14 4
04 18 2024 13 45 93 29.52 12 5
04 18 2024 13 45 93 29.52 13 5
04 18 2024 13 45 93 29.53 14 5
04 18 2024 13 45 93 29.53 13 4
04 18 2024 14 45 93 29.54 10 4
04 18 2024 14 46 89 29.53 13 4
04 18 2024 15 46 89 29.53 12 4
04 18 2024 15 46 86 29.53 9 4
04 18 2024 16 46 89 29.53 10 5
04 18 2024 16 46 87 29.53 13 5
04 18 2024 16 45 93 29.53 12 5
04 18 2024 16 45 93 29.53 12 5
04 18 2024 16 45 97 29.54 9 10
04 18 2024 17 45 97 29.54 9 10
04 18 2024 17 45 100 29.55 8 10
04 18 2024 17 45 97 29.55 8 5
04 18 2024 18 44 96 29.56 10 10
04 18 2024 18 44 96 29.56 9 10
04 18 2024 19 44 96 29.56 9 4
04 18 2024 20 44 93 29.57 7 4
04 18 2024 20 44 93 29.58 8 5
04 18 2024 21 43 97 29.59 8 4
04 18 2024 21 43 97 29.59 10 5
04 18 2024 21 43 97 29.59 10 4
04 19 2024 07 43 89 29.51 10 4
04 19 2024 08 44 89 29.51 13 4
04 19 2024 09 45 86 29.51 9 4
04 19 2024 10 46 86 29.49 12 4
04 19 2024 10 47 83 29.48 12 4
04 19 2024 11 48 80 29.50 12 4
04 19 2024 12 49 80 29.45 14 4
04 19 2024 13 52 74 29.41 18 2
04 19 2024 13 52 74 29.42 13 3
04 19 2024 13 52 74 29.43 14 4
04 19 2024 14 54 75 29.41 9 5
04 19 2024 15 51 89 29.37 9 7
04 19 2024 15 51 92 29.38 6 7
04 19 2024 15 51 92 29.39 3 7
04 19 2024 15 51 92 29.38 3 5
04 19 2024 16 51 96 29.37 3 4
04 19 2024 17 52 86 29.36 8 4
04 19 2024 18 52 89 29.37 8 4
04 19 2024 19 52 89 29.36 8 4
04 19 2024 19 53 83 29.38 0 5
04 19 2024 20 53 86 29.38 0 4
04 19 2024 21 53 86 29.41 6 4
04 20 2024 07 44 85 29.44 6 4
04 20 2024 08 44 79 29.43 5 2
04 20 2024 09 46 71 29.42 3 0
04 20 2024 10 49 50 29.41 5 0
04 20 2024 11 50 50 29.39 5 0
04 20 2024 12 53 41 29.37 8 3
04 20 2024 13 54 38 29.35 13 3
04 20 2024 14 51 52 29.36 21 10
04 20 2024 15 49 52 29.40 20 4
04 20 2024 16 47 50 29.42 18 4
04 20 2024 17 45 48 29.44 25 3
04 20 2024 18 44 55 29.45 18 4
04 20 2024 19 44 49 29.46 21 3
04 20 2024 20 42 53 29.48 17 0
04 20 2024 21 40 60 29.51 10 0
04 21 2024 07 33 92 29.48 0 4
04 21 2024 08 36 82 29.48 0 4
04 21 2024 09 39 76 29.47 3 4
04 21 2024 10 41 60 29.46 10 4
04 21 2024 11 42 58 29.46 12 4
04 21 2024 12 44 51 29.45 15 4
04 21 2024 13 43 53 29.44 13 4
04 21 2024 14 43 56 29.43 13 4
04 21 2024 15 44 51 29.42 12 4
04 21 2024 16 45 52 29.40 13 4
04 21 2024 17 44 51 29.39 13 4
04 21 2024 18 44 49 29.39 13 4
04 21 2024 19 44 51 29.40 12 4
04 21 2024 20 43 53 29.41 13 4
04 21 2024 21 43 51 29.42 7 4
04 22 2024 07 34 73 29.52 0 0
04 22 2024 08 37 65 29.55 5 0
04 22 2024 09 39 46 29.56 9 0
04 22 2024 10 40 38 29.56 6 0
04 22 2024 11 43 35 29.57 7 0
04 22 2024 12 45 36 29.57 0 0
04 22 2024 13 47 37 29.56 10 0
04 22 2024 14 49 38 29.55 9 0
04 22 2024 15 51 35 29.55 12 0
04 22 2024 16 51 35 29.54 8 0
04 22 2024 17 52 34 29.53 14 0
04 22 2024 18 52 27 29.54 14 0
04 22 2024 19 50 32 29.54 10 0
04 22 2024 20 44 43 29.55 6 0
04 22 2024 21 41 53 29.56 0 0
04 23 2024 07 31 79 29.55 5 0
04 23 2024 08 43 53 29.55 8 0
04 23 2024 09 49 44 29.53 9 0
04 23 2024 10 57 30 29.51 14 0
04 23 2024 11 61 27 29.48 17 0
04 23 2024 12 63 27 29.45 16 0
04 23 2024 13 65 26 29.40 9 0
04 23 2024 14 67 24 29.36 16 0
04 23 2024 15 68 22 29.32 16 0
04 23 2024 16 68 23 29.31 13 0
04 23 2024 17 67 23 29.28 16 3
04 23 2024 18 66 22 29.29 8 3
04 23 2024 19 66 24 29.27 8 0
04 23 2024 20 64 27 29.26 5 3
04 23 2024 21 63 29 29.27 7 4
04 24 2024 07 48 96 29.26 0 4
04 24 2024 07 49 93 29.26 3 4
04 24 2024 07 49 93 29.26 0 5
04 24 2024 07 49 93 29.26 0 4
04 24 2024 08 49 93 29.27 3 4
04 24 2024 09 50 89 29.27 8 4
04 24 2024 09 50 89 29.27 10 4
04 24 2024 10 50 86 29.28 9 4
04 24 2024 10 50 86 29.29 14 4
04 24 2024 11 51 83 29.31 14 4
04 24 2024 11 49 86 29.32 15 4
04 24 2024 12 51 80 29.34 13 4
04 24 2024 12 50 80 29.34 12 4
04 24 2024 13 45 80 29.37 10 4
04 24 2024 14 47 68 29.42 15 4
04 24 2024 15 46 68 29.46 14 4
04 24 2024 16 44 65 29.48 17 4
04 24 2024 16 43 65 29.50 16 4
04 24 2024 16 42 67 29.51 12 4
04 24 2024 17 43 65 29.52 15 4
04 24 2024 17 42 62 29.54 7 4
04 24 2024 18 44 58 29.54 12 4
04 24 2024 19 44 49 29.57 9 3
04 24 2024 20 41 53 29.60 6 0
04 24 2024 21 39 49 29.65 8 0
04 25 2024 07 25 81 29.82 0 0
04 25 2024 07 26 81 29.82 3 0
04 25 2024 08 30 66 29.85 0 0
04 25 2024 09 33 59 29.86 3 0
04 25 2024 10 37 48 29.87 5 0
04 25 2024 11 40 43 29.87 3 0
04 25 2024 12 43 38 29.85 7 0
04 25 2024 13 46 34 29.82 6 0
04 25 2024 14 48 32 29.81 6 0
04 25 2024 15 51 32 29.79 12 0
04 25 2024 16 51 31 29.77 12 0
04 25 2024 17 51 28 29.76 10 0
04 25 2024 18 51 29 29.76 10 0
04 25 2024 19 49 28 29.77 12 0
04 25 2024 20 46 33 29.79 9 0
04 25 2024 21 42 43 29.82 8 0
04 26 2024 07 27 81 29.94 0 0
04 26 2024 08 33 72 29.95 3 0
04 26 2024 09 39 57 29.95 5 0
04 26 2024 09 41 53 29.95 6 0
04 26 2024 10 46 44 29.95 8 0
04 26 2024 11 50 32 29.94 12 0
04 26 2024 12 52 30 29.93 3 0
04 26 2024 13 54 29 29.91 10 0
04 26 2024 14 57 20 29.90 7 0
04 26 2024 15 58 22 29.90 6 0
04 26 2024 16 58 20 29.88 0 0
04 26 2024 17 60 20 29.86 5 0
04 26 2024 18 61 21 29.84 5 0
04 26 2024 19 60 20 29.83 7 0
04 26 2024 20 55 23 29.83 5 0
04 26 2024 21 49 31 29.83 6 0
04 27 2024 07 39 60 29.87 6 0
04 27 2024 08 47 50 29.87 9 0
04 27 2024 09 51 41 29.84 14 0
04 27 2024 10 56 36 29.81 14 0
04 27 2024 11 60 32 29.80 14 0
04 27 2024 12 63 29 29.80 14 0
04 27 2024 13 63 29 29.79 14 4
04 27 2024 14 62 31 29.78 13 4
04 27 2024 15 58 39 29.77 16 5
04 27 2024 16 56 57 29.74 13 5
04 27 2024 17 57 53 29.71 14 5
04 27 2024 18 57 51 29.70 9 4
04 27 2024 19 54 69 29.71 6 5
04 27 2024 20 51 77 29.70 10 5
04 27 2024 21 50 80 29.69 9 4
04 28 2024 07 49 90 29.59 9 2
04 28 2024 08 50 89 29.58 9 3
04 28 2024 09 54 86 29.57 8 2
04 28 2024 10 58 78 29.55 8 3
04 28 2024 11 62 72 29.54 7 3
04 28 2024 12 67 66 29.52 3 0
04 28 2024 13 68 65 29.51 5 2
04 28 2024 13 68 65 29.51 6 3
04 28 2024 14 70 63 29.50 6 4
04 28 2024 15 64 88 29.51 6 5
04 28 2024 15 64 90 29.51 6 5
04 28 2024 15 64 93 29.51 6 6
04 28 2024 16 64 93 29.51 6 6
04 28 2024 16 64 93 29.51 5 5
04 28 2024 16 64 94 29.51 6 5
04 28 2024 16 64 93 29.51 7 5
04 28 2024 17 64 96 29.51 5 5
04 28 2024 17 64 93 29.51 5 5
04 28 2024 18 64 93 29.51 5 4
04 28 2024 18 64 93 29.50 3 4
04 28 2024 18 64 93 29.51 5 4
04 28 2024 18 64 93 29.50 3 5
04 28 2024 19 63 97 29.50 3 4
04 28 2024 20 62 100 29.51 3 5
04 28 2024 21 62 100 29.51 0 10
04 28 2024 21 62 100 29.51 0 10
04 28 2024 21 62 100 29.51 0 10
04 28 2024 21 62 100 29.51 0 10
04 29 2024 07 56 90 29.49 3 4
04 29 2024 08 56 90 29.50 0 4
04 29 2024 08 54 93 29.51 7 7
04 29 2024 08 54 97 29.51 0 5
04 29 2024 09 55 93 29.51 5 4
04 29 2024 09 55 93 29.50 5 4
04 29 2024 10 55 93 29.51 3 4
04 29 2024 11 57 93 29.51 3 4
04 29 2024 11 58 90 29.51 0 4
04 29 2024 12 57 88 29.51 5 4
04 29 2024 12 58 90 29.51 6 4
04 29 2024 13 60 86 29.51 0 4
04 29 2024 14 62 80 29.51 6 4
04 29 2024 15 61 83 29.51 7 4
04 29 2024 16 62 84 29.49 5 4
04 29 2024 17 66 73 29.46 10 3
04 29 2024 17 66 73 29.46 10 2
04 29 2024 18 66 73 29.46 9 0
04 29 2024 19 64 75 29.44 9 0
04 29 2024 20 61 78 29.45 8 0
04 29 2024 21 59 81 29.45 8 0
04 30 2024 07 52 86 29.35 9 0
04 30 2024 07 52 86 29.35 10 0
04 30 2024 08 53 86 29.36 7 3
04 30 2024 09 56 84 29.35 10 3
04 30 2024 10 59 81 29.35 14 3
04 30 2024 11 62 78 29.33 16 0
04 30 2024 12 64 75 29.31 13 0
04 30 2024 13 67 70 29.29 7 0
04 30 2024 14 69 68 29.29 3 2
04 30 2024 15 72 61 29.28 0 0
04 30 2024 16 70 59 29.28 13 4
04 30 2024 17 63 67 29.30 13 4
04 30 2024 18 60 78 29.33 9 5
04 30 2024 19 56 84 29.35 8 5
04 30 2024 20 53 93 29.36 8 5
04 30 2024 21 53 93 29.37 7 4
04 30 2024 21 53 93 29.37 5 4
05 01 2024 07 52 100 29.40 6 10
05 01 2024 07 52 100 29.40 5 10
05 01 2024 08 52 100 29.41 6 10
05 01 2024 08 52 100 29.41 6 10
05 01 2024 08 52 100 29.41 5 10
05 01 2024 09 53 96 29.41 3 4
05 01 2024 10 54 97 29.42 5 4
05 01 2024 10 54 93 29.42 6 4
05 01 2024 11 55 93 29.43 5 4
05 01 2024 12 57 89 29.42 3 4
05 01 2024 12 57 87 29.41 0 4
05 01 2024 12 58 84 29.41 0 4
05 01 2024 12 57 87 29.41 0 4
05 01 2024 13 59 77 29.40 0 4
05 01 2024 13 59 78 29.40 0 4
05 01 2024 14 62 72 29.41 3 4
05 01 2024 14 62 72 29.40 6 3
05 01 2024 15 64 70 29.39 3 0
05 01 2024 16 67 59 29.37 6 0
05 01 2024 17 68 50 29.37 6 0
05 01 2024 18 66 52 29.37 8 0
05 01 2024 19 67 47 29.36 5 2
05 01 2024 20 66 48 29.36 3 0
05 01 2024 21 59 69 29.36 7 2
05 02 2024 07 55 80 29.40 13 0
05 02 2024 08 56 77 29.43 12 0
05 02 2024 09 58 75 29.45 15 0
05 02 2024 10 60 67 29.43 12 0
05 02 2024 11 62 62 29.43 10 3
05 02 2024 12 66 52 29.42 14 2
05 02 2024 13 66 50 29.43 15 0
05 02 2024 14 64 52 29.46 16 0
05 02 2024 15 65 52 29.46 15 0
05 02 2024 16 66 48 29.46 10 0
05 02 2024 17 66 50 29.46 12 0
05 02 2024 18 66 50 29.47 12 3
05 02 2024 19 64 56 29.49 9 2
05 02 2024 20 59 64 29.51 7 0
05 02 2024 21 55 72 29.53 6 0
05 03 2024 07 47 93 29.58 5 0
05 03 2024 08 53 86 29.61 7 0
05 03 2024 09 58 75 29.62 9 0
05 03 2024 10 62 62 29.60 12 0
05 03 2024 11 64 56 29.59 13 0
05 03 2024 12 65 52 29.58 8 0
05 03 2024 13 69 47 29.57 10 0
05 03 2024 14 70 44 29.55 6 0
05 03 2024 15 72 41 29.53 0 3
05 03 2024 16 73 42 29.51 10 0
05 03 2024 17 73 44 29.51 8 0
05 03 2024 18 73 44 29.51 13 0
05 03 2024 19 69 49 29.51 12 0
05 03 2024 20 68 49 29.52 12 0
05 03 2024 21 65 52 29.53 12 0
05 04 2024 07 56 69 29.67 9 4
05 04 2024 08 56 69 29.69 8 4
05 04 2024 09 58 65 29.69 8 4
05 04 2024 10 58 65 29.69 10 4
05 04 2024 11 61 60 29.68 9 4
05 04 2024 12 64 54 29.67 8 3
05 04 2024 13 66 54 29.65 6 4
05 04 2024 14 68 50 29.65 9 4
05 04 2024 15 68 55 29.65 9 4
05 04 2024 16 66 54 29.64 10 4
05 04 2024 17 65 54 29.63 12 4
05 04 2024 18 65 52 29.62 12 4
05 04 2024 19 65 52 29.61 10 0
05 04 2024 20 64 54 29.61 7 0
05 04 2024 21 63 54 29.63 7 4
05 05 2024 07 49 93 29.59 10 5
05 05 2024 07 49 93 29.59 12 5
05 05 2024 08 49 97 29.59 10 6
05 05 2024 09 49 97 29.59 12 5
05 05 2024 09 50 93 29.58 12 5
05 05 2024 10 50 93 29.58 9 6
05 05 2024 10 50 93 29.58 12 5
05 05 2024 11 50 96 29.57 9 5
05 05 2024 12 51 92 29.57 8 4
05 05 2024 13 51 96 29.56 6 4
05 05 2024 14 52 93 29.55 9 4
05 05 2024 15 53 93 29.54 8 5
05 05 2024 16 54 90 29.53 8 5
05 05 2024 17 53 93 29.52 9 5
05 05 2024 18 53 96 29.52 9 5
05 05 2024 19 53 96 29.52 7 4
05 05 2024 20 53 93 29.53 8 4
05 05 2024 21 53 96 29.53 7 4
05 06 2024 07 54 93 29.47 3 4
05 06 2024 07 54 93 29.47 0 4
05 06 2024 08 55 89 29.49 0 4
05 06 2024 09 56 90 29.49 5 4
05 06 2024 09 56 93 29.48 3 4
05 06 2024 10 59 87 29.47 0 3
05 06 2024 10 60 80 29.47 3 2
05 06 2024 11 63 67 29.46 5 0
05 06 2024 12 66 60 29.45 9 0
05 06 2024 13 68 55 29.43 10 0
05 06 2024 14 68 40 29.42 13 0
05 06 2024 15 70 42 29.41 14 0
05 06 2024 16 70 30 29.39 14 0
05 06 2024 17 70 32 29.38 10 0
05 06 2024 18 68 32 29.38 12 0
05 06 2024 19 63 40 29.38 12 0
05 06 2024 20 56 51 29.39 8 0
05 06 2024 21 56 47 29.39 5 0
05 07 2024 07 40 97 29.36 0 0
05 07 2024 08 46 83 29.37 0 0
05 07 2024 09 54 66 29.36 3 0
05 07 2024 10 59 51 29.35 0 0
05 07 2024 11 63 46 29.33 0 0
05 07 2024 12 67 44 29.31 3 0
05 07 2024 13 69 39 29.28 3 0
05 07 2024 14 70 39 29.25 8 0
05 07 2024 15 73 37 29.22 3 0
05 07 2024 16 73 37 29.19 7 0
05 07 2024 17 73 34 29.18 6 0
05 07 2024 18 73 34 29.17 9 0
05 07 2024 19 70 35 29.18 9 0
05 07 2024 20 65 42 29.17 6 0
05 07 2024 21 62 43 29.17 9 0
05 08 2024 07 52 93 29.05 12 6
05 08 2024 07 52 93 29.05 10 6
05 08 2024 07 51 96 29.05 13 7
05 08 2024 07 51 96 29.05 12 5
05 08 2024 08 53 93 29.04 5 4
05 08 2024 08 53 93 29.03 9 4
05 08 2024 09 54 93 29.03 8 4
05 08 2024 10 56 90 29.02 8 3
05 08 2024 10 57 88 29.01 8 3
05 08 2024 10 58 87 29.01 8 3
05 08 2024 10 58 87 29.01 6 3
05 08 2024 11 64 80 29.00 3 0
05 08 2024 12 72 66 28.99 12 0
05 08 2024 13 74 40 28.98 18 2
05 08 2024 14 74 41 28.98 15 3
05 08 2024 14 73 46 28.98 15 2
05 08 2024 15 76 37 28.97 21 0
05 08 2024 16 74 45 28.98 23 2
05 08 2024 17 67 54 29.00 18 2
05 08 2024 18 58 87 29.09 10 5
05 08 2024 19 56 93 29.10 8 5
05 08 2024 20 57 89 29.11 6 4
05 08 2024 21 55 93 29.13 6 0
05 09 2024 07 49 86 29.27 3 4
05 09 2024 08 50 83 29.29 6 4
05 09 2024 09 52 71 29.30 3 4
05 09 2024 10 53 69 29.30 7 4
05 09 2024 11 55 64 29.30 7 4
05 09 2024 12 56 64 29.28 7 4
05 09 2024 13 60 53 29.28 3 3
05 09 2024 14 60 57 29.26 3 3
05 09 2024 15 62 48 29.24 0 2
05 09 2024 16 64 45 29.23 0 0
05 09 2024 17 62 52 29.22 0 0
05 09 2024 18 61 52 29.22 8 0
05 09 2024 19 59 62 29.23 6 0
05 09 2024 20 57 53 29.23 3 0
05 09 2024 21 58 49 29.24 6 2
05 10 2024 07 49 90 29.25 3 4
05 10 2024 08 50 86 29.25 5 5
05 10 2024 09 50 89 29.26 6 5
05 10 2024 10 52 83 29.26 6 5
05 10 2024 10 52 86 29.26 6 5
05 10 2024 11 54 86 29.26 5 5
05 10 2024 12 55 77 29.25 0 4
05 10 2024 12 54 77 29.26 3 5
05 10 2024 13 54 80 29.26 7 5
05 10 2024 13 54 83 29.26 7 4
05 10 2024 14 56 77 29.25 6 5
05 10 2024 15 55 77 29.26 3 5
05 10 2024 16 54 80 29.26 3 5
05 10 2024 17 52 89 29.26 3 7
05 10 2024 18 52 89 29.27 5 5
05 10 2024 19 52 89 29.28 3 5
05 10 2024 20 51 92 29.29 0 5
05 10 2024 21 50 96 29.29 0 4
05 11 2024 07 50 96 29.29 5 5
05 11 2024 07 50 96 29.29 5 5
05 11 2024 07 50 93 29.29 3 4
05 11 2024 08 50 96 29.30 3 4
05 11 2024 09 51 92 29.30 8 5
05 11 2024 09 52 89 29.30 8 5
05 11 2024 10 53 86 29.29 7 4
05 11 2024 11 55 77 29.28 6 4
05 11 2024 12 55 74 29.27 0 4
05 11 2024 13 58 67 29.25 5 4
05 11 2024 14 60 62 29.23 7 3
05 11 2024 15 58 65 29.22 8 4
05 11 2024 16 56 72 29.21 0 5
05 11 2024 17 57 69 29.20 0 4
05 11 2024 18 58 70 29.20 3 4
05 11 2024 19 56 80 29.20 5 4
05 11 2024 20 55 80 29.21 7 4
05 11 2024 21 54 80 29.21 7 4
05 12 2024 07 49 90 29.28 10 5
05 12 2024 08 47 90 29.30 10 5
05 12 2024 09 48 89 29.31 7 4
05 12 2024 10 50 83 29.32 9 4
05 12 2024 11 50 83 29.33 6 4
05 12 2024 12 52 80 29.34 5 4
05 12 2024 12 53 77 29.34 6 4
05 12 2024 12 53 77 29.34 7 4
05 12 2024 13 54 66 29.34 5 4
05 12 2024 13 54 69 29.34 3 4
05 12 2024 14 56 64 29.34 7 4
05 12 2024 15 58 62 29.34 3 4
05 12 2024 16 57 59 29.34 0 4
05 12 2024 17 57 57 29.34 3 4
05 12 2024 18 59 53 29.36 5 4
05 12 2024 19 58 56 29.36 0 3
05 12 2024 20 56 62 29.37 5 3
05 12 2024 21 50 83 29.39 5 2
05 13 2024 07 45 93 29.46 6 0
05 13 2024 08 47 90 29.47 7 3
05 13 2024 09 52 80 29.47 7 0
05 13 2024 10 58 70 29.45 6 0
05 13 2024 11 62 65 29.44 9 0
05 13 2024 12 65 54 29.42 12 0
05 13 2024 13 64 54 29.42 10 4
05 13 2024 14 62 67 29.41 7 5
05 13 2024 15 61 72 29.40 6 4
05 13 2024 16 65 58 29.38 8 4
05 13 2024 17 68 56 29.36 12 2
05 13 2024 17 66 56 29.37 10 0
05 13 2024 18 67 57 29.36 8 2
05 13 2024 19 65 63 29.37 9 5
05 13 2024 20 63 70 29.40 3 5
05 13 2024 21 58 93 29.40 6 7
05 14 2024 07 57 81 29.34 9 0
05 14 2024 08 62 72 29.36 7 0
05 14 2024 09 65 68 29.37 7 0
05 14 2024 10 70 57 29.36 0 0
05 14 2024 11 74 50 29.34 3 0
05 14 2024 12 76 48 29.33 9 0
05 14 2024 13 78 43 29.32 9 0
05 14 2024 14 79 42 29.31 8 2
05 14 2024 15 78 42 29.29 5 3
05 14 2024 16 79 42 29.27 0 2
05 14 2024 17 78 39 29.26 6 0
05 14 2024 18 77 40 29.27 8 10
05 14 2024 18 71 61 29.27 8 3
05 14 2024 18 70 63 29.28 10 10
05 14 2024 18 69 65 29.29 7 2
05 14 2024 19 69 63 29.30 7 3
05 14 2024 20 64 84 29.32 8 5
05 14 2024 21 62 93 29.33 0 4
05 15 2024 07 59 96 29.30 7 5
05 15 2024 07 59 96 29.30 6 5
05 15 2024 07 59 96 29.30 7 5
05 15 2024 08 59 96 29.30 7 5
05 15 2024 08 59 100 29.30 6 5
05 15 2024 08 60 96 29.30 8 5
05 15 2024 08 60 96 29.30 7 5
05 15 2024 08 60 96 29.30 6 5
05 15 2024 08 60 96 29.30 7 5
05 15 2024 08 60 96 29.30 6 10
05 15 2024 09 61 97 29.30 7 4
05 15 2024 09 61 97 29.30 6 4
05 15 2024 10 62 93 29.30 9 4
05 15 2024 11 61 97 29.31 8 5
05 15 2024 11 61 97 29.31 7 5
05 15 2024 12 62 93 29.31 8 6
05 15 2024 12 61 97 29.31 7 6
05 15 2024 12 62 93 29.31 7 6
05 15 2024 13 62 96 29.30 7 6
05 15 2024 13 62 93 29.31 7 6
05 15 2024 13 63 94 29.31 8 6
05 15 2024 13 62 93 29.31 7 6
05 15 2024 13 62 96 29.31 3 5
05 15 2024 13 63 90 29.31 3 5
05 15 2024 13 63 90 29.31 3 6
05 15 2024 14 63 90 29.31 5 5
05 15 2024 15 64 87 29.30 5 5
05 15 2024 15 64 87 29.29 6 5
05 15 2024 16 64 87 29.28 6 5
05 15 2024 16 64 90 29.28 6 5
05 15 2024 17 64 93 29.28 6 5
05 15 2024 17 63 93 29.29 8 5
05 15 2024 17 63 90 29.28 7 5
05 15 2024 18 62 96 29.29 3 5
05 15 2024 18 62 96 29.29 0 5
05 15 2024 18 63 93 29.28 0 5
05 15 2024 19 63 93 29.28 3 4
05 15 2024 20 62 93 29.29 0 4
05 15 2024 21 61 93 29.29 5 4
05 16 2024 07 54 100 29.29 0 4
05 16 2024 08 58 93 29.29 0 0
05 16 2024 09 63 81 29.31 3 0
05 16 2024 10 68 70 29.30 5 0
05 16 2024 11 69 65 29.31 3 2
05 16 2024 12 70 65 29.31 5 4
05 16 2024 13 70 65 29.31 3 4
05 16 2024 14 71 59 29.31 0 4
05 16 2024 15 72 61 29.30 5 4
05 16 2024 16 69 68 29.32 10 4
05 16 2024 17 70 63 29.32 9 4
05 16 2024 18 71 61 29.33 8 0
05 16 2024 19 69 65 29.34 6 4
05 16 2024 20 66 73 29.35 3 4
05 16 2024 21 64 80 29.36 0 4
05 17 2024 07 56 93 29.46 3 4
05 17 2024 08 59 87 29.46 7 0
05 17 2024 08 60 86 29.46 7 0
05 17 2024 09 63 75 29.46 7 0
05 17 2024 10 65 65 29.45 3 0
05 17 2024 11 68 59 29.45 10 0
05 17 2024 12 70 57 29.44 6 0
05 17 2024 13 71 57 29.42 8 0
05 17 2024 14 74 52 29.40 7 0
05 17 2024 15 75 50 29.38 6 0
05 17 2024 16 77 46 29.36 12 0
05 17 2024 17 76 48 29.35 10 0
05 17 2024 18 74 52 29.36 9 0
05 17 2024 19 71 53 29.36 7 4
05 17 2024 20 70 55 29.37 8 3
05 17 2024 21 69 57 29.37 10 4
05 18 2024 07 58 87 29.44 7 4
05 18 2024 08 59 83 29.46 8 4
05 18 2024 09 62 75 29.46 9 4
05 18 2024 10 63 70 29.46 12 4
05 18 2024 11 66 60 29.46 10 3
05 18 2024 12 64 63 29.46 10 4
05 18 2024 13 64 65 29.45 6 4
05 18 2024 14 66 63 29.44 6 4
05 18 2024 15 69 58 29.42 5 4
05 18 2024 16 70 61 29.40 5 4
05 18 2024 17 70 59 29.40 7 4
05 18 2024 18 70 61 29.40 3 4
05 18 2024 19 69 63 29.41 6 4
05 18 2024 20 67 70 29.41 5 4
05 18 2024 21 65 78 29.42 3 4
05 19 2024 07 60 83 29.48 6 4
05 19 2024 08 62 78 29.49 6 4
05 19 2024 09 64 75 29.49 5 4
05 19 2024 10 66 73 29.48 3 4
05 19 2024 10 69 68 29.48 3 2
05 19 2024 11 70 65 29.48 0 0
05 19 2024 12 71 66 29.47 3 0
05 19 2024 12 73 61 29.47 0 0
05 19 2024 13 73 59 29.45 5 2
05 19 2024 14 76 54 29.43 5 0
05 19 2024 15 78 48 29.41 0 0
05 19 2024 16 79 47 29.39 6 0
05 19 2024 17 80 40 29.40 0 0
05 19 2024 17 79 44 29.40 3 0
05 19 2024 18 80 40 29.40 3 0
05 19 2024 19 77 45 29.39 7 0
05 19 2024 20 75 46 29.40 3 0
05 19 2024 21 67 68 29.41 3 0
05 20 2024 07 58 93 29.48 5 0
05 20 2024 08 63 81 29.47 6 0
05 20 2024 09 66 75 29.47 3 0
05 20 2024 10 69 70 29.48 3 0
05 20 2024 11 73 64 29.48 0 0
05 20 2024 12 77 56 29.47 0 0
05 20 2024 13 80 52 29.45 3 0
05 20 2024 14 80 52 29.42 3 0
05 20 2024 15 81 52 29.42 3 0
05 20 2024 16 83 49 29.40 6 0
05 20 2024 17 83 47 29.39 7 0
05 20 2024 18 82 51 29.38 5 0
05 20 2024 19 81 52 29.38 7 0
05 20 2024 20 80 52 29.38 5 0
05 20 2024 21 72 73 29.39 0 0
05 21 2024 07 63 90 29.39 3 0
05 21 2024 07 63 90 29.39 5 0
05 21 2024 08 69 78 29.40 5 0
05 21 2024 09 73 71 29.40 3 0
05 21 2024 10 76 64 29.41 3 0
05 21 2024 11 77 60 29.41 6 2
05 21 2024 12 76 60 29.40 0 4
05 21 2024 13 78 60 29.39 3 0
05 21 2024 14 80 56 29.37 0 3
05 21 2024 15 82 56 29.36 3 0
05 21 2024 16 85 51 29.34 5 0
05 21 2024 17 86 41 29.32 0 0
05 21 2024 18 84 46 29.31 7 0
05 21 2024 19 81 54 29.30 5 0
05 21 2024 19 77 66 29.33 0 10
05 21 2024 19 69 81 29.33 17 10
05 21 2024 20 69 81 29.32 17 5
05 21 2024 20 69 81 29.32 17 5
05 21 2024 20 68 87 29.32 17 10
05 21 2024 20 68 87 29.32 17 10
05 21 2024 20 68 84 29.32 3 4
05 21 2024 21 66 93 29.33 6 0
05 22 2024 07 63 87 29.37 5 0
05 22 2024 08 69 73 29.37 7 0
05 22 2024 09 74 66 29.37 7 3
05 22 2024 10 77 62 29.35 9 0
05 22 2024 11 81 56 29.34 5 0
05 22 2024 12 83 49 29.32 0 2
05 22 2024 12 85 46 29.30 5 0
05 22 2024 13 85 43 29.29 0 0
05 22 2024 14 88 39 29.28 9 0
05 22 2024 15 88 36 29.26 9 0
05 22 2024 16 88 37 29.24 7 2
05 22 2024 17 87 37 29.22 9 0
05 22 2024 17 86 38 29.21 12 10
05 22 2024 18 80 56 29.22 6 10
05 22 2024 18 73 71 29.28 13 3
05 22 2024 19 70 78 29.28 8 10
05 22 2024 19 69 81 29.28 7 5
05 22 2024 20 69 84 29.28 5 0
05 22 2024 21 68 87 29.27 3 0
05 23 2024 07 64 96 29.32 6 3
05 23 2024 07 65 93 29.34 7 2
05 23 2024 08 65 90 29.34 10 3
05 23 2024 09 65 78 29.38 14 3
05 23 2024 09 65 78 29.38 12 3
05 23 2024 09 65 75 29.39 12 2
05 23 2024 10 65 75 29.40 12 0
05 23 2024 11 65 75 29.41 9 0
05 23 2024 12 68 65 29.39 7 0
05 23 2024 13 70 59 29.37 7 0
05 23 2024 14 74 52 29.36 6 3
05 23 2024 15 74 50 29.35 9 0
05 23 2024 16 76 37 29.34 8 2
05 23 2024 17 76 37 29.32 10 0
05 23 2024 18 75 41 29.31 12 0
05 23 2024 19 73 48 29.32 12 0
05 23 2024 20 68 55 29.33 9 0
05 23 2024 21 64 60 29.33 0 0
05 24 2024 07 52 93 29.33 0 0
05 24 2024 08 58 81 29.33 0 0
05 24 2024 09 63 67 29.31 0 0
05 24 2024 10 67 59 29.31 6 0
05 24 2024 11 72 51 29.30 13 0
05 24 2024 12 74 43 29.29 16 2
05 24 2024 13 76 40 29.28 21 2
05 24 2024 14 77 40 29.28 18 2
05 24 2024 14 76 38 29.28 20 3
05 24 2024 15 76 37 29.28 15 0
05 24 2024 16 76 36 29.29 18 0
05 24 2024 17 74 34 29.29 21 0
05 24 2024 18 72 35 29.30 16 0
05 24 2024 19 71 35 29.30 15 0
05 24 2024 20 66 45 29.31 12 0
05 24 2024 21 62 53 29.30 0 0
05 25 2024 07 51 89 29.37 3 0
05 25 2024 08 56 75 29.37 8 0
05 25 2024 09 61 67 29.37 7 0
05 25 2024 10 66 59 29.36 3 0
05 25 2024 11 69 45 29.35 3 0
05 25 2024 12 73 42 29.34 0 0
05 25 2024 13 75 40 29.32 0 0
05 25 2024 14 77 39 29.29 6 0
05 25 2024 15 78 39 29.29 3 0
05 25 2024 16 74 48 29.30 8 3
05 25 2024 17 66 70 29.35 12 5
05 25 2024 18 63 93 29.32 0 5
05 25 2024 19 63 93 29.31 6 4
05 25 2024 20 62 90 29.31 3 5
05 25 2024 21 61 97 29.32 0 3
05 26 2024 07 60 96 29.39 0 4
05 26 2024 08 62 93 29.41 0 4
05 26 2024 08 62 93 29.42 0 4
05 26 2024 09 63 90 29.42 0 4
05 26 2024 09 64 90 29.41 0 4
05 26 2024 09 64 90 29.42 0 4
05 26 2024 10 67 79 29.41 0 4
05 26 2024 10 67 81 29.42 0 4
05 26 2024 11 68 78 29.42 3 4
05 26 2024 11 68 76 29.42 3 3
05 26 2024 11 70 73 29.42 0 3
05 26 2024 12 70 71 29.43 0 3
05 26 2024 12 71 68 29.43 0 4
05 26 2024 12 71 70 29.42 5 2
05 26 2024 13 74 64 29.42 7 0
05 26 2024 14 75 57 29.39 6 0
05 26 2024 15 77 48 29.37 3 0
05 26 2024 16 78 46 29.37 0 0
05 26 2024 17 78 43 29.35 5 0
05 26 2024 18 78 43 29.34 6 0
05 26 2024 19 79 42 29.33 0 0
05 26 2024 20 73 57 29.33 3 0
05 26 2024 21 67 73 29.32 6 0
05 27 2024 07 66 87 29.23 8 4
05 27 2024 08 67 87 29.23 10 4
05 27 2024 09 69 81 29.21 15 4
05 27 2024 10 74 71 29.18 13 4
05 27 2024 11 76 64 29.15 18 3
05 27 2024 12 79 58 29.13 13 3
05 27 2024 13 78 58 29.11 21 3
05 27 2024 14 76 62 29.07 14 4
05 27 2024 15 73 76 29.08 10 10
05 27 2024 15 70 87 29.08 12 7
05 27 2024 15 68 93 29.07 9 7
05 27 2024 15 68 93 29.09 10 1
05 27 2024 15 68 93 29.08 7 10
05 27 2024 15 68 93 29.08 7 7
05 27 2024 16 68 96 29.07 7 5
05 27 2024 16 69 93 29.07 9 4
05 27 2024 17 71 90 29.05 9 2
05 27 2024 18 71 90 29.04 8 4
05 27 2024 19 71 90 29.03 6 4
05 27 2024 20 71 87 29.04 8 4
05 27 2024 21 70 87 29.05 5 0
05 28 2024 07 63 75 29.15 10 4
05 28 2024 08 64 75 29.15 6 3
05 28 2024 09 66 70 29.14 9 3
05 28 2024 09 67 70 29.14 13 3
05 28 2024 09 66 70 29.14 13 4
05 28 2024 10 66 68 29.14 14 4
05 28 2024 10 66 68 29.15 17 4
05 28 2024 10 64 78 29.15 13 4
05 28 2024 10 65 75 29.15 9 4
05 28 2024 10 64 80 29.16 20 5
05 28 2024 10 62 90 29.16 22 5
05 28 2024 10 61 93 29.17 15 6
05 28 2024 11 64 87 29.17 13 4
05 28 2024 11 64 87 29.17 9 4
05 28 2024 11 64 84 29.17 12 4
05 28 2024 12 65 81 29.18 13 3
05 28 2024 12 65 75 29.17 15 3
05 28 2024 13 64 78 29.18 14 6
05 28 2024 13 62 86 29.19 9 5
05 28 2024 14 65 78 29.18 10 4
05 28 2024 14 63 84 29.19 16 7
05 28 2024 14 61 90 29.20 9 7
05 28 2024 14 61 90 29.20 8 7
05 28 2024 14 62 90 29.20 8 4
05 28 2024 15 65 75 29.19 9 4
05 28 2024 16 67 66 29.20 12 4
05 28 2024 17 65 70 29.21 14 4
05 28 2024 18 66 63 29.23 15 4
05 28 2024 19 62 78 29.25 9 4
05 28 2024 20 61 78 29.27 9 4
05 28 2024 21 59 87 29.30 9 4
05 29 2024 07 56 93 29.39 6 3
05 29 2024 07 56 97 29.38 5 0
05 29 2024 08 58 87 29.39 3 2
05 29 2024 08 60 78 29.40 6 0
05 29 2024 09 60 78 29.41 7 3
05 29 2024 09 60 72 29.41 6 2
05 29 2024 10 62 65 29.41 5 0
05 29 2024 11 64 58 29.42 12 0
05 29 2024 12 64 50 29.42 8 0
05 29 2024 13 67 45 29.42 13 0
05 29 2024 14 68 40 29.41 10 0
05 29 2024 15 69 36 29.40 14 0
05 29 2024 16 68 39 29.38 12 0
05 29 2024 17 70 39 29.38 6 2
05 29 2024 18 67 44 29.40 7 0
05 29 2024 19 64 45 29.40 7 2
05 29 2024 20 63 48 29.43 7 3
05 29 2024 21 59 55 29.43 8 0
05 30 2024 07 44 85 29.51 0 0
05 30 2024 08 49 80 29.51 0 0
05 30 2024 09 55 62 29.52 8 0
05 30 2024 10 59 53 29.51 7 0
05 30 2024 11 63 45 29.51 13 0
05 30 2024 12 64 43 29.51 9 0
05 30 2024 13 66 43 29.50 13 0
05 30 2024 14 66 40 29.49 9 3
05 30 2024 15 67 39 29.49 14 0
05 30 2024 16 67 37 29.48 8 0
05 30 2024 17 67 36 29.50 10 2
05 30 2024 18 65 36 29.51 9 0
05 30 2024 19 65 36 29.51 10 0
05 30 2024 20 61 52 29.54 15 0
05 30 2024 21 54 69 29.56 7 0
05 31 2024 07 44 93 29.67 0 0
05 31 2024 08 49 86 29.68 0 0
05 31 2024 09 55 74 29.69 6 0
05 31 2024 10 59 69 29.68 7 0
05 31 2024 11 64 58 29.68 8 0
05 31 2024 12 67 45 29.66 8 0
05 31 2024 13 69 38 29.64 15 0
05 31 2024 14 70 30 29.63 13 0
05 31 2024 15 70 28 29.61 14 0
05 31 2024 16 71 28 29.59 20 0
05 31 2024 17 70 31 29.60 18 0
05 31 2024 18 68 33 29.59 13 0
05 31 2024 19 68 35 29.60 14 0
05 31 2024 20 65 43 29.61 12 0
05 31 2024 21 61 50 29.61 3 0
03 01 2025 07 41 76 28.87 10 5
03 01 2025 07 40 83 28.87 5 6
03 01 2025 07 39 86 28.88 3 5
03 01 2025 08 38 89 28.88 3 4
03 01 2025 09 36 82 28.92 16 5
03 01 2025 09 35 85 28.94 18 8
03 01 2025 09 35 82 28.94 16 8
03 01 2025 09 34 85 28.95 20 8
03 01 2025 09 33 89 28.95 15 8
03 01 2025 09 32 85 28.96 24 1
03 01 2025 10 31 92 28.96 18 1
03 01 2025 10 31 92 28.97 16 1
03 01 2025 10 30 85 28.98 16 8
03 01 2025 10 29 89 28.99 20 8
03 01 2025 11 29 85 28.99 21 8
03 01 2025 11 28 81 29.01 16 8
03 01 2025 11 29 78 29.02 18 8
03 01 2025 12 28 69 29.05 24 10
03 01 2025 12 26 69 29.07 25 8
03 01 2025 13 26 69 29.07 24 8
03 01 2025 13 26 60 29.08 23 10
03 01 2025 14 24 65 29.11 25 10
03 01 2025 15 24 62 29.15 21 8
03 01 2025 15 22 72 29.17 25 8
03 01 2025 15 22 78 29.17 22 8
03 01 2025 16 22 75 29.18 18 8
03 01 2025 16 21 74 29.19 23 8
03 01 2025 16 22 72 29.20 23 8
03 01 2025 16 21 74 29.20 23 8
03 01 2025 16 20 78 29.21 22 10
03 01 2025 17 19 81 29.23 23 10
03 01 2025 17 19 77 29.24 24 8
03 01 2025 17 19 77 29.24 23 8
03 01 2025 17 19 77 29.25 25 8
03 01 2025 17 19 81 29.25 22 9
03 01 2025 18 19 81 29.26 20 10
03 01 2025 18 19 81 29.27 18 8
03 01 2025 18 19 81 29.28 16 8
03 01 2025 18 19 81 29.29 14 8
03 01 2025 18 18 88 29.29 12 8
03 01 2025 19 18 86 29.31 16 8
03 01 2025 19 18 84 29.32 13 8
03 01 2025 19 18 84 29.32 12 8
03 01 2025 19 18 81 29.32 20 8
03 01 2025 19 17 81 29.33 16 8
03 01 2025 20 17 81 29.34 16 8
03 01 2025 20 17 84 29.34 10 8
03 01 2025 21 17 77 29.35 18 8
03 01 2025 21 16 77 29.36 20 10
03 02 2025 07 3 73 29.57 10 0
03 02 2025 08 3 69 29.61 10 2
03 02 2025 09 4 70 29.63 16 0
03 02 2025 10 7 64 29.65 15 2
03 02 2025 11 9 61 29.64 14 2
03 02 2025 12 11 59 29.64 14 2
03 02 2025 13 12 61 29.62 18 3
03 02 2025 14 14 59 29.61 15 4
03 02 2025 15 15 61 29.61 14 4
03 02 2025 16 15 61 29.61 21 10
03 02 2025 17 15 61 29.62 13 3
03 02 2025 18 15 68 29.62 8 4
03 02 2025 19 14 77 29.63 6 4
03 02 2025 19 14 80 29.63 6 8
03 02 2025 20 14 84 29.64 5 8
03 02 2025 20 14 84 29.64 5 8
03 02 2025 21 13 88 29.65 3 8
03 02 2025 21 12 88 29.65 0 4
03 03 2025 07 8 83 29.71 0 4
03 03 2025 08 7 84 29.72 0 0
03 03 2025 09 10 76 29.72 0 0
03 03 2025 10 16 71 29.72 0 2
03 03 2025 10 16 74 29.72 0 3
03 03 2025 10 17 74 29.72 0 2
03 03 2025 11 20 74 29.72 0 0
03 03 2025 12 24 62 29.71 5 0
03 03 2025 13 27 56 29.68 0 4
03 03 2025 14 26 55 29.67 3 3
03 03 2025 15 27 51 29.66 6 0
03 03 2025 16 28 49 29.65 8 4
03 03 2025 17 28 49 29.64 6 4
03 03 2025 18 27 56 29.65 0 2
03 03 2025 19 25 60 29.65 3 4
03 03 2025 20 24 60 29.63 5 0
03 03 2025 21 24 60 29.63 6 0
03 04 2025 07 24 71 29.55 5 4
03 04 2025 08 27 69 29.55 5 4
03 04 2025 09 31 61 29.56 6 4
03 04 2025 10 33 56 29.54 8 4
03 04 2025 11 35 57 29.52 7 4
03 04 2025 12 37 54 29.51 6 4
03 04 2025 13 39 55 29.48 9 4
03 04 2025 14 42 45 29.43 7 0
03 04 2025 15 42 47 29.42 8 0
03 04 2025 16 41 51 29.40 8 4
03 04 2025 17 42 49 29.38 7 3
03 04 2025 18 43 47 29.37 6 0
03 04 2025 19 42 49 29.39 7 0
03 04 2025 20 42 51 29.39 10 4
03 04 2025 21 43 47 29.37 7 4
03 05 2025 07 40 70 29.20 6 4
03 05 2025 08 37 79 29.18 5 4
03 05 2025 08 37 79 29.18 0 4
03 05 2025 08 39 76 29.17 5 4
03 05 2025 09 39 79 29.16 6 4
03 05 2025 09 41 76 29.16 7 4
03 05 2025 09 40 77 29.16 6 4
03 05 2025 10 42 79 29.12 7 4
03 05 2025 10 44 82 29.10 9 4
03 05 2025 11 43 86 29.08 9 5
03 05 2025 11 43 89 29.06 9 5
03 05 2025 12 43 87 29.04 8 6
03 05 2025 12 43 89 29.04 9 5
03 05 2025 13 45 93 29.00 13 4
03 05 2025 14 46 89 28.97 10 5
03 05 2025 14 43 93 28.97 10 5
03 05 2025 15 42 96 28.95 15 6
03 05 2025 16 45 93 28.88 23 5
03 05 2025 17 47 90 28.84 6 3
03 05 2025 18 47 86 28.79 18 3
03 05 2025 19 46 89 28.78 17 0
03 05 2025 20 47 86 28.74 16 4
03 05 2025 21 47 86 28.76 9 4
03 05 2025 21 46 89 28.76 12 4
03 06 2025 07 34 96 28.77 5 10
03 06 2025 07 35 96 28.77 3 10
03 06 2025 07 35 100 28.77 3 4
03 06 2025 08 37 96 28.78 0 4
03 06 2025 08 36 100 28.79 0 4
03 06 2025 09 37 96 28.79 0 4
03 06 2025 09 37 96 28.79 0 4
03 06 2025 10 37 89 28.81 6 4
03 06 2025 11 37 81 28.83 13 4
03 06 2025 11 37 82 28.83 10 4
03 06 2025 11 37 73 28.85 14 4
03 06 2025 12 37 67 28.85 10 4
03 06 2025 13 37 62 28.85 15 4
03 06 2025 14 36 62 28.86 24 10
03 06 2025 15 35 61 28.88 24 10
03 06 2025 16 32 64 28.90 17 4
03 06 2025 17 29 78 28.94 16 8
03 06 2025 17 29 82 28.95 15 8
03 06 2025 17 29 85 28.95 20 8
03 06 2025 17 28 85 28.95 20 8
03 06 2025 17 27 92 28.96 20 1
03 06 2025 18 27 89 28.97 18 1
03 06 2025 18 27 92 28.97 13 8
03 06 2025 18 27 89 28.98 14 8
03 06 2025 19 27 85 28.98 14 8
03 06 2025 19 27 81 28.97 14 8
03 06 2025 20 27 78 28.99 12 8
03 06 2025 20 27 81 28.98 16 8
03 06 2025 21 27 78 28.99 24 8
03 06 2025 21 28 75 28.99 24 8
03 06 2025 21 28 72 28.98 25 10
03 07 2025 07 28 69 29.11 16 4
03 07 2025 07 28 72 29.11 10 8
03 07 2025 08 28 75 29.11 10 8
03 07 2025 08 28 81 29.11 12 8
03 07 2025 08 28 85 29.11 13 8
03 07 2025 08 28 88 29.11 17 1
03 07 2025 08 28 88 29.10 15 8
03 07 2025 08 28 88 29.11 18 8
03 07 2025 09 28 85 29.11 20 8
03 07 2025 09 28 88 29.10 20 8
03 07 2025 09 29 85 29.10 18 8
03 07 2025 09 30 82 29.10 20 8
03 07 2025 10 30 82 29.10 20 3
03 07 2025 10 31 79 29.10 17 8
03 07 2025 10 30 79 29.09 20 8
03 07 2025 10 30 82 29.10 24 8
03 07 2025 10 30 79 29.09 16 8
03 07 2025 11 30 72 29.10 26 8
03 07 2025 11 29 82 29.10 18 10
03 07 2025 11 29 85 29.10 18 1
03 07 2025 11 30 79 29.10 22 8
03 07 2025 11 31 69 29.10 18 8
03 07 2025 12 32 64 29.10 29 8
03 07 2025 12 32 69 29.10 21 8
03 07 2025 12 33 66 29.10 22 10
03 07 2025 12 31 67 29.10 33 8
03 07 2025 12 32 59 29.10 25 8
03 07 2025 13 31 67 29.10 32 8
03 07 2025 13 30 75 29.10 20 10
03 07 2025 13 31 69 29.09 23 8
03 07 2025 13 32 64 29.09 23 8
03 07 2025 14 32 56 29.09 21 10
03 07 2025 15 33 52 29.10 25 10
03 07 2025 16 33 48 29.10 28 3
03 07 2025 17 31 52 29.10 20 4
03 07 2025 18 31 54 29.13 17 4
03 07 2025 19 31 59 29.14 12 4
03 07 2025 20 31 59 29.13 13 4
03 07 2025 21 31 57 29.14 13 3
03 08 2025 07 26 84 29.06 21 8
03 08 2025 07 26 84 29.07 20 8
03 08 2025 07 25 85 29.09 24 8
03 08 2025 07 25 85 29.10 21 8
03 08 2025 07 24 84 29.10 20 8
03 08 2025 08 25 78 29.11 18 8
03 08 2025 08 24 60 29.12 17 2
03 08 2025 09 25 59 29.14 29 10
03 08 2025 09 24 62 29.14 23 10
03 08 2025 09 24 65 29.14 28 10
03 08 2025 09 25 60 29.14 23 10
03 08 2025 10 26 55 29.15 25 10
03 08 2025 11 28 51 29.16 22 2
03 08 2025 12 29 51 29.17 24 3
03 08 2025 13 30 54 29.17 25 10
03 08 2025 14 31 57 29.18 24 3
03 08 2025 15 29 58 29.21 23 10
03 08 2025 16 29 61 29.23 20 4
03 08 2025 17 29 64 29.25 24 3
03 08 2025 18 29 64 29.27 22 10
03 08 2025 19 29 64 29.28 21 10
03 08 2025 20 30 66 29.30 15 4
03 08 2025 21 30 69 29.31 13 4
03 10 2025 07 29 85 29.23 0 0
03 10 2025 08 28 88 29.28 0 0
03 10 2025 09 29 92 29.31 3 0
03 10 2025 10 39 73 29.33 7 0
03 10 2025 11 43 62 29.34 9 0
03 10 2025 12 45 56 29.33 9 0
03 10 2025 13 46 51 29.33 9 0
03 10 2025 14 48 46 29.32 8 0
03 10 2025 15 49 44 29.30 8 0
03 10 2025 16 49 39 29.28 9 0
03 10 2025 17 49 41 29.28 6 10
03 10 2025 18 50 38 29.29 3 0
03 10 2025 19 48 39 29.29 0 0
03 10 2025 20 40 58 29.27 5 0
03 10 2025 21 36 67 29.27 0 0
03 11 2025 07 31 79 29.14 7 0
03 11 2025 08 40 63 29.13 9 0
03 11 2025 09 43 58 29.13 13 0
03 11 2025 10 46 54 29.10 8 0
03 11 2025 11 54 41 29.08 6 10
03 11 2025 12 58 36 29.06 9 0
03 11 2025 13 0 0 29.04 12 0
03 11 2025 14 0 0 29.02 13 0
03 11 2025 15 63 29 29.01 9 0
03 11 2025 16 55 47 29.02 22 0
03 11 2025 16 53 50 29.03 24 0
03 11 2025 17 53 45 29.10 21 0
03 11 2025 18 50 44 29.15 20 0
03 11 2025 19 47 41 29.21 17 0
03 11 2025 20 44 40 29.25 15 0
03 11 2025 21 40 58 29.29 12 0
03 12 2025 07 25 53 29.52 8 0
03 12 2025 08 24 55 29.53 0 0
03 12 2025 09 26 55 29.54 7 0
03 12 2025 10 28 56 29.57 6 0
03 12 2025 11 29 47 29.57 3 0
03 12 2025 12 31 46 29.55 3 0
03 12 2025 17 37 30 29.50 5 4
03 12 2025 18 36 33 29.50 6 4
03 12 2025 19 35 37 29.50 9 4
03 12 2025 20 34 46 29.51 0 4
03 12 2025 21 34 46 29.51 5 3
03 13 2025 07 32 61 29.48 6 4
03 13 2025 08 32 61 29.49 8 3
03 13 2025 09 34 61 29.51 8 2
03 13 2025 10 36 57 29.51 10 3
03 13 2025 11 39 53 29.51 10 0
03 13 2025 12 43 49 29.51 9 0
03 13 2025 13 46 44 29.50 9 0
03 13 2025 14 47 42 29.49 12 0
03 13 2025 15 49 41 29.47 9 0
03 13 2025 16 52 38 29.45 8 0
03 13 2025 17 51 36 29.45 6 0
03 13 2025 18 50 38 29.45 7 0
03 13 2025 19 47 41 29.46 7 0
03 13 2025 20 45 42 29.48 7 0
03 13 2025 21 43 45 29.48 7 0
03 14 2025 07 31 72 29.57 6 0
03 14 2025 08 31 72 29.59 6 0
03 14 2025 08 33 70 29.58 8 0
03 14 2025 09 36 64 29.59 6 0
03 14 2025 10 41 55 29.59 8 0
03 14 2025 11 46 47 29.58 6 0
03 14 2025 12 49 46 29.56 8 0
03 14 2025 13 52 45 29.53 8 0
03 14 2025 14 54 43 29.51 8 0
03 14 2025 15 57 40 29.50 9 0
03 14 2025 16 58 41 29.48 8 0
03 14 2025 17 59 41 29.45 7 0
03 14 2025 18 58 39 29.45 8 0
03 14 2025 19 54 45 29.45 8 0
03 14 2025 20 52 49 29.45 9 0
03 14 2025 21 49 54 29.45 7 0
03 15 2025 07 43 74 29.41 12 0
03 15 2025 08 43 74 29.42 12 0
03 15 2025 09 45 71 29.40 14 0
03 15 2025 10 49 61 29.40 9 0
03 15 2025 11 54 57 29.40 8 0
03 15 2025 12 57 53 29.39 12 0
03 15 2025 13 60 49 29.37 7 0
03 15 2025 14 64 46 29.36 15 0
03 15 2025 15 64 50 29.33 14 0
03 15 2025 16 66 47 29.32 10 3
03 15 2025 17 65 47 29.26 9 0
03 15 2025 18 63 48 29.25 10 0
03 15 2025 19 62 48 29.28 13 0
03 15 2025 20 59 53 29.30 12 0
03 15 2025 21 55 62 29.32 10 0
03 16 2025 07 55 77 29.24 8 3
03 16 2025 08 57 77 29.27 8 4
03 16 2025 09 58 75 29.25 10 4
03 16 2025 09 59 69 29.24 13 4
03 16 2025 10 58 72 29.24 14 0
03 16 2025 11 60 67 29.23 14 3
03 16 2025 12 62 67 29.20 16 4
03 16 2025 13 64 67 29.16 20 4
03 16 2025 14 64 67 29.12 17 4
03 16 2025 15 66 63 29.08 15 4
03 16 2025 16 68 59 29.04 22 10
03 16 2025 17 68 61 29.04 22 10
03 16 2025 18 68 61 29.04 17 10
03 16 2025 18 64 73 29.09 23 6
03 16 2025 18 61 82 29.10 28 7
03 16 2025 18 60 83 29.09 18 7
03 16 2025 18 59 87 29.09 14 7
03 16 2025 18 59 87 29.09 15 7
03 16 2025 18 59 87 29.08 12 7
03 16 2025 18 59 90 29.10 8 5
03 16 2025 18 60 86 29.12 8 6
03 16 2025 19 59 81 29.17 12 6
03 16 2025 20 56 72 29.20 7 6
03 16 2025 21 54 80 29.19 7 7
03 17 2025 07 39 89 29.36 13 4
03 17 2025 07 39 89 29.37 13 4
03 17 2025 08 38 86 29.39 13 4
03 17 2025 08 38 79 29.41 13 4
03 17 2025 09 37 79 29.43 13 4
03 17 2025 09 36 82 29.43 13 4
03 17 2025 10 36 82 29.45 12 4
03 17 2025 11 36 76 29.47 15 4
03 17 2025 12 36 76 29.48 15 4
03 17 2025 13 37 70 29.48 17 4
03 17 2025 14 35 76 29.50 15 4
03 17 2025 15 34 82 29.50 14 8
03 17 2025 16 36 70 29.51 18 4
03 17 2025 17 37 70 29.51 14 4
03 17 2025 17 36 76 29.51 13 4
03 17 2025 18 34 75 29.53 16 4
03 17 2025 19 33 78 29.55 10 4
03 17 2025 20 33 78 29.56 10 4
03 17 2025 21 32 79 29.57 10 4
03 17 2025 21 32 79 29.57 14 4
03 18 2025 07 22 92 29.65 0 0
03 18 2025 08 24 88 29.64 0 0
03 18 2025 09 28 88 29.62 7 0
03 18 2025 10 31 82 29.62 0 0
03 18 2025 11 35 59 29.61 0 0
03 18 2025 12 40 51 29.57 5 0
03 18 2025 13 45 44 29.51 13 0
03 18 2025 14 50 39 29.48 8 0
03 18 2025 15 53 35 29.48 8 0
03 18 2025 16 56 33 29.46 7 0
03 18 2025 17 57 32 29.43 8 0
03 18 2025 18 57 36 29.44 8 0
03 18 2025 19 53 41 29.45 6 0
03 18 2025 20 48 48 29.46 6 0
03 18 2025 21 44 53 29.47 5 0
03 19 2025 07 36 64 29.47 10 0
03 19 2025 08 37 65 29.46 9 0
03 19 2025 09 44 53 29.47 7 0
03 19 2025 10 51 43 29.47 10 0
03 19 2025 11 58 37 29.44 8 0
03 19 2025 12 62 32 29.41 10 0
03 19 2025 13 66 30 29.38 10 0
03 19 2025 14 72 25 29.31 13 0
03 19 2025 15 75 19 29.28 16 0
03 19 2025 16 76 19 29.25 17 0
03 19 2025 17 73 21 29.22 13 0
03 19 2025 18 72 21 29.20 10 0
03 19 2025 19 69 22 29.21 12 0
03 19 2025 20 67 24 29.22 9 0
03 19 2025 21 66 25 29.23 15 0
03 20 2025 07 51 36 29.14 13 0
03 20 2025 08 51 41 29.14 7 0
03 20 2025 09 53 43 29.12 7 0
03 20 2025 10 56 42 29.10 10 0
03 20 2025 11 59 41 29.08 7 0
03 20 2025 12 62 38 29.06 6 3
03 20 2025 13 64 37 29.02 7 3
03 20 2025 14 69 30 28.98 17 0
03 20 2025 15 69 30 28.96 18 0
03 20 2025 16 69 31 28.92 13 3
03 20 2025 17 67 32 28.89 20 3
03 20 2025 17 66 32 28.91 17 4
03 20 2025 18 58 49 28.96 16 4
03 20 2025 19 53 74 29.01 13 5
03 20 2025 20 50 89 29.03 22 5
03 20 2025 20 47 83 29.05 20 5
03 20 2025 20 46 83 29.05 16 5
03 20 2025 21 45 82 29.08 6 5
03 21 2025 07 31 64 29.24 22 10
03 21 2025 07 30 66 29.24 21 10
03 21 2025 08 30 69 29.27 20 4
03 21 2025 08 30 69 29.27 18 4
03 21 2025 08 30 66 29.27 18 4
03 21 2025 09 31 64 29.29 16 4
03 21 2025 10 32 52 29.29 23 0
03 21 2025 11 34 46 29.30 20 0
03 21 2025 12 35 44 29.30 23 0
03 21 2025 13 36 43 29.30 22 0
03 21 2025 14 37 41 29.30 23 0
03 21 2025 15 38 39 29.30 22 0
03 21 2025 16 39 43 29.29 17 0
03 21 2025 17 39 41 29.29 18 0
03 21 2025 18 39 34 29.30 13 0
03 21 2025 19 37 36 29.31 12 0
03 21 2025 20 35 34 29.31 3 0
03 21 2025 21 30 56 29.31 3 0
03 22 2025 07 32 61 29.14 8 0
03 22 2025 08 36 52 29.12 6 0
03 22 2025 09 41 45 29.11 10 0
03 22 2025 10 44 45 29.09 7 4
03 22 2025 11 48 37 29.07 7 0
03 22 2025 12 51 35 29.06 8 4
03 22 2025 13 46 66 29.06 13 5
03 22 2025 14 48 63 29.04 6 4
03 22 2025 15 48 61 29.04 0 5
03 22 2025 16 41 82 29.11 24 6
03 22 2025 16 35 92 29.16 20 8
03 22 2025 17 36 89 29.16 20 8
03 22 2025 17 36 89 29.17 17 10
03 22 2025 17 36 93 29.18 18 8
03 22 2025 17 35 92 29.18 18 8
03 22 2025 17 35 85 29.18 25 8
03 22 2025 17 36 82 29.19 23 10
03 22 2025 18 35 72 29.23 23 10
03 22 2025 19 34 64 29.27 26 10
03 22 2025 19 33 59 29.28 24 3
03 22 2025 20 31 59 29.34 18 3
03 22 2025 21 30 61 29.37 21 10
03 23 2025 07 17 62 29.63 9 0
03 23 2025 08 18 62 29.65 9 0
03 23 2025 09 20 52 29.66 7 0
03 23 2025 10 22 48 29.67 10 0
03 23 2025 11 25 41 29.67 6 0
03 23 2025 12 25 41 29.66 0 0
03 23 2025 13 30 35 29.67 0 0
03 23 2025 14 32 32 29.66 7 0
03 23 2025 15 33 34 29.62 0 0
03 23 2025 16 34 32 29.61 5 0
03 23 2025 17 35 31 29.61 3 0
03 23 2025 18 34 30 29.61 5 0
03 23 2025 19 33 34 29.59 0 0
03 23 2025 20 31 40 29.57 0 0
03 23 2025 21 31 46 29.56 6 0
03 24 2025 07 33 72 29.25 13 4
03 24 2025 07 33 70 29.26 10 4
03 24 2025 08 33 72 29.26 9 4
03 24 2025 09 35 76 29.24 9 4
03 24 2025 10 37 76 29.24 13 4
03 24 2025 11 41 76 29.23 9 4
03 24 2025 12 42 79 29.21 15 4
03 24 2025 13 41 82 29.19 12 4
03 24 2025 14 42 79 29.16 8 4
03 24 2025 15 47 71 29.09 10 3
03 24 2025 15 48 71 29.09 13 2
03 24 2025 16 49 66 29.05 16 0
03 24 2025 17 45 82 29.06 9 7
03 24 2025 17 45 82 29.07 7 5
03 24 2025 18 46 79 29.10 12 4
03 24 2025 18 44 85 29.12 16 4
03 24 2025 19 42 82 29.15 12 4
03 24 2025 19 42 76 29.16 10 4
03 24 2025 20 37 86 29.18 5 0
03 24 2025 21 35 89 29.21 3 0
03 25 2025 07 37 67 29.25 7 4
03 25 2025 08 37 65 29.27 8 4
03 25 2025 09 38 62 29.28 7 4
03 25 2025 10 37 65 29.29 13 4
03 25 2025 11 37 73 29.30 10 8
03 25 2025 11 38 70 29.30 9 4
03 25 2025 12 37 67 29.30 14 8
03 25 2025 13 39 57 29.31 14 4
03 25 2025 14 39 57 29.32 15 4
03 25 2025 15 40 53 29.32 14 4
03 25 2025 16 38 68 29.33 13 4
03 25 2025 17 38 70 29.35 9 4
03 25 2025 18 37 73 29.37 8 4
03 25 2025 19 37 70 29.41 10 4
03 25 2025 20 35 78 29.43 6 4
03 25 2025 21 33 82 29.46 0 0
03 26 2025 07 30 82 29.46 0 4
03 26 2025 08 30 85 29.48 0 4
03 26 2025 09 34 67 29.48 7 0
03 26 2025 10 34 70 29.49 14 4
03 26 2025 10 34 70 29.49 9 4
03 26 2025 11 36 64 29.50 10 3
03 26 2025 11 35 70 29.50 13 8
03 26 2025 12 35 64 29.50 12 8
03 26 2025 12 35 70 29.49 0 8
03 26 2025 13 34 79 29.50 14 8
03 26 2025 13 33 89 29.51 17 8
03 26 2025 13 34 89 29.50 14 1
03 26 2025 13 35 92 29.51 10 8
03 26 2025 13 34 89 29.51 14 8
03 26 2025 13 33 85 29.51 15 8
03 26 2025 13 33 89 29.51 13 1
03 26 2025 14 34 92 29.51 10 8
03 26 2025 14 35 85 29.51 10 10
03 26 2025 14 36 75 29.51 12 10
03 26 2025 14 35 76 29.51 15 10
03 26 2025 14 34 79 29.51 25 8
03 26 2025 14 30 92 29.51 15 8
03 26 2025 14 30 92 29.51 13 8
03 26 2025 14 30 92 29.51 8 8
03 26 2025 14 35 76 29.51 8 3
03 26 2025 15 35 76 29.51 14 8
03 26 2025 15 34 79 29.51 12 8
03 26 2025 16 37 62 29.51 14 4
03 26 2025 17 36 59 29.51 14 4
03 26 2025 18 35 50 29.53 16 4
03 26 2025 19 33 64 29.55 15 4
03 26 2025 20 31 67 29.57 12 8
03 26 2025 21 30 79 29.59 8 3
03 27 2025 07 22 82 29.66 3 0
03 27 2025 08 24 81 29.69 3 0
03 27 2025 09 29 75 29.69 8 0
03 27 2025 10 33 59 29.70 14 0
03 27 2025 11 36 50 29.71 10 0
03 27 2025 12 36 46 29.70 12 0
03 27 2025 13 39 45 29.69 10 3
03 27 2025 14 41 38 29.67 13 3
03 27 2025 15 42 34 29.65 14 0
03 27 2025 16 43 30 29.63 16 0
03 27 2025 17 42 31 29.62 10 0
03 27 2025 18 44 28 29.61 12 0
03 27 2025 19 42 32 29.60 5 0
03 27 2025 20 37 44 29.58 3 0
03 27 2025 21 36 46 29.58 5 3
03 28 2025 07 35 72 29.65 9 0
03 28 2025 08 36 70 29.66 10 0
03 28 2025 09 37 65 29.67 9 0
03 28 2025 10 40 51 29.67 7 0
03 28 2025 11 41 41 29.66 0 2
03 28 2025 12 44 37 29.65 9 2
03 28 2025 13 45 31 29.64 10 3
03 28 2025 14 46 28 29.61 9 4
03 28 2025 15 48 30 29.59 8 4
03 28 2025 16 47 34 29.56 6 4
03 28 2025 17 47 37 29.51 5 4
03 28 2025 18 46 42 29.50 7 4
03 28 2025 19 46 44 29.49 6 4
03 28 2025 20 45 49 29.47 8 4
03 28 2025 21 45 52 29.46 9 4
03 29 2025 07 41 93 29.35 6 4
03 29 2025 07 41 93 29.35 5 4
03 29 2025 08 41 93 29.36 3 4
03 29 2025 08 40 97 29.36 6 4
03 29 2025 09 40 93 29.39 5 4
03 29 2025 10 41 93 29.40 3 4
03 29 2025 11 42 92 29.44 0 5
03 29 2025 12 42 96 29.44 0 5
03 29 2025 12 42 96 29.44 3 5
03 29 2025 12 43 97 29.47 3 5
03 29 2025 13 43 93 29.49 9 5
03 29 2025 14 42 89 29.50 6 4
03 29 2025 14 42 89 29.50 6 4
03 29 2025 14 41 93 29.51 6 10
03 29 2025 15 40 93 29.51 3 10
03 29 2025 15 40 93 29.51 5 4
03 29 2025 15 40 93 29.51 3 4
03 29 2025 16 39 96 29.51 3 4
03 29 2025 17 39 96 29.53 6 4
03 29 2025 18 39 96 29.54 3 4
03 29 2025 19 39 96 29.54 5 5
03 29 2025 20 39 96 29.56 0 5
03 29 2025 21 39 96 29.55 6 5
03 29 2025 21 39 96 29.56 5 5
03 29 2025 21 39 96 29.56 5 5
03 30 2025 07 37 93 29.51 12 3
03 30 2025 07 37 93 29.51 9 3
03 30 2025 08 38 93 29.51 13 4
03 30 2025 09 40 89 29.51 12 4
03 30 2025 09 40 89 29.51 10 4
03 30 2025 10 43 81 29.51 14 4
03 30 2025 10 42 85 29.50 12 4
03 30 2025 11 45 86 29.49 14 3
03 30 2025 12 45 86 29.47 12 4
03 30 2025 13 46 83 29.46 10 4
03 30 2025 14 47 86 29.43 14 5
03 30 2025 15 47 86 29.41 13 4
03 30 2025 16 47 90 29.38 16 5
03 30 2025 17 47 90 29.36 14 4
03 30 2025 18 46 89 29.34 12 4
03 30 2025 19 46 86 29.32 13 4
03 30 2025 20 45 90 29.31 12 4
03 30 2025 21 46 86 29.29 10 4
03 31 2025 07 47 93 29.07 6 3
03 31 2025 08 52 86 29.07 7 4
03 31 2025 09 53 93 29.07 8 6
03 31 2025 10 54 93 29.05 10 5
03 31 2025 11 59 87 29.04 6 4
03 31 2025 12 61 82 29.03 13 4
03 31 2025 12 61 81 29.03 9 4
03 31 2025 13 64 75 29.01 0 3
03 31 2025 14 69 57 28.99 12 3
03 31 2025 15 60 72 29.02 24 3
03 31 2025 16 59 67 29.06 22 3
03 31 2025 16 57 69 29.06 18 3
03 31 2025 17 52 74 29.09 21 10
03 31 2025 17 51 71 29.10 23 10
03 31 2025 18 49 71 29.11 18 4
03 31 2025 18 47 71 29.12 18 4
03 31 2025 19 46 71 29.15 15 4
03 31 2025 19 45 71 29.15 18 4
03 31 2025 20 44 71 29.16 16 4
03 31 2025 21 43 68 29.16 12 4
04 01 2025 07 32 87 29.41 16 4
04 01 2025 07 32 85 29.42 17 4
04 01 2025 07 32 88 29.42 14 8
04 01 2025 07 31 92 29.43 13 8
04 01 2025 07 32 85 29.44 12 8
04 01 2025 08 32 79 29.45 17 4
04 01 2025 08 32 75 29.46 15 4
04 01 2025 08 32 69 29.47 22 10
04 01 2025 09 32 66 29.48 21 10
04 01 2025 10 32 61 29.50 21 10
04 01 2025 10 33 59 29.51 18 4
04 01 2025 11 35 54 29.52 15 4
04 01 2025 12 38 48 29.54 15 3
04 01 2025 13 39 43 29.56 23 2
04 01 2025 14 39 39 29.58 18 0
04 01 2025 15 40 33 29.59 17 0
04 01 2025 16 40 36 29.60 17 0
04 01 2025 17 39 39 29.63 17 0
04 01 2025 18 39 38 29.65 16 0
04 01 2025 19 37 37 29.68 15 0
04 01 2025 20 34 40 29.69 10 0
04 01 2025 21 32 48 29.73 10 0
04 02 2025 07 27 53 29.92 3 0
04 02 2025 08 29 51 29.91 6 0
04 02 2025 09 31 50 29.92 7 0
04 02 2025 10 32 48 29.92 14 4
04 02 2025 11 32 48 29.93 16 4
04 02 2025 12 35 42 29.88 15 0
04 02 2025 13 36 41 29.84 10 4
04 02 2025 14 37 37 29.86 10 3
04 02 2025 15 39 31 29.82 16 3
04 02 2025 15 39 32 29.81 16 3
04 02 2025 16 38 35 29.80 14 4
04 02 2025 16 37 44 29.76 14 6
04 02 2025 17 36 52 29.76 13 5
04 02 2025 18 34 73 29.71 13 6
04 02 2025 19 34 79 29.66 13 6
04 02 2025 20 34 89 29.66 10 6
04 02 2025 21 35 89 29.69 8 5
04 03 2025 07 43 93 29.43 14 6
04 03 2025 08 44 93 29.41 12 5
04 03 2025 09 46 93 29.38 12 3
04 03 2025 10 51 89 29.38 10 4
04 03 2025 10 52 89 29.36 12 3
04 03 2025 11 56 87 29.35 8 3
04 03 2025 12 60 78 29.35 7 4
04 03 2025 13 62 80 29.34 5 4
04 03 2025 14 65 73 29.33 12 4
04 03 2025 15 67 70 29.29 9 2
04 03 2025 16 70 63 29.27 9 3
04 03 2025 17 67 68 29.31 16 4
04 03 2025 18 66 42 29.33 16 4
04 03 2025 19 65 39 29.36 12 4
04 03 2025 20 64 35 29.37 15 4
04 03 2025 21 63 30 29.41 15 2
04 04 2025 07 42 60 29.65 8 0
04 04 2025 08 41 62 29.67 10 0
04 04 2025 09 42 62 29.71 17 0
04 04 2025 10 44 58 29.74 16 0
04 04 2025 11 45 56 29.75 13 0
04 04 2025 12 47 54 29.74 16 0
04 04 2025 13 49 48 29.75 12 0
04 04 2025 14 50 44 29.75 13 0
04 04 2025 15 51 43 29.77 16 0
04 04 2025 16 52 41 29.76 13 0
04 04 2025 17 52 40 29.77 12 0
04 04 2025 18 49 46 29.79 12 0
04 04 2025 19 48 48 29.80 12 0
04 04 2025 20 46 51 29.80 5 0
04 04 2025 21 43 58 29.82 5 0
04 06 2025 07 40 93 29.34 12 4
04 06 2025 07 40 93 29.37 14 4
04 06 2025 08 40 93 29.37 13 4
04 06 2025 09 40 89 29.36 8 4
04 06 2025 10 40 86 29.37 9 4
04 06 2025 10 41 82 29.37 13 4
04 06 2025 11 40 83 29.39 13 4
04 06 2025 12 38 79 29.40 15 4
04 06 2025 13 40 70 29.40 16 4
04 06 2025 14 40 70 29.41 17 4
04 06 2025 15 40 73 29.38 13 4
04 06 2025 15 40 70 29.39 14 4
04 06 2025 15 40 68 29.38 9 3
04 06 2025 16 41 65 29.38 10 4
04 06 2025 17 41 65 29.37 10 4
04 06 2025 17 42 62 29.37 13 3
04 06 2025 17 41 62 29.37 10 3
04 06 2025 18 41 62 29.39 12 4
04 06 2025 19 40 65 29.40 10 4
04 06 2025 20 39 65 29.42 9 4
04 06 2025 21 39 62 29.45 12 4
04 07 2025 07 35 70 29.36 0 4
04 07 2025 08 36 67 29.35 0 4
04 07 2025 09 36 67 29.35 3 0
04 07 2025 10 38 60 29.31 3 0
04 07 2025 11 40 51 29.28 0 0
04 07 2025 12 42 43 29.29 8 0
04 07 2025 13 44 43 29.24 9 0
04 07 2025 14 44 43 29.21 6 3
04 07 2025 15 46 50 29.19 10 3
04 07 2025 16 45 53 29.15 13 4
04 07 2025 17 45 56 29.12 8 4
04 07 2025 18 43 60 29.11 10 4
04 07 2025 19 42 65 29.13 10 4
04 07 2025 20 40 73 29.11 12 4
04 07 2025 21 38 79 29.12 9 0
04 08 2025 07 27 61 29.14 15 4
04 08 2025 08 27 69 29.15 15 8
04 08 2025 09 26 71 29.16 20 8
04 08 2025 09 26 71 29.17 15 8
04 08 2025 09 26 78 29.17 22 8
04 08 2025 10 26 78 29.18 16 8
04 08 2025 10 26 71 29.18 20 8
04 08 2025 10 26 71 29.18 22 8
04 08 2025 11 25 75 29.20 21 8
04 08 2025 11 25 80 29.20 21 8
04 08 2025 11 26 71 29.20 17 8
04 08 2025 11 26 71 29.20 24 8
04 08 2025 11 26 66 29.20 24 8
04 08 2025 12 27 63 29.20 18 4
04 08 2025 13 27 61 29.22 22 8
04 08 2025 13 26 69 29.23 21 8
04 08 2025 14 25 75 29.23 24 8
04 08 2025 14 25 75 29.24 24 8
04 08 2025 14 25 81 29.24 24 8
04 08 2025 14 24 75 29.24 21 8
04 08 2025 14 26 71 29.25 16 8
04 08 2025 14 26 69 29.25 25 8
04 08 2025 14 25 75 29.25 22 8
04 08 2025 15 25 78 29.26 22 8
04 08 2025 15 25 78 29.26 20 8
04 08 2025 15 26 71 29.27 21 8
04 08 2025 16 26 69 29.27 25 8
04 08 2025 16 25 72 29.27 23 8
04 08 2025 16 25 75 29.28 17 8
04 08 2025 16 24 84 29.28 15 8
04 08 2025 17 26 71 29.31 17 8
04 08 2025 17 27 69 29.32 17 8
04 08 2025 17 26 71 29.32 20 8
04 08 2025 17 26 71 29.33 17 8
04 08 2025 18 27 74 29.35 17 8
04 08 2025 18 26 78 29.35 15 8
04 08 2025 18 27 78 29.36 17 8
04 08 2025 19 27 75 29.38 20 4
04 08 2025 19 27 75 29.38 21 10
04 08 2025 19 27 78 29.39 15 8
04 08 2025 20 26 81 29.40 15 8
04 08 2025 20 26 78 29.41 20 8
04 08 2025 20 26 78 29.41 14 4
04 08 2025 21 26 66 29.45 18 4
04 09 2025 07 21 85 29.66 3 0
04 09 2025 08 24 77 29.68 0 2
04 09 2025 08 25 75 29.69 0 3
04 09 2025 09 25 75 29.69 0 3
04 09 2025 09 26 75 29.69 0 3
04 09 2025 09 27 75 29.70 0 3
04 09 2025 10 28 74 29.70 8 4
04 09 2025 10 28 78 29.71 12 4
04 09 2025 11 30 69 29.72 10 8
04 09 2025 12 30 66 29.72 13 8
04 09 2025 12 29 75 29.72 7 8
04 09 2025 12 30 75 29.73 10 8
04 09 2025 12 30 72 29.72 7 8
04 09 2025 12 30 82 29.72 5 8
04 09 2025 12 33 70 29.71 6 4
04 09 2025 13 31 82 29.72 10 8
04 09 2025 13 31 79 29.72 10 8
04 09 2025 14 35 67 29.70 9 3
04 09 2025 15 35 46 29.70 12 4
04 09 2025 16 36 46 29.68 13 4
04 09 2025 17 38 36 29.67 12 4
04 09 2025 18 37 41 29.69 10 4
04 09 2025 19 36 39 29.69 6 0
04 09 2025 20 31 52 29.70 0 0
04 09 2025 21 28 66 29.72 0 0
04 10 2025 07 24 77 29.78 6 0
04 10 2025 08 28 72 29.77 5 0
04 10 2025 09 31 64 29.77 7 2
04 10 2025 10 34 61 29.76 10 4
04 10 2025 11 39 43 29.74 10 4
04 10 2025 12 41 41 29.71 14 4
04 10 2025 13 41 43 29.70 12 4
04 10 2025 14 43 40 29.69 9 4
04 10 2025 15 45 40 29.67 10 4
04 10 2025 16 44 49 29.66 14 4
04 10 2025 17 42 73 29.65 14 5
04 10 2025 17 41 82 29.64 7 5
04 10 2025 18 42 82 29.64 8 5
04 10 2025 18 41 79 29.63 7 5
04 10 2025 19 41 82 29.63 8 5
04 10 2025 19 41 82 29.62 6 5
04 10 2025 20 40 86 29.63 8 5
04 10 2025 21 39 89 29.63 8 5
04 10 2025 21 39 89 29.64 8 5
04 11 2025 07 35 96 29.60 7 10
04 11 2025 08 35 92 29.60 8 10
04 11 2025 09 36 93 29.60 9 4
04 11 2025 09 36 93 29.61 9 4
04 11 2025 09 36 93 29.61 7 4
04 11 2025 10 37 89 29.60 7 4
04 11 2025 11 38 89 29.62 10 4
04 11 2025 12 40 83 29.60 9 4
04 11 2025 13 41 79 29.61 8 4
04 11 2025 13 41 82 29.61 8 4
04 11 2025 13 42 82 29.60 9 4
04 11 2025 14 42 79 29.60 7 4
04 11 2025 14 42 79 29.59 9 4
04 11 2025 15 44 76 29.58 12 4
04 11 2025 16 45 74 29.57 9 4
04 11 2025 17 45 74 29.57 7 4
04 11 2025 18 45 74 29.57 6 4
04 11 2025 19 45 74 29.56 5 4
04 11 2025 20 44 76 29.56 3 4
04 11 2025 21 44 73 29.57 7 4
04 12 2025 07 38 93 29.54 0 5
04 12 2025 08 38 97 29.56 6 5
04 12 2025 08 38 97 29.56 3 5
04 12 2025 09 39 93 29.55 0 5
04 12 2025 09 39 93 29.55 0 5
04 12 2025 10 40 89 29.55 0 3
04 12 2025 10 39 93 29.55 0 4
04 12 2025 10 40 89 29.55 0 5
04 12 2025 10 40 89 29.55 0 5
04 12 2025 10 40 89 29.55 6 5
04 12 2025 10 41 89 29.54 6 5
04 12 2025 11 42 89 29.54 7 5
04 12 2025 11 42 85 29.54 7 5
04 12 2025 12 43 82 29.54 5 5
04 12 2025 13 44 82 29.53 5 5
04 12 2025 14 44 79 29.52 3 4
04 12 2025 15 44 89 29.51 5 5
04 12 2025 15 43 89 29.51 7 5
04 12 2025 15 43 93 29.51 5 6
04 12 2025 15 43 89 29.51 5 5
04 12 2025 16 43 89 29.51 5 5
04 12 2025 16 43 89 29.50 3 5
04 12 2025 16 44 89 29.50 0 5
04 12 2025 16 44 89 29.50 5 5
04 12 2025 16 44 85 29.49 3 5
04 12 2025 17 44 85 29.49 3 5
04 12 2025 17 44 85 29.49 0 4
04 12 2025 18 44 82 29.49 3 5
04 12 2025 18 44 85 29.49 3 5
04 12 2025 19 45 87 29.49 3 5
04 12 2025 19 44 89 29.49 5 5
04 12 2025 20 43 93 29.49 0 5
04 12 2025 21 43 93 29.50 6 5
04 12 2025 21 43 93 29.50 5 5
04 13 2025 07 35 96 29.48 5 4
04 13 2025 07 35 96 29.49 5 4
04 13 2025 08 39 89 29.48 9 0
04 13 2025 09 41 86 29.48 10 3
04 13 2025 09 42 82 29.48 8 3
04 13 2025 10 43 82 29.48 6 4
04 13 2025 10 43 82 29.48 8 4
04 13 2025 10 43 82 29.48 6 4
04 13 2025 11 47 77 29.48 5 4
04 13 2025 12 52 57 29.46 9 4
04 13 2025 13 54 51 29.44 13 4
04 13 2025 14 56 44 29.43 16 4
04 13 2025 15 58 41 29.40 15 4
04 13 2025 16 59 36 29.39 16 0
04 13 2025 17 59 33 29.39 15 0
04 13 2025 18 58 35 29.38 14 0
04 13 2025 19 56 37 29.38 10 0
04 13 2025 20 50 57 29.40 15 0
04 13 2025 21 44 63 29.43 7 0
04 14 2025 07 30 92 29.39 0 0
04 14 2025 08 34 85 29.37 5 0
04 14 2025 09 41 73 29.35 6 0
04 14 2025 10 49 54 29.35 3 0
04 14 2025 11 52 47 29.31 6 0
04 14 2025 12 56 42 29.29 3 0
04 14 2025 12 58 36 29.27 6 3
04 14 2025 13 58 37 29.25 7 4
04 14 2025 14 62 34 29.22 7 4
04 14 2025 15 63 29 29.18 7 2
04 14 2025 16 65 29 29.15 3 0
04 14 2025 17 64 33 29.13 8 4
04 14 2025 18 64 33 29.11 9 3
04 14 2025 19 63 35 29.11 7 4
04 14 2025 20 60 44 29.09 8 3
04 14 2025 21 59 42 29.06 7 0
04 15 2025 07 44 76 28.97 3 0
04 15 2025 08 52 61 28.97 0 0
04 15 2025 09 56 47 28.95 8 3
04 15 2025 10 56 45 28.94 12 4
04 15 2025 11 57 40 28.93 15 4
04 15 2025 12 55 42 28.93 12 4
04 15 2025 13 58 30 28.90 17 0
04 15 2025 14 55 38 28.93 24 3
04 15 2025 15 52 49 28.92 9 3
04 15 2025 16 49 69 28.92 15 5
04 15 2025 16 48 71 28.94 17 5
04 15 2025 16 49 64 28.93 13 4
04 15 2025 17 50 57 28.93 17 5
04 15 2025 18 47 56 28.95 18 4
04 15 2025 19 46 56 28.96 16 5
04 15 2025 20 44 53 28.98 22 10
04 15 2025 21 40 68 29.02 23 10
04 16 2025 07 34 79 29.12 16 8
04 16 2025 08 33 82 29.15 14 8
04 16 2025 08 33 82 29.16 17 8
04 16 2025 09 33 82 29.16 16 8
04 16 2025 10 34 79 29.17 17 8
04 16 2025 11 35 76 29.20 14 8
04 16 2025 11 35 76 29.20 15 4
04 16 2025 11 35 72 29.21 18 8
04 16 2025 12 35 72 29.22 20 4
04 16 2025 13 36 64 29.23 24 10
04 16 2025 14 36 70 29.24 18 4
04 16 2025 15 36 70 29.25 21 10
04 16 2025 16 37 65 29.26 24 10
04 16 2025 17 38 62 29.28 29 10
04 16 2025 17 37 65 29.29 23 10
04 16 2025 17 38 65 29.30 21 10
04 16 2025 18 37 70 29.31 21 10
04 16 2025 19 37 73 29.34 16 4
04 16 2025 20 37 76 29.37 10 4
04 16 2025 21 37 73 29.39 10 4
04 16 2025 21 37 73 29.39 10 4
04 17 2025 07 30 79 29.57 0 0
04 17 2025 08 35 72 29.59 7 0
04 17 2025 09 39 70 29.60 12 0
04 17 2025 10 43 51 29.61 15 2
04 17 2025 11 45 42 29.60 21 0
04 17 2025 12 47 33 29.61 20 0
04 17 2025 13 49 29 29.61 17 0
04 17 2025 14 50 27 29.62 22 0
04 17 2025 15 51 28 29.62 15 0
04 17 2025 16 51 28 29.62 18 0
04 17 2025 17 51 26 29.62 14 0
04 17 2025 18 50 25 29.62 15 0
04 17 2025 19 49 22 29.62 12 0
04 17 2025 20 43 30 29.63 5 0
04 17 2025 21 39 38 29.64 0 0
04 18 2025 07 30 69 29.66 8 0
04 18 2025 08 37 57 29.65 6 0
04 18 2025 09 45 42 29.62 10 0
04 18 2025 10 53 34 29.58 10 3
04 18 2025 11 58 31 29.54 12 0
04 18 2025 12 64 27 29.51 12 2
04 18 2025 13 67 24 29.47 12 4
04 18 2025 14 70 23 29.42 13 4
04 18 2025 15 69 23 29.41 13 4
04 18 2025 16 68 26 29.38 12 4
04 18 2025 17 68 28 29.36 8 4
04 18 2025 18 71 27 29.32 9 3
04 18 2025 19 69 31 29.34 6 4
04 18 2025 20 69 33 29.35 3 4
04 18 2025 21 66 38 29.38 3 4
04 19 2025 07 63 54 29.31 7 4
04 19 2025 08 64 54 29.31 7 4
04 19 2025 09 64 56 29.30 7 5
04 19 2025 10 63 63 29.33 6 5
04 19 2025 10 63 65 29.35 3 10
04 19 2025 10 59 83 29.36 8 7
04 19 2025 10 59 83 29.36 3 7
04 19 2025 10 58 93 29.34 3 6
04 19 2025 11 59 93 29.33 5 5
04 19 2025 11 59 93 29.34 5 5
04 19 2025 12 60 90 29.34 3 4
04 19 2025 12 60 93 29.34 5 4
04 19 2025 13 65 87 29.33 6 3
04 19 2025 14 66 87 29.31 0 4
04 19 2025 15 69 78 29.30 8 2
04 19 2025 16 72 73 29.29 8 3
04 19 2025 17 71 73 29.28 7 3
04 19 2025 18 66 84 29.32 17 6
04 19 2025 19 63 84 29.36 17 4
04 19 2025 20 62 84 29.41 12 4
04 19 2025 21 60 83 29.44 16 4
04 20 2025 07 42 79 29.74 13 4
04 20 2025 07 43 76 29.76 14 3
04 20 2025 08 42 79 29.79 10 4
04 20 2025 09 43 76 29.81 13 4
04 20 2025 09 43 71 29.82 15 4
04 20 2025 09 45 65 29.82 15 4
04 20 2025 10 44 63 29.83 15 4
04 20 2025 11 45 56 29.85 16 3
04 20 2025 12 47 54 29.85 12 3
04 20 2025 13 49 48 29.85 10 0
04 20 2025 14 51 44 29.85 9 0
04 20 2025 15 52 43 29.84 12 0
04 20 2025 16 54 43 29.83 13 0
04 20 2025 17 53 41 29.83 15 0
04 20 2025 18 51 41 29.83 13 0
04 20 2025 19 49 44 29.84 10 0
04 20 2025 20 45 53 29.84 6 0
04 20 2025 21 43 58 29.84 0 0
04 21 2025 07 37 65 29.73 8 0
04 21 2025 08 41 57 29.73 10 0
04 21 2025 09 45 46 29.71 12 0
04 21 2025 10 50 35 29.69 18 0
04 21 2025 11 49 38 29.63 13 4
04 21 2025 12 50 38 29.62 13 10
04 21 2025 12 48 54 29.64 8 10
04 21 2025 12 46 68 29.63 6 5
04 21 2025 13 47 68 29.59 12 3
04 21 2025 14 51 59 29.55 14 3
04 21 2025 15 54 53 29.50 14 4
04 21 2025 16 56 47 29.45 15 0
04 21 2025 17 57 47 29.43 14 3
04 21 2025 18 57 47 29.41 10 0
04 21 2025 19 57 49 29.39 10 3
04 21 2025 20 53 71 29.40 7 5
04 21 2025 21 51 83 29.40 12 3
04 22 2025 07 50 83 29.42 5 4
04 22 2025 08 50 77 29.44 5 4
04 22 2025 09 52 71 29.46 6 4
04 22 2025 10 50 68 29.48 15 4
04 22 2025 11 51 61 29.48 13 4
04 22 2025 12 53 57 29.48 13 4
04 22 2025 13 54 55 29.48 12 4
04 22 2025 14 59 46 29.47 17 3
04 22 2025 15 60 44 29.48 16 0
04 22 2025 16 61 42 29.48 18 0
04 22 2025 17 60 44 29.49 18 0
04 22 2025 18 56 47 29.51 16 0
04 22 2025 19 54 51 29.52 14 0
04 22 2025 20 49 59 29.55 9 0
04 22 2025 21 47 61 29.57 6 0
04 23 2025 07 32 92 29.71 0 0
04 23 2025 08 38 83 29.73 0 0
04 23 2025 09 44 71 29.73 3 0
04 23 2025 10 49 59 29.73 5 0
04 23 2025 11 52 49 29.73 8 0
04 23 2025 12 56 40 29.71 9 0
04 23 2025 13 59 38 29.71 7 0
04 23 2025 14 61 36 29.70 6 0
04 23 2025 15 62 34 29.69 6 0
04 23 2025 16 65 32 29.68 8 0
04 23 2025 17 65 34 29.68 9 0
04 23 2025 18 65 34 29.68 8 0
04 23 2025 19 61 39 29.69 12 0
04 23 2025 20 56 45 29.70 8 0
04 23 2025 21 54 45 29.71 5 0
04 24 2025 07 47 66 29.72 8 4
04 24 2025 08 51 59 29.74 7 3
04 24 2025 09 56 51 29.73 8 0
04 24 2025 10 60 46 29.71 10 0
04 24 2025 11 66 42 29.69 8 0
04 24 2025 12 69 39 29.66 3 4
04 24 2025 13 72 38 29.64 3 2
04 24 2025 14 75 36 29.63 12 2
04 24 2025 15 77 34 29.61 12 0
04 24 2025 16 75 37 29.60 12 4
04 24 2025 17 73 42 29.61 13 0
04 24 2025 18 71 45 29.63 9 0
04 24 2025 19 69 49 29.62 3 0
04 24 2025 20 66 54 29.62 3 2
04 24 2025 21 58 72 29.64 3 0
04 25 2025 07 49 90 29.62 0 0
04 25 2025 08 53 83 29.62 3 0
04 25 2025 09 56 80 29.62 0 4
04 25 2025 10 62 67 29.62 5 3
04 25 2025 11 66 56 29.60 8 2
04 25 2025 11 66 54 29.60 9 3
04 25 2025 12 70 47 29.57 5 0
04 25 2025 13 71 45 29.55 0 2
04 25 2025 14 76 37 29.52 5 0
04 25 2025 15 76 38 29.50 7 0
04 25 2025 16 76 38 29.47 12 2
04 25 2025 17 64 72 29.51 18 5
04 25 2025 17 61 87 29.50 14 5
04 25 2025 18 61 87 29.51 6 0
04 25 2025 19 62 86 29.50 3 0
04 25 2025 20 60 90 29.49 7 0
04 25 2025 21 59 90 29.47 6 4
04 26 2025 07 57 94 29.19 5 6
04 26 2025 07 58 97 29.18 5 5
04 26 2025 07 57 96 29.19 5 7
04 26 2025 08 57 100 29.19 0 5
04 26 2025 08 58 97 29.19 0 5
04 26 2025 08 58 97 29.19 0 5
04 26 2025 09 59 96 29.19 0 4
04 26 2025 10 60 93 29.18 3 4
04 26 2025 11 62 93 29.18 8 5
04 26 2025 12 63 90 29.17 6 4
04 26 2025 13 63 90 29.16 7 4
04 26 2025 13 63 90 29.16 9 5
04 26 2025 13 63 90 29.17 13 5
04 26 2025 13 60 90 29.18 20 6
04 26 2025 14 58 97 29.19 20 6
04 26 2025 14 57 93 29.21 22 6
04 26 2025 14 55 96 29.22 20 6
04 26 2025 14 55 89 29.22 22 6
04 26 2025 14 54 90 29.23 23 5
04 26 2025 14 54 90 29.24 23 5
04 26 2025 15 52 89 29.25 21 5
04 26 2025 15 51 92 29.25 16 5
04 26 2025 15 50 87 29.26 16 5
04 26 2025 15 50 89 29.26 18 4
04 26 2025 15 48 86 29.28 20 4
04 26 2025 16 48 83 29.28 18 4
04 26 2025 17 48 80 29.29 13 4
04 26 2025 18 49 74 29.30 23 10
04 26 2025 18 47 71 29.32 20 4
04 26 2025 19 47 71 29.33 17 4
04 26 2025 20 46 68 29.34 21 10
04 26 2025 21 45 63 29.36 18 4
04 27 2025 07 40 89 29.39 13 4
04 27 2025 08 41 86 29.42 15 4
04 27 2025 09 42 82 29.43 16 4
04 27 2025 09 42 85 29.43 16 4
04 27 2025 10 43 89 29.47 12 5
04 27 2025 10 42 89 29.47 14 5
04 27 2025 10 43 86 29.46 14 5
04 27 2025 11 45 82 29.48 15 5
04 27 2025 12 45 82 29.51 17 5
04 27 2025 13 45 80 29.52 16 4
04 27 2025 14 46 76 29.55 17 4
04 27 2025 14 47 74 29.55 13 4
04 27 2025 15 50 71 29.55 12 4
04 27 2025 16 55 59 29.53 7 2
04 27 2025 17 61 41 29.53 15 2
04 27 2025 18 61 36 29.54 17 0
04 27 2025 19 59 35 29.56 17 0
04 27 2025 20 55 38 29.59 12 0
04 27 2025 21 48 50 29.62 7 0
04 28 2025 07 32 92 29.79 0 0
04 28 2025 08 39 82 29.81 0 0
04 28 2025 09 46 66 29.82 0 0
04 28 2025 10 51 56 29.82 3 0
04 28 2025 11 55 51 29.81 0 0
04 28 2025 12 61 42 29.80 6 0
04 28 2025 13 64 31 29.78 0 0
04 28 2025 14 66 27 29.74 3 0
04 28 2025 15 68 24 29.71 0 0
04 28 2025 16 69 20 29.68 0 0
04 28 2025 17 70 23 29.67 0 0
04 28 2025 18 70 26 29.65 3 0
04 28 2025 19 70 27 29.63 0 0
04 28 2025 20 63 40 29.63 0 0
04 28 2025 21 55 59 29.64 0 0
04 29 2025 07 54 47 29.53 9 0
04 29 2025 08 58 46 29.51 9 0
04 29 2025 09 65 39 29.48 8 0
04 29 2025 10 70 35 29.45 7 0
04 29 2025 11 74 32 29.42 10 0
04 29 2025 12 77 34 29.37 10 0
04 29 2025 13 81 34 29.34 9 0
04 29 2025 14 84 35 29.30 12 0
04 29 2025 15 84 34 29.26 15 3
04 29 2025 16 83 37 29.21 8 3
04 29 2025 17 86 35 29.15 14 3
04 29 2025 18 82 41 29.15 17 10
04 29 2025 18 79 48 29.24 38 5
04 29 2025 18 74 64 29.23 48 5
04 29 2025 18 64 96 29.23 22 10
04 29 2025 18 65 97 29.23 16 10
04 29 2025 18 66 93 29.22 10 10
04 29 2025 18 66 93 29.21 3 5
04 29 2025 19 66 93 29.22 9 5
04 29 2025 19 66 93 29.21 5 7
04 29 2025 19 67 90 29.22 9 10
04 29 2025 20 67 90 29.20 12 10
04 29 2025 20 67 90 29.20 12 5
04 29 2025 20 68 87 29.21 8 3
04 29 2025 21 68 73 29.21 3 3
04 30 2025 07 44 76 29.52 10 4
04 30 2025 08 44 73 29.54 13 4
04 30 2025 09 45 68 29.58 13 4
04 30 2025 10 45 68 29.59 14 4
04 30 2025 11 46 66 29.60 13 4
04 30 2025 11 47 63 29.60 12 4
04 30 2025 12 50 59 29.59 14 2
04 30 2025 13 50 59 29.59 16 0
04 30 2025 14 52 53 29.59 12 0
04 30 2025 15 54 47 29.60 16 0
04 30 2025 16 55 37 29.59 14 0
04 30 2025 17 54 37 29.60 14 0
04 30 2025 18 53 35 29.60 15 0
04 30 2025 19 51 39 29.61 12 0
04 30 2025 20 46 47 29.61 6 0
04 30 2025 21 43 53 29.63 5 0
05 01 2025 07 42 67 29.61 7 2
05 01 2025 08 45 63 29.62 6 0
05 01 2025 09 49 56 29.62 5 3
05 01 2025 10 55 47 29.61 8 0
05 01 2025 11 60 38 29.59 8 2
05 01 2025 12 63 33 29.56 10 3
05 01 2025 13 67 32 29.51 10 3
05 01 2025 14 70 31 29.48 8 3
05 01 2025 15 73 30 29.44 13 0
05 01 2025 16 71 34 29.41 12 0
05 01 2025 17 71 32 29.37 10 3
05 01 2025 18 72 33 29.34 13 0
05 01 2025 19 70 35 29.31 15 3
05 01 2025 20 68 35 29.30 13 3
05 01 2025 21 60 64 29.31 10 5
05 02 2025 07 55 96 29.25 5 4
05 02 2025 08 58 93 29.25 5 2
05 02 2025 09 62 86 29.25 6 3
05 02 2025 10 64 84 29.26 5 4
05 02 2025 11 68 76 29.25 0 4
05 02 2025 12 71 66 29.25 8 0
05 02 2025 13 72 57 29.23 10 4
05 02 2025 14 74 53 29.22 13 4
05 02 2025 15 73 55 29.24 13 4
05 02 2025 16 72 66 29.25 8 3
05 02 2025 16 75 55 29.25 14 10
05 02 2025 17 75 53 29.24 13 0
05 02 2025 18 71 66 29.26 10 3
05 02 2025 19 70 65 29.27 7 0
05 02 2025 20 65 75 29.28 5 0
05 02 2025 21 62 86 29.30 3 5
05 03 2025 07 54 86 29.38 7 4
05 03 2025 08 53 89 29.38 5 5
05 03 2025 09 53 86 29.38 6 5
05 03 2025 09 52 89 29.38 6 5
05 03 2025 10 52 93 29.38 3 5
05 03 2025 11 52 93 29.39 6 5
05 03 2025 12 51 92 29.40 9 5
05 03 2025 13 52 93 29.39 0 5
05 03 2025 13 53 93 29.38 5 5
05 03 2025 14 53 93 29.38 5 4
05 03 2025 14 54 93 29.38 5 4
05 03 2025 15 54 93 29.38 9 4
05 03 2025 16 55 93 29.36 7 4
05 03 2025 17 56 90 29.37 10 4
05 03 2025 17 55 89 29.37 9 4
05 03 2025 17 55 89 29.39 6 4
05 03 2025 18 56 87 29.38 6 4
05 03 2025 19 55 93 29.38 7 4
05 03 2025 20 53 93 29.39 7 4
05 03 2025 21 52 93 29.40 6 4
05 03 2025 21 52 93 29.39 0 4
05 04 2025 07 51 96 29.40 0 4
05 04 2025 07 51 96 29.41 0 4
05 04 2025 07 52 93 29.41 0 4
05 04 2025 08 52 97 29.41 0 5
05 04 2025 09 53 93 29.43 0 4
05 04 2025 09 53 93 29.43 0 4
05 04 2025 10 54 93 29.43 0 5
05 04 2025 11 56 90 29.43 0 5
05 04 2025 11 57 89 29.43 3 5
05 04 2025 11 56 93 29.43 0 5
05 04 2025 11 58 90 29.42 3 5
05 04 2025 12 59 87 29.42 3 5
05 04 2025 12 59 90 29.42 5 4
05 04 2025 13 59 87 29.43 6 4
05 04 2025 13 59 90 29.43 0 4
05 04 2025 14 59 90 29.43 0 4
05 04 2025 15 59 87 29.42 6 4
05 04 2025 15 59 87 29.43 5 4
05 04 2025 16 60 90 29.42 3 5
05 04 2025 17 60 93 29.42 3 5
05 04 2025 17 60 93 29.43 3 5
05 04 2025 18 60 93 29.43 0 5
05 04 2025 18 60 93 29.43 0 5
05 04 2025 19 59 96 29.44 5 5
05 04 2025 19 59 96 29.44 5 5
05 04 2025 19 59 96 29.44 3 5
05 04 2025 20 58 97 29.45 0 5
05 04 2025 21 58 97 29.46 0 5
05 04 2025 21 58 97 29.46 0 5
05 04 2025 21 58 97 29.47 3 5
05 05 2025 07 57 96 29.54 5 4
05 05 2025 08 59 93 29.56 5 4
05 05 2025 09 59 93 29.58 3 4
05 05 2025 10 63 84 29.59 12 4
05 05 2025 11 63 81 29.60 15 4
05 05 2025 12 64 78 29.61 12 4
05 05 2025 13 65 75 29.60 12 4
05 05 2025 14 64 78 29.60 12 4
05 05 2025 15 63 81 29.60 16 5
05 05 2025 16 63 81 29.58 17 5
05 05 2025 17 61 87 29.58 14 5
05 05 2025 17 61 87 29.58 9 5
05 05 2025 18 60 86 29.58 15 6
05 05 2025 19 60 86 29.57 16 5
05 05 2025 20 59 90 29.57 13 5
05 05 2025 20 59 87 29.57 13 4
05 05 2025 21 59 87 29.58 13 4
05 06 2025 07 58 87 29.52 14 2
05 06 2025 07 59 83 29.52 13 3
05 06 2025 07 59 83 29.52 13 3
05 06 2025 08 60 83 29.53 12 3
05 06 2025 09 62 78 29.52 13 3
05 06 2025 10 62 80 29.51 14 4
05 06 2025 11 63 81 29.52 13 5
05 06 2025 12 64 84 29.50 14 4
05 06 2025 12 63 90 29.49 7 5
05 06 2025 13 65 87 29.47 5 5
05 06 2025 13 66 84 29.46 8 4
05 06 2025 13 66 81 29.45 7 3
05 06 2025 14 66 84 29.44 12 6
05 06 2025 14 64 90 29.44 7 6
05 06 2025 14 64 93 29.43 6 5
05 06 2025 15 64 93 29.41 8 6
05 06 2025 15 64 90 29.40 6 5
05 06 2025 16 63 97 29.38 0 6
05 06 2025 17 63 100 29.35 8 6
05 06 2025 17 63 97 29.35 9 5
05 06 2025 18 60 93 29.35 13 5
05 06 2025 18 60 93 29.34 3 10
05 06 2025 18 60 93 29.36 13 10
05 06 2025 19 59 96 29.33 6 7
05 06 2025 19 59 96 29.33 7 6
05 06 2025 19 59 94 29.35 7 10
05 06 2025 19 59 96 29.35 5 10
05 06 2025 19 59 96 29.35 5 10
05 06 2025 19 59 96 29.35 10 5
05 06 2025 20 59 93 29.34 5 10
05 06 2025 20 59 93 29.34 3 10
05 06 2025 20 58 97 29.34 5 5
05 06 2025 20 58 97 29.35 7 6
05 06 2025 21 58 97 29.35 9 5
05 06 2025 21 58 97 29.36 7 5
05 06 2025 21 58 97 29.36 0 6
05 06 2025 21 58 97 29.34 0 5
05 07 2025 07 53 93 29.36 7 5
05 07 2025 08 53 96 29.36 6 5
05 07 2025 08 54 93 29.35 6 5
05 07 2025 08 54 93 29.35 7 5
05 07 2025 09 54 97 29.35 8 5
05 07 2025 09 54 97 29.35 8 5
05 07 2025 10 55 93 29.36 10 5
05 07 2025 11 56 93 29.37 12 5
05 07 2025 12 56 90 29.38 15 4
05 07 2025 12 55 94 29.39 12 4
05 07 2025 12 55 93 29.38 13 10
05 07 2025 13 56 93 29.40 13 4
05 07 2025 14 57 89 29.41 10 4
05 07 2025 15 57 89 29.42 12 4
05 07 2025 16 57 89 29.42 9 10
05 07 2025 16 57 93 29.42 6 5
05 07 2025 17 57 93 29.42 6 5
05 07 2025 17 57 93 29.43 5 4
05 07 2025 17 57 93 29.43 7 4
05 07 2025 18 57 89 29.43 12 4
05 07 2025 19 56 93 29.44 6 5
05 07 2025 19 56 93 29.44 7 5
05 07 2025 19 55 96 29.44 7 5
05 07 2025 20 55 96 29.44 6 4
05 07 2025 21 55 93 29.44 3 4
05 07 2025 21 55 96 29.45 5 4
05 07 2025 21 55 96 29.45 5 4
05 07 2025 21 55 96 29.45 3 4
05 08 2025 07 49 93 29.51 6 4
05 08 2025 08 49 93 29.52 7 4
05 08 2025 08 49 93 29.53 7 4
05 08 2025 08 49 90 29.54 8 4
05 08 2025 09 48 93 29.56 7 4
05 08 2025 09 49 90 29.56 8 4
05 08 2025 10 50 83 29.58 6 4
05 08 2025 10 50 83 29.58 3 4
05 08 2025 11 51 83 29.58 6 4
05 08 2025 12 53 80 29.58 7 4
05 08 2025 13 53 83 29.57 12 4
05 08 2025 13 52 86 29.57 12 4
05 08 2025 14 54 80 29.57 10 4
05 08 2025 14 54 80 29.56 7 4
05 08 2025 15 54 77 29.57 10 4
05 08 2025 16 54 75 29.56 14 4
05 08 2025 17 51 74 29.56 8 4
05 08 2025 18 51 74 29.58 10 4
05 08 2025 18 50 77 29.57 8 4
05 08 2025 19 49 77 29.57 7 4
05 08 2025 20 48 80 29.57 7 3
05 08 2025 21 47 83 29.59 7 3
05 09 2025 07 46 89 29.53 5 5
05 09 2025 07 45 93 29.53 5 5
05 09 2025 07 45 93 29.52 3 5
05 09 2025 07 45 97 29.52 3 5
05 09 2025 07 45 97 29.52 5 5
05 09 2025 08 46 93 29.52 3 5
05 09 2025 08 46 93 29.52 3 5
05 09 2025 09 47 90 29.52 5 5
05 09 2025 10 46 93 29.51 7 6
05 09 2025 10 47 90 29.51 5 6
05 09 2025 11 47 93 29.51 6 6
05 09 2025 12 47 93 29.51 6 6
05 09 2025 13 49 90 29.50 3 6
05 09 2025 13 49 90 29.49 5 6
05 09 2025 13 49 90 29.49 6 6
05 09 2025 13 49 90 29.48 6 6
05 09 2025 14 49 90 29.48 9 5
05 09 2025 15 50 89 29.47 8 5
05 09 2025 15 50 89 29.46 7 5
05 09 2025 16 50 93 29.46 7 6
05 09 2025 16 50 87 29.46 7 6
05 09 2025 16 50 89 29.46 8 6
05 09 2025 16 50 89 29.45 9 5
05 09 2025 17 51 89 29.44 6 5
05 09 2025 17 51 89 29.44 6 5
05 09 2025 17 51 86 29.45 6 5
05 09 2025 18 50 89 29.44 6 5
05 09 2025 19 49 90 29.43 7 4
05 09 2025 20 48 86 29.44 9 5
05 09 2025 20 47 90 29.44 8 5
05 09 2025 21 46 93 29.44 5 5
05 09 2025 21 46 93 29.44 5 4
05 10 2025 07 46 89 29.44 10 4
05 10 2025 08 46 93 29.45 12 4
05 10 2025 08 47 90 29.45 13 4
05 10 2025 09 47 90 29.45 9 4
05 10 2025 10 51 83 29.45 10 4
05 10 2025 10 52 80 29.46 14 2
05 10 2025 11 54 77 29.46 12 0
05 10 2025 12 59 60 29.47 18 0
05 10 2025 13 62 46 29.46 18 0
05 10 2025 14 64 35 29.47 14 0
05 10 2025 15 64 35 29.47 16 0
05 10 2025 16 64 37 29.46 16 0
05 10 2025 17 65 34 29.47 14 0
05 10 2025 18 65 34 29.48 13 0
05 10 2025 19 64 38 29.49 10 3
05 10 2025 20 59 44 29.50 6 0
05 10 2025 21 53 64 29.51 3 0
05 11 2025 07 45 63 29.73 8 0
05 11 2025 08 46 63 29.76 9 0
05 11 2025 09 48 56 29.79 8 0
05 11 2025 10 51 48 29.80 6 0
05 11 2025 11 55 42 29.80 6 0
05 11 2025 12 59 36 29.80 5 0
05 11 2025 13 60 41 29.80 9 0
05 11 2025 14 60 38 29.78 10 0
05 11 2025 15 61 36 29.78 8 0
05 11 2025 16 63 34 29.76 9 0
05 11 2025 17 63 33 29.77 8 0
05 11 2025 18 62 32 29.79 14 0
05 11 2025 19 60 36 29.78 8 0
05 11 2025 20 57 37 29.79 8 0
05 11 2025 21 51 52 29.81 5 0
05 12 2025 07 42 76 29.76 5 0
05 12 2025 08 49 66 29.76 6 0
05 12 2025 09 56 53 29.75 6 0
05 12 2025 10 62 43 29.73 3 0
05 12 2025 11 66 40 29.70 5 0
05 12 2025 12 70 39 29.68 5 0
05 12 2025 13 74 35 29.64 9 0
05 12 2025 14 77 34 29.62 5 0
05 12 2025 15 78 31 29.60 10 0
05 12 2025 16 79 30 29.58 8 0
05 12 2025 17 80 29 29.56 9 0
05 12 2025 18 79 28 29.55 8 0
05 12 2025 19 76 42 29.53 5 0
05 12 2025 20 71 45 29.53 3 0
05 12 2025 21 63 63 29.53 6 0
05 13 2025 07 57 72 29.61 6 0
05 13 2025 08 64 58 29.61 6 0
05 13 2025 09 67 57 29.61 9 0
05 13 2025 10 70 53 29.60 8 0
05 13 2025 11 73 49 29.60 7 0
05 13 2025 12 76 46 29.58 12 0
05 13 2025 13 77 43 29.56 14 0
05 13 2025 14 79 44 29.55 13 0
05 13 2025 15 78 45 29.54 13 3
05 13 2025 16 76 43 29.54 13 0
05 13 2025 17 73 55 29.55 10 4
05 13 2025 18 72 55 29.55 9 4
05 13 2025 19 69 63 29.55 6 5
05 13 2025 20 67 68 29.54 6 4
05 13 2025 21 68 59 29.53 8 3
05 14 2025 07 62 80 29.54 7 0
05 14 2025 08 63 78 29.56 13 4
05 14 2025 09 64 75 29.56 10 4
05 14 2025 10 67 68 29.55 17 4
05 14 2025 11 67 70 29.55 12 4
05 14 2025 12 68 68 29.54 12 4
05 14 2025 13 70 61 29.52 12 4
05 14 2025 14 68 65 29.51 14 4
05 14 2025 15 68 68 29.51 12 4
05 14 2025 16 68 68 29.49 16 4
05 14 2025 17 69 68 29.46 14 4
05 14 2025 18 69 68 29.46 9 3
05 14 2025 19 67 68 29.45 13 3
05 14 2025 20 65 70 29.44 13 0
05 14 2025 21 65 73 29.45 8 3
05 15 2025 07 63 87 29.38 7 4
05 15 2025 08 64 87 29.38 6 4
05 15 2025 09 65 84 29.38 6 4
05 15 2025 10 66 84 29.36 5 4
05 15 2025 11 68 78 29.36 5 4
05 15 2025 12 69 75 29.35 3 4
05 15 2025 12 70 73 29.35 3 4
05 15 2025 13 72 68 29.33 3 4
05 15 2025 14 74 64 29.30 7 3
05 15 2025 15 77 56 29.29 9 2
05 15 2025 16 79 52 29.26 8 2
05 15 2025 17 77 54 29.25 8 0
05 15 2025 18 77 60 29.25 0 10
05 15 2025 18 77 62 29.25 7 3
05 15 2025 18 77 62 29.25 9 3
05 15 2025 19 74 66 29.24 5 0
05 15 2025 20 72 71 29.25 3 0
05 15 2025 21 69 78 29.25 3 2
05 16 2025 07 63 90 29.19 8 0
05 16 2025 08 66 84 29.19 7 0
05 16 2025 09 68 81 29.19 6 0
05 16 2025 10 69 81 29.19 8 2
05 16 2025 11 72 76 29.14 10 0
05 16 2025 12 75 66 29.14 5 0
05 16 2025 13 79 56 29.12 7 0
05 16 2025 14 82 54 29.10 8 0
05 16 2025 15 82 51 29.10 14 3
05 16 2025 16 82 49 29.10 9 0
05 16 2025 17 82 49 29.09 9 2
05 16 2025 18 81 49 29.08 9 0
05 16 2025 19 77 48 29.07 14 2
05 16 2025 20 76 48 29.07 8 0
05 16 2025 21 72 55 29.08 3 0
05 17 2025 07 66 90 28.99 6 0
05 17 2025 08 68 84 28.99 7 2
05 17 2025 09 69 84 28.98 7 0
05 17 2025 10 74 66 28.95 0 0
05 17 2025 11 76 62 28.93 14 4
05 17 2025 12 75 53 28.90 6 4
05 17 2025 12 67 79 28.91 20 10
05 17 2025 13 67 81 28.91 10 10
05 17 2025 13 67 81 28.90 5 4
05 17 2025 14 73 68 28.86 6 0
05 17 2025 15 71 78 28.85 5 5
05 17 2025 15 68 90 28.86 5 10
05 17 2025 15 68 90 28.85 8 10
05 17 2025 15 68 90 28.86 15 5
05 17 2025 15 68 84 28.86 10 10
05 17 2025 16 64 88 28.92 17 7
05 17 2025 16 64 87 28.92 21 10
05 17 2025 16 63 87 28.93 20 10
05 17 2025 16 63 84 28.94 14 4
05 17 2025 17 62 86 28.96 9 6
05 17 2025 18 61 90 28.97 5 4
05 17 2025 18 61 90 28.97 5 5
05 17 2025 19 60 93 29.00 12 6
05 17 2025 19 59 90 29.01 10 5
05 17 2025 20 58 90 29.01 9 5
05 17 2025 20 57 89 29.00 8 5
05 17 2025 21 56 93 29.03 5 4
05 18 2025 07 54 93 29.00 6 5
05 18 2025 07 54 93 29.01 8 7
05 18 2025 08 54 93 29.00 9 5
05 18 2025 09 55 93 29.00 14 4
05 18 2025 09 55 93 29.00 16 5
05 18 2025 09 55 93 29.00 14 5
05 18 2025 09 55 93 29.00 15 5
05 18 2025 10 55 93 29.00 16 5
05 18 2025 10 55 93 29.01 12 5
05 18 2025 11 55 93 29.02 13 5
05 18 2025 12 55 93 29.04 22 5
05 18 2025 12 55 93 29.04 17 5
05 18 2025 13 55 93 29.04 16 4
05 18 2025 13 55 89 29.04 15 4
05 18 2025 14 54 93 29.06 17 4
05 18 2025 15 54 90 29.07 15 4
05 18 2025 16 53 93 29.09 15 10
05 18 2025 16 53 93 29.09 15 10
05 18 2025 17 53 93 29.10 16 4
05 18 2025 17 53 93 29.10 13 10
05 18 2025 18 53 89 29.11 15 10
05 18 2025 18 52 97 29.12 15 10
05 18 2025 18 52 93 29.12 13 10
05 18 2025 18 52 89 29.13 13 4
05 18 2025 19 51 92 29.14 14 4
05 18 2025 19 51 92 29.15 13 4
05 18 2025 20 50 89 29.18 14 5
05 18 2025 21 49 93 29.22 12 4
05 19 2025 07 45 86 29.36 12 4
05 19 2025 07 45 86 29.37 10 4
05 19 2025 08 46 83 29.37 12 4
05 19 2025 08 46 83 29.36 9 4
05 19 2025 08 47 71 29.37 15 4
05 19 2025 09 46 79 29.36 12 4
05 19 2025 10 48 68 29.37 13 4
05 19 2025 11 46 73 29.38 13 4
05 19 2025 12 48 68 29.39 14 4
05 19 2025 13 47 68 29.39 15 4
05 19 2025 14 49 66 29.40 13 4
05 19 2025 14 49 66 29.40 16 4
05 19 2025 15 49 64 29.41 17 4
05 19 2025 15 48 66 29.41 16 4
05 19 2025 16 47 71 29.41 16 4
05 19 2025 17 47 71 29.42 15 4
05 19 2025 18 47 71 29.44 14 4
05 19 2025 19 46 73 29.45 12 4
05 19 2025 20 45 74 29.46 10 4
05 19 2025 21 45 74 29.47 13 4
05 20 2025 07 42 79 29.52 8 4
05 20 2025 08 43 74 29.51 8 4
05 20 2025 09 45 71 29.51 7 4
05 20 2025 10 46 68 29.52 6 4
05 20 2025 11 48 62 29.52 6 4
05 20 2025 11 48 63 29.52 5 4
05 20 2025 12 49 61 29.52 7 4
05 20 2025 13 51 59 29.51 3 4
05 20 2025 14 54 57 29.51 7 4
05 20 2025 15 56 55 29.50 8 4
05 20 2025 16 57 55 29.49 12 4
05 20 2025 17 56 57 29.48 8 4
05 20 2025 18 56 57 29.49 9 4
05 20 2025 19 54 62 29.49 7 4
05 20 2025 20 53 64 29.48 6 4
05 20 2025 21 50 71 29.48 5 3
05 21 2025 07 50 80 29.43 9 4
05 21 2025 08 50 80 29.44 12 4
05 21 2025 09 51 80 29.44 9 4
05 21 2025 10 52 77 29.43 13 4
05 21 2025 10 53 77 29.43 15 4
05 21 2025 11 53 77 29.42 12 4
05 21 2025 11 55 74 29.42 13 4
05 21 2025 12 55 74 29.41 10 4
05 21 2025 13 55 72 29.40 9 4
05 21 2025 14 55 69 29.39 15 4
05 21 2025 15 54 72 29.40 16 4
05 21 2025 16 52 86 29.39 13 5
05 21 2025 17 53 80 29.38 13 4
05 21 2025 18 52 80 29.38 15 4
05 21 2025 19 51 80 29.38 16 5
05 21 2025 20 49 83 29.39 20 5
05 21 2025 21 47 83 29.39 17 4
05 22 2025 07 45 86 29.30 15 4
05 22 2025 08 45 90 29.31 17 5
05 22 2025 09 45 90 29.31 22 10
05 22 2025 10 46 86 29.31 16 5
05 22 2025 11 46 89 29.30 22 5
05 22 2025 12 47 90 29.30 15 6
05 22 2025 13 48 86 29.29 16 5
05 22 2025 14 49 86 29.28 16 5
05 22 2025 14 49 86 29.28 15 5
05 22 2025 14 49 86 29.28 13 5
05 22 2025 15 49 90 29.28 12 5
05 22 2025 15 49 90 29.27 13 4
05 22 2025 16 49 83 29.28 16 4
05 22 2025 16 49 86 29.27 14 5
05 22 2025 17 50 80 29.26 13 4
05 22 2025 18 49 86 29.27 12 5
05 22 2025 18 49 86 29.27 14 4
05 22 2025 18 49 86 29.27 14 4
05 22 2025 19 48 86 29.27 13 5
05 22 2025 20 48 86 29.28 14 4
05 22 2025 21 48 83 29.28 13 4
05 23 2025 07 44 93 29.21 9 4
05 23 2025 08 45 90 29.21 7 4
05 23 2025 09 45 93 29.22 8 5
05 23 2025 09 45 93 29.22 8 5
05 23 2025 09 45 93 29.21 10 5
05 23 2025 09 45 97 29.21 9 10
05 23 2025 10 46 96 29.21 9 5
05 23 2025 11 48 93 29.22 8 10
05 23 2025 11 48 93 29.23 6 5
05 23 2025 11 48 93 29.23 5 5
05 23 2025 12 49 93 29.22 5 5
05 23 2025 13 49 93 29.23 0 5
05 23 2025 13 49 93 29.23 0 6
05 23 2025 14 50 96 29.23 9 6
05 23 2025 14 51 89 29.23 10 5
05 23 2025 14 51 89 29.24 13 5
05 23 2025 15 50 93 29.25 13 7
05 23 2025 15 50 93 29.25 9 6
05 23 2025 15 51 89 29.25 9 5
05 23 2025 15 51 89 29.25 10 5
05 23 2025 16 50 93 29.26 12 5
05 23 2025 16 49 93 29.27 13 5
05 23 2025 16 50 89 29.27 10 5
05 23 2025 16 50 89 29.27 13 5
05 23 2025 16 50 89 29.27 12 5
05 23 2025 17 50 89 29.27 9 5
05 23 2025 18 50 89 29.28 13 5
05 23 2025 19 49 90 29.29 13 5
05 23 2025 20 48 93 29.30 10 5
05 23 2025 21 48 93 29.31 9 5
05 24 2025 07 46 93 29.35 7 5
05 24 2025 07 46 96 29.35 7 5
05 24 2025 08 47 93 29.36 8 4
05 24 2025 08 47 93 29.37 8 4
05 24 2025 09 48 93 29.38 8 5
05 24 2025 09 49 90 29.38 7 4
05 24 2025 10 49 86 29.38 7 4
05 24 2025 11 51 86 29.38 6 4
05 24 2025 12 52 80 29.38 9 5
05 24 2025 13 54 82 29.38 10 4
05 24 2025 13 53 83 29.38 10 4
05 24 2025 13 54 77 29.38 13 4
05 24 2025 14 54 75 29.39 15 4
05 24 2025 14 55 72 29.39 15 4
05 24 2025 15 54 77 29.41 12 5
05 24 2025 15 54 75 29.42 23 3
05 24 2025 16 54 77 29.42 16 3
05 24 2025 17 53 77 29.44 20 4
05 24 2025 18 53 77 29.46 17 4
05 24 2025 18 52 77 29.46 14 4
05 24 2025 19 52 77 29.47 12 4
05 24 2025 20 51 80 29.48 12 4
05 24 2025 20 50 83 29.48 13 4
05 24 2025 21 49 86 29.48 12 4
05 25 2025 07 48 89 29.56 9 4
05 25 2025 08 48 93 29.57 10 4
05 25 2025 09 48 96 29.58 7 5
05 25 2025 10 51 89 29.57 8 4
05 25 2025 10 52 86 29.56 10 4
05 25 2025 11 54 80 29.56 10 4
05 25 2025 11 54 80 29.55 8 4
05 25 2025 12 54 75 29.56 16 4
05 25 2025 12 54 77 29.57 17 5
05 25 2025 13 54 80 29.57 15 5
05 25 2025 14 59 64 29.58 14 4
05 25 2025 15 59 62 29.56 13 4
05 25 2025 16 60 60 29.55 12 4
05 25 2025 17 62 56 29.54 15 4
05 25 2025 18 58 65 29.56 9 5
05 25 2025 19 57 67 29.58 9 4
05 25 2025 20 56 67 29.59 7 4
05 25 2025 21 53 74 29.60 7 2
05 26 2025 07 47 93 29.69 0 4
05 26 2025 08 49 93 29.71 5 4
05 26 2025 09 50 89 29.72 6 4
05 26 2025 10 50 89 29.73 0 4
05 26 2025 11 53 83 29.73 3 4
05 26 2025 11 54 80 29.73 5 4
05 26 2025 12 57 74 29.73 5 0
05 26 2025 13 63 63 29.71 3 0
05 26 2025 14 66 56 29.69 9 0
05 26 2025 15 68 52 29.67 8 0
05 26 2025 16 69 49 29.66 0 10
05 26 2025 16 68 50 29.67 6 10
05 26 2025 16 64 56 29.71 14 5
05 26 2025 16 60 53 29.69 16 10
05 26 2025 17 59 60 29.69 10 10
05 26 2025 17 58 67 29.70 6 5
05 26 2025 17 59 67 29.70 3 4
05 26 2025 18 58 75 29.71 5 4
05 26 2025 19 62 72 29.71 5 2
05 26 2025 20 59 83 29.73 0 0
05 26 2025 21 53 96 29.74 0 0
05 27 2025 07 45 93 29.83 0 0
05 27 2025 08 50 89 29.83 0 0
05 27 2025 09 55 80 29.84 0 0
05 27 2025 10 60 64 29.82 0 0
05 27 2025 11 64 56 29.81 0 0
05 27 2025 12 68 50 29.79 0 0
05 27 2025 13 72 41 29.78 5 0
05 27 2025 14 74 34 29.75 5 0
05 27 2025 15 75 29 29.73 5 0
05 27 2025 16 74 30 29.72 7 0
05 27 2025 17 74 34 29.71 0 0
05 27 2025 18 74 33 29.70 0 0
05 27 2025 19 71 45 29.70 0 0
05 27 2025 20 66 59 29.70 0 0
05 27 2025 21 61 78 29.70 3 0
05 28 2025 07 51 89 29.75 3 0
05 28 2025 08 55 83 29.75 3 0
05 28 2025 09 60 75 29.74 3 0
05 28 2025 10 64 63 29.73 0 0
05 28 2025 11 68 56 29.72 0 0
05 28 2025 12 71 51 29.70 9 0
05 28 2025 13 73 48 29.68 8 0
05 28 2025 14 75 43 29.65 3 0
05 28 2025 15 74 45 29.63 0 0
05 28 2025 16 74 45 29.61 6 3
05 28 2025 17 73 44 29.60 8 3
05 28 2025 18 72 44 29.59 10 2
05 28 2025 18 71 45 29.59 9 3
05 28 2025 19 69 47 29.60 6 3
05 28 2025 20 66 56 29.61 5 4
05 28 2025 21 64 63 29.61 6 5
05 29 2025 07 56 97 29.53 3 5
05 29 2025 08 56 97 29.52 6 5
05 29 2025 08 57 93 29.53 6 6
05 29 2025 09 57 93 29.53 6 5
05 29 2025 09 57 93 29.53 6 5
05 29 2025 09 57 96 29.52 7 5
05 29 2025 09 57 96 29.52 5 5
05 29 2025 10 58 97 29.51 7 4
05 29 2025 10 59 93 29.50 6 10
05 29 2025 11 60 93 29.49 6 10
05 29 2025 11 60 90 29.49 5 4
05 29 2025 11 60 93 29.49 5 5
05 29 2025 11 59 96 29.48 3 5
05 29 2025 12 60 93 29.48 5 5
05 29 2025 12 60 93 29.47 3 5
05 29 2025 12 60 96 29.46 3 5
05 29 2025 12 61 93 29.46 5 5
05 29 2025 13 61 90 29.46 3 4
05 29 2025 13 63 82 29.45 5 4
05 29 2025 13 62 86 29.45 9 4
05 29 2025 13 61 90 29.45 6 4
05 29 2025 13 62 86 29.44 7 4
05 29 2025 13 63 84 29.44 6 4
05 29 2025 14 63 87 29.44 9 4
05 29 2025 14 63 84 29.43 8 4
05 29 2025 15 63 84 29.43 3 4
05 29 2025 16 63 82 29.40 6 4
05 29 2025 16 63 84 29.40 8 5
05 29 2025 16 62 84 29.40 6 4
05 29 2025 17 63 78 29.38 0 4
05 29 2025 18 66 70 29.36 6 3
05 29 2025 19 64 78 29.35 5 4
05 29 2025 20 63 84 29.36 0 4
05 29 2025 21 59 96 29.35 0 0
05 30 2025 07 55 96 29.21 3 3
05 30 2025 08 57 89 29.19 0 4
05 30 2025 09 61 77 29.18 7 4
05 30 2025 09 61 75 29.18 7 4
05 30 2025 09 60 78 29.17 5 4
05 30 2025 10 60 78 29.17 7 4
05 30 2025 10 61 75 29.16 5 4
05 30 2025 11 64 67 29.15 6 4
05 30 2025 11 64 67 29.14 9 4
05 30 2025 11 65 68 29.13 6 4
05 30 2025 12 65 70 29.12 3 4
05 30 2025 13 68 63 29.08 3 0
05 30 2025 14 71 49 29.05 12 0
05 30 2025 15 71 47 29.03 9 4
05 30 2025 16 73 48 29.01 9 2
05 30 2025 17 72 48 28.99 8 0
05 30 2025 18 72 49 28.97 3 0
05 30 2025 19 71 49 28.96 5 0
05 30 2025 20 71 49 28.95 0 0
05 30 2025 21 65 70 28.95 3 3
05 31 2025 07 55 96 28.79 0 5
05 31 2025 08 56 90 28.78 7 5
05 31 2025 08 56 90 28.78 7 5
05 31 2025 09 55 93 28.77 8 5
05 31 2025 09 55 93 28.77 7 5
05 31 2025 09 55 93 28.76 7 5
05 31 2025 10 54 97 28.75 9 5
05 31 2025 11 55 93 28.74 9 5
05 31 2025 12 55 93 28.75 10 4
05 31 2025 13 54 93 28.75 13 5
05 31 2025 13 54 93 28.76 13 5
05 31 2025 13 54 93 28.76 15 5
05 31 2025 13 53 93 28.77 16 5
05 31 2025 14 52 93 28.78 18 5
05 31 2025 14 50 93 28.80 18 6
05 31 2025 15 49 93 28.84 16 6
05 31 2025 15 49 90 28.84 18 5
05 31 2025 16 48 93 28.86 17 5
05 31 2025 17 47 93 28.89 15 5
05 31 2025 18 47 93 28.91 13 5
05 31 2025 19 47 93 28.93 10 5
05 31 2025 19 47 93 28.94 10 5
05 31 2025 19 47 93 28.94 10 5
05 31 2025 20 47 93 28.95 13 5
05 31 2025 21 46 93 28.95 8 4
